# Postal codes from GeoNames (geonames.org), licensed CC BY 4.0: one entry per code, named after its most populous place. Regenerated by tools\Update-PostalCodes.ps1 on 2026-09-12. Columns: code, place name, region, country, latitude, longitude.
A0A	Southeastern Avalon Peninsula (Ferryland)	Newfoundland and Labrador	Canada	47.2195	-53.1448
A0B	Western Avalon Peninsula (Argentia)	Newfoundland and Labrador	Canada	47.327	-53.6609
A0C	Bonavista Peninsula (Bonavista)	Newfoundland and Labrador	Canada	48.3843	-53.9081
A0E	Burin Peninsula (Marystown)	Newfoundland and Labrador	Canada	47.5607	-54.7801
A0G	Northeast Newfoundland (Lewisporte)	Newfoundland and Labrador	Canada	48.8657	-54.7296
A0H	Central Newfoundland (Bishops Falls)	Newfoundland and Labrador	Canada	48.4311	-56.1758
A0J	Northern Newfoundland (Springdale)	Newfoundland and Labrador	Canada	49.5067	-56.2616
A0K	Northwest Newfoundland/Eastern Labrador (Mary's Harbour)	Newfoundland and Labrador	Canada	52.7359	-57.9825
A0L	Western Newfoundland (Lark Harbour)	Newfoundland and Labrador	Canada	48.9445	-58.0645
A0M	Southwestern Newfoundland (Channel-Port aux Basques)	Newfoundland and Labrador	Canada	47.8037	-58.3869
A0N	Port au Port Peninsula region (St. George's)	Newfoundland and Labrador	Canada	48.0868	-57.8231
A0P	Central Labrador (Happy Valley-Goose Bay)	Newfoundland and Labrador	Canada	54.9549	-61.6024
A0R	North/Western Labrador (Churchill Falls)	Newfoundland and Labrador	Canada	53.54	-65.112
A1A	St. John's North	Newfoundland and Labrador	Canada	47.5986	-52.6926
A1B	St. John's Northwest Newfoundland & Labrador Provincial Government	Newfoundland and Labrador	Canada	47.5698	-52.7796
A1C	St. John's North Central	Newfoundland and Labrador	Canada	47.5124	-52.6729
A1E	St. John's Central	Newfoundland and Labrador	Canada	47.5334	-52.7595
A1G	St. John's South	Newfoundland and Labrador	Canada	47.506	-52.7603
A1H	St. John's Southwest	Newfoundland and Labrador	Canada	47.483	-52.8415
A1K	Torbay	Newfoundland and Labrador	Canada	47.6666	-52.7313
A1L	Paradise	Newfoundland and Labrador	Canada	47.5291	-52.8814
A1M	Portugal Cove-St. Philips	Newfoundland and Labrador	Canada	47.6207	-52.8318
A1N	Mount Pearl	Newfoundland and Labrador	Canada	47.5194	-52.8122
A1S	Goulds	Newfoundland and Labrador	Canada	47.4212	-52.8077
A1V	Gander	Newfoundland and Labrador	Canada	48.9682	-54.5906
A1W	Manuels	Newfoundland and Labrador	Canada	47.5096	-52.9447
A1X	Conception Bay	Newfoundland and Labrador	Canada	47.4999	-52.9981
A1Y	Carbonear	Newfoundland and Labrador	Canada	47.7113	-53.2953
A2A	Grand Falls	Newfoundland and Labrador	Canada	48.9332	-55.6649
A2B	Windsor	Newfoundland and Labrador	Canada	48.9499	-55.6649
A2H	Corner Brook	Newfoundland and Labrador	Canada	48.9156	-57.797
A2N	Stephenville	Newfoundland and Labrador	Canada	48.55	-58.5818
A2V	Labrador City	Newfoundland and Labrador	Canada	52.9517	-66.9328
A5A	Clarenville	Newfoundland and Labrador	Canada	48.1666	-53.9648
A8A	Deer Lake	Newfoundland and Labrador	Canada	49.1667	-57.4316
B0C	North Victoria County (Dingwall)	Nova Scotia	Canada	46.6482	-60.5396
B0E	West Cape Breton Island (Baddeck)	Nova Scotia	Canada	46.1133	-61.0251
B0H	Canso region (Havre Boucher)	Nova Scotia	Canada	45.3335	-61.8333
B0J	Mainland east shore (Lunenburg)	Nova Scotia	Canada	44.9419	-62.6471
B0K	Southern Northumberland Strait (Pictou)	Nova Scotia	Canada	45.6138	-62.9506
B0L	Isthmus of Chignecto (River Hébert)	Nova Scotia	Canada	45.6908	-64.3641
B0M	Cobequid Bay north shore (Springhill)	Nova Scotia	Canada	45.5354	-64.0393
B0N	Hants County (Shubenacadie)	Nova Scotia	Canada	45.0963	-63.4701
B0P	Kings County (Kingston)	Nova Scotia	Canada	45.0328	-64.6566
B0R	West Lunenburg County (New Germany)	Nova Scotia	Canada	44.6003	-64.7443
B0S	West Annapolis County (Middleton)	Nova Scotia	Canada	44.6861	-65.3002
B0T	Queens County (Shelburne)	Nova Scotia	Canada	44.0802	-65.1175
B0V	Digby Neck (Digby)	Nova Scotia	Canada	44.5342	-65.7783
B0W	Southwest Mainland (Weymouth)	Nova Scotia	Canada	44.0486	-65.7547
B1A	Glace Bay	Nova Scotia	Canada	46.197	-59.957
B1B	Port Morien	Nova Scotia	Canada	46.1174	-59.9144
B1C	Louisbourg	Nova Scotia	Canada	45.9485	-59.9737
B1E	Reserve Mines	Nova Scotia	Canada	46.1845	-60.0166
B1G	Dominion	Nova Scotia	Canada	46.2168	-60.0151
B1H	New Waterford	Nova Scotia	Canada	46.2501	-60.0817
B1J	East Bay	Nova Scotia	Canada	45.9834	-60.3652
B1K	Marion Bridge	Nova Scotia	Canada	45.9668	-60.2318
B1L	Sydney Southwest	Nova Scotia	Canada	46.0627	-60.2045
B1M	Sydney East	Nova Scotia	Canada	46.127	-60.0696
B1N	Sydney North	Nova Scotia	Canada	46.1975	-60.1559
B1P	Sydney North Central	Nova Scotia	Canada	46.1341	-60.1749
B1R	Sydney West	Nova Scotia	Canada	46.1284	-60.2915
B1S	Sydney Central	Nova Scotia	Canada	46.1109	-60.2092
B1T	Christmas Island	Nova Scotia	Canada	45.9668	-60.7152
B1V	North Sydney North	Nova Scotia	Canada	46.2437	-60.2313
B1W	Eskasoni	Nova Scotia	Canada	45.9328	-60.6438
B1X	Big Bras d'Or	Nova Scotia	Canada	46.2904	-60.47
B1Y	Alder Point	Nova Scotia	Canada	46.2538	-60.3566
B2A	North Sydney South Central	Nova Scotia	Canada	46.1169	-60.3769
B2C	Iona	Nova Scotia	Canada	45.9948	-60.8421
B2E	Loch Lomond	Nova Scotia	Canada	45.7501	-60.6152
B2G	Antigonish	Nova Scotia	Canada	45.6168	-61.9986
B2H	New Glasgow	Nova Scotia	Canada	45.5834	-62.6486
B2J	Fourchu	Nova Scotia	Canada	45.707	-60.4665
B2N	Truro	Nova Scotia	Canada	45.3668	-63.2654
B2R	Waverley	Nova Scotia	Canada	44.7599	-63.5525
B2S	Lantz	Nova Scotia	Canada	45.0209	-63.5344
B2T	Enfield	Nova Scotia	Canada	44.8749	-63.4689
B2V	Dartmouth Morris Lake	Nova Scotia	Canada	44.6529	-63.4777
B2W	Dartmouth East Central	Nova Scotia	Canada	44.6752	-63.5077
B2X	Dartmouth North Central	Nova Scotia	Canada	44.702	-63.533
B2Y	Dartmouth South Central	Nova Scotia	Canada	44.6645	-63.5453
B2Z	Dartmouth East	Nova Scotia	Canada	44.7227	-63.4223
B3A	Dartmouth Southwest	Nova Scotia	Canada	44.6819	-63.5768
B3B	Dartmouth Northwest	Nova Scotia	Canada	44.7091	-63.5869
B3E	Porters Lake	Nova Scotia	Canada	44.7722	-63.3361
B3G	Eastern Passage	Nova Scotia	Canada	44.6169	-63.482
B3H	Halifax Lower Harbour	Nova Scotia	Canada	44.6344	-63.5822
B3J	Halifax Mid-Harbour Nova Scotia Provincial Government	Nova Scotia	Canada	44.6451	-63.5762
B3K	Halifax Upper Harbour	Nova Scotia	Canada	44.662	-63.6017
B3L	Halifax Central	Nova Scotia	Canada	44.6508	-63.6146
B3M	Halifax Bedford Basin	Nova Scotia	Canada	44.6784	-63.6582
B3N	Halifax South Central	Nova Scotia	Canada	44.631	-63.6405
B3P	Halifax North West Arm	Nova Scotia	Canada	44.6139	-63.5946
B3R	Halifax South	Nova Scotia	Canada	44.5939	-63.6031
B3S	Halifax West	Nova Scotia	Canada	44.6533	-63.6675
B3T	Lakeside	Nova Scotia	Canada	44.5683	-63.7306
B3V	Harrietsfield	Nova Scotia	Canada	44.5199	-63.6064
B3Z	Tantallon	Nova Scotia	Canada	44.6386	-63.8687
B4A	Bedford Southeast	Nova Scotia	Canada	44.7232	-63.656
B4B	Bedford Northwest	Nova Scotia	Canada	44.7509	-63.7711
B4C	Lower Sackville South	Nova Scotia	Canada	44.7607	-63.637
B4E	Lower Sackville West	Nova Scotia	Canada	44.8163	-63.7387
B4G	Lower Sackville North	Nova Scotia	Canada	44.8814	-63.6798
B4H	Amherst	Nova Scotia	Canada	45.8335	-64.1987
B4N	Kentville	Nova Scotia	Canada	45.0834	-64.4988
B4P	Wolfville	Nova Scotia	Canada	45.0834	-64.3655
B4R	Coldbrook	Nova Scotia	Canada	45.0668	-64.5821
B4V	Bridgewater	Nova Scotia	Canada	44.3835	-64.5155
B5A	Yarmouth	Nova Scotia	Canada	43.8335	-66.1156
B6L	Truro	Nova Scotia	Canada	45.4093	-63.2114
B9A	Port Hawkesbury	Nova Scotia	Canada	45.6168	-61.3485
C0A	Montague	Prince Edward Island	Canada	46.1668	-62.6487
C0B	Prince County (Portage)	Prince Edward Island	Canada	46.6023	-63.9583
C1A	Charlottetown Southeast Prince Edward Island Provincial Government	Prince Edward Island	Canada	46.2716	-63.0165
C1B	Stratford	Prince Edward Island	Canada	46.2179	-63.0795
C1C	Charlottetown North	Prince Edward Island	Canada	46.2645	-63.0842
C1E	Charlottetown West	Prince Edward Island	Canada	46.3451	-63.2011
C1N	Summerside	Prince Edward Island	Canada	46.3959	-63.7876
E1A	Dieppe Moncton East	New Brunswick	Canada	46.0967	-64.7087
E1B	Riverview	New Brunswick	Canada	46.0545	-64.816
E1C	Moncton Central	New Brunswick	Canada	46.0987	-64.8036
E1E	Moncton West	New Brunswick	Canada	46.0771	-64.8529
E1G	Moncton Northwest	New Brunswick	Canada	46.1797	-64.9484
E1H	Lakeville, Shediac Bridge	New Brunswick	Canada	46.1732	-64.6957
E1J	Coverdale	New Brunswick	Canada	45.9976	-64.8483
E1N	Miramichi South	New Brunswick	Canada	46.9501	-65.3239
E1V	Miramichi North	New Brunswick	Canada	47.1942	-65.9381
E1W	Caraquet	New Brunswick	Canada	47.7941	-64.9386
E1X	Tracadie-Sheila	New Brunswick	Canada	47.5144	-64.9181
E2A	Bathurst	New Brunswick	Canada	47.6181	-65.6511
E2E	Rothesay, Quispamsis	New Brunswick	Canada	45.4137	-65.982
E2G	Quispamsis	New Brunswick	Canada	45.4534	-65.931
E2H	Saint John Northeast, Renforth	New Brunswick	Canada	45.35	-66.0101
E2J	Saint John East	New Brunswick	Canada	45.2563	-65.9432
E2K	Saint John North	New Brunswick	Canada	45.3053	-66.0808
E2L	Saint John Central	New Brunswick	Canada	45.2717	-66.0584
E2M	Saint John West	New Brunswick	Canada	45.2347	-66.1749
E2N	Saint John Lakewood	New Brunswick	Canada	45.3176	-65.9271
E2P	Saint John Red Head	New Brunswick	Canada	45.2426	-65.9847
E2R	Saint John Grandview	New Brunswick	Canada	46.0368	-66.0373
E2S	Saint John Loch Lomond	New Brunswick	Canada	45.3371	-65.8133
E2V	Oromocto	New Brunswick	Canada	45.8351	-66.4792
E3A	Fredericton North	New Brunswick	Canada	46.0401	-66.3862
E3B	Fredericton South New Brunswick Provincial Government	New Brunswick	Canada	45.8119	-66.6763
E3C	Fredericton Southwest, New Maryland	New Brunswick	Canada	45.902	-66.7057
E3E	Kingsclear	New Brunswick	Canada	45.8834	-66.9156
E3G	Fredericton	New Brunswick	Canada	46.0546	-66.7344
E3L	St. Stephen	New Brunswick	Canada	45.1804	-67.2953
E3N	Campbellton	New Brunswick	Canada	48.0075	-66.6727
E3V	Edmundston	New Brunswick	Canada	47.3737	-68.3251
E3Y	Grand Falls Northeast	New Brunswick	Canada	47.1683	-67.6207
E3Z	Grand Falls Central	New Brunswick	Canada	46.9266	-67.7466
E4A	Bathurst	New Brunswick	Canada	46.1599	-65.8102
E4B	Minto	New Brunswick	Canada	46.0848	-66.0622
E4C	Youngs Cove	New Brunswick	Canada	45.8693	-65.9006
E4E	Sussex	New Brunswick	Canada	45.7227	-65.5066
E4G	Smiths Creek	New Brunswick	Canada	45.8552	-65.4795
E4H	Hillsborough	New Brunswick	Canada	45.9199	-64.6552
E4J	Salisbury	New Brunswick	Canada	46.0391	-65.0463
E4K	Dorchester	New Brunswick	Canada	45.9016	-64.508
E4L	Sackville	New Brunswick	Canada	45.9188	-64.3845
E4M	Bayfield	New Brunswick	Canada	46.0919	-64.0173
E4N	Cap-Pelé	New Brunswick	Canada	46.2129	-64.2784
E4P	Shediac	New Brunswick	Canada	46.2198	-64.5411
E4R	Cocagne	New Brunswick	Canada	46.3324	-64.6187
E4S	Bouctouche	New Brunswick	Canada	46.4684	-64.739
E4T	Bass River	New Brunswick	Canada	46.3042	-64.972
E4V	Saint-Antoine	New Brunswick	Canada	46.3629	-64.7499
E4W	Richibucto	New Brunswick	Canada	46.6807	-64.8804
E4X	St-Louis-de-Kent	New Brunswick	Canada	46.7401	-64.9698
E4Y	Rogersville	New Brunswick	Canada	46.7345	-65.427
E4Z	Petitcodiac	New Brunswick	Canada	45.9394	-65.1802
E5A	Moores Mills	New Brunswick	Canada	45.3705	-67.1737
E5B	St. Andrews	New Brunswick	Canada	45.0845	-67.0617
E5C	St. George	New Brunswick	Canada	45.1265	-66.8314
E5E	Campobello Island	New Brunswick	Canada	44.8908	-66.9318
E5G	Grand Manan Island	New Brunswick	Canada	44.6976	-66.8065
E5H	Pennfield	New Brunswick	Canada	45.1168	-66.6822
E5J	Lepreau	New Brunswick	Canada	45.1979	-66.4308
E5K	Grand Bay-Westfield	New Brunswick	Canada	45.3407	-66.2528
E5L	Fredericton Junction	New Brunswick	Canada	45.6604	-66.6139
E5M	Gagetown	New Brunswick	Canada	45.7701	-66.1617
E5N	Hampton	New Brunswick	Canada	45.5288	-65.8535
E5P	Apohaqui	New Brunswick	Canada	45.7599	-65.6704
E5R	St. Martins	New Brunswick	Canada	45.351	-65.5457
E5S	Kingston	New Brunswick	Canada	45.4098	-66.0932
E5T	Norton	New Brunswick	Canada	45.6508	-65.7302
E5V	Deer Island	New Brunswick	Canada	44.9862	-66.9694
E6A	Boiestown	New Brunswick	Canada	46.4558	-66.4198
E6B	Stanley	New Brunswick	Canada	46.3381	-66.9058
E6C	Durham Bridge	New Brunswick	Canada	46.1168	-66.5989
E6E	Millville	New Brunswick	Canada	46.1307	-67.1962
E6G	Nackawic	New Brunswick	Canada	45.9967	-67.2403
E6H	Canterbury	New Brunswick	Canada	45.8954	-67.4678
E6J	McAdam	New Brunswick	Canada	45.5923	-67.307
E6K	Harvey	New Brunswick	Canada	45.729	-67.0064
E6L	Burtts Corner	New Brunswick	Canada	45.9881	-67.0338
E7A	Baker Brook	New Brunswick	Canada	47.3	-68.7487
E7B	Saint-Jacques	New Brunswick	Canada	47.5655	-68.3127
E7C	Saint-Basile	New Brunswick	Canada	47.6583	-68.0684
E7E	Saint-Leonard	New Brunswick	Canada	47.173	-67.9247
E7G	Plaster Rock	New Brunswick	Canada	46.9065	-67.39
E7H	Perth-Andover	New Brunswick	Canada	46.7355	-67.7039
E7J	Bath	New Brunswick	Canada	46.5807	-67.5911
E7K	Centreville	New Brunswick	Canada	46.3982	-67.7174
E7L	Florenceville	New Brunswick	Canada	46.5528	-67.305
E7M	Woodstock	New Brunswick	Canada	46.158	-67.5838
E7N	Debec	New Brunswick	Canada	46.0555	-67.5839
E7P	Hartland	New Brunswick	Canada	46.2999	-67.5167
E8A	Saint-Quentin	New Brunswick	Canada	47.5133	-67.3929
E8B	Kedgwick	New Brunswick	Canada	47.6446	-67.3434
E8C	Dalhousie	New Brunswick	Canada	48.055	-66.3847
E8E	Balmoral	New Brunswick	Canada	47.679	-66.4342
E8G	Belledune	New Brunswick	Canada	47.8023	-66.1243
E8J	Petit-Rocher	New Brunswick	Canada	47.7941	-65.8219
E8K	Beresford	New Brunswick	Canada	47.6913	-65.6989
E8L	Allardville	New Brunswick	Canada	47.475	-65.495
E8M	Saint-Isidore	New Brunswick	Canada	47.5765	-65.1379
E8N	Grande-Anse	New Brunswick	Canada	47.8078	-65.1945
E8P	Inkerman	New Brunswick	Canada	47.6672	-64.8248
E8R	Paquetville	New Brunswick	Canada	47.6383	-65.1709
E8S	Shippagan	New Brunswick	Canada	47.7287	-64.7247
E8T	Lamèque	New Brunswick	Canada	47.7936	-64.6475
E9A	Baie-Sainte-Anne	New Brunswick	Canada	47.0188	-64.92
E9B	Blackville	New Brunswick	Canada	46.7398	-65.8319
E9C	Doaktown	New Brunswick	Canada	46.557	-66.1257
E9E	Red Bank	New Brunswick	Canada	46.8486	-65.6772
E9G	Neguac	New Brunswick	Canada	47.2489	-65.0741
E9H	Brantville	New Brunswick	Canada	47.3528	-65.0538
G0A	Capitale-Nationale (Stoneham)	Quebec	Canada	47.3507	-71.202
G0B	Cap-aux-Meules	Quebec	Canada	47.4501	-72.9913
G0C	Gaspésie-Sud (New Richmond)	Quebec	Canada	48.3429	-65.5961
G0E	Gaspésie-Nord (Grande-Vallée)	Quebec	Canada	48.9182	-65.3736
G0G	Côte-Nord/Anticosti (Schefferville)	Quebec	Canada	53.0413	-68.6884
G0H	Manicouagan (Baie-Trinité)	Quebec	Canada	49.3795	-67.8948
G0J	Gaspésie-Ouest (Causapscal)	Quebec	Canada	48.5246	-67.0565
G0K	Bas-St-Laurent-Est (Sainte-Luce)	Quebec	Canada	48.159	-68.1951
G0L	Bas-St-Laurent-Ouest (Trois-Pistoles)	Quebec	Canada	47.7136	-69.1658
G0M	Région de Beauce (Saint-Prosper-De-Dorchester)	Quebec	Canada	45.9718	-70.6565
G0N	Chaudière-Sud (Disraeli)	Quebec	Canada	46.0988	-71.1248
G0P	Centre-du-Québec-Est (Saint-Valère)	Quebec	Canada	46.0119	-71.7199
G0R	Appalaches (La Pocatière)	Quebec	Canada	46.798	-70.3288
G0S	Chaudière-Nord (Saint-Joseph-De-Beauce)	Quebec	Canada	46.4526	-71.4397
G0T	Le Fjord (Forestville)	Quebec	Canada	49.0143	-69.6231
G0V	Saguenay-Lac-St-Jean (Alouette)	Quebec	Canada	50.1719	-70.6283
G0W	Région de Mistassini (Chambord)	Quebec	Canada	49.834	-72.2623
G0X	Mauricie (Parent)	Quebec	Canada	47.9168	-74.6159
G0Y	L'Erable (Nantes)	Quebec	Canada	45.6242	-71.0191
G0Z	Centre-du-Québec-Nord (Daveluyville)	Quebec	Canada	46.179	-72.1569
G1A	Quebec Provincial Government	Quebec	Canada	46.8588	-71.192
G1B	Beauport North	Quebec	Canada	46.9263	-71.2258
G1C	Beauport Central	Quebec	Canada	46.8801	-71.196
G1E	Beauport South	Quebec	Canada	46.8588	-71.192
G1G	Jean-Talon Southeast	Quebec	Canada	46.8765	-71.2839
G1H	Charlesbourg South	Quebec	Canada	46.8528	-71.2573
G1J	Quebec City Lower Riverbank	Quebec	Canada	46.838	-71.2232
G1K	Quebec City Mid-Riverbank	Quebec	Canada	46.814	-71.2194
G1L	Quebec City Northeast	Quebec	Canada	46.8304	-71.2455
G1M	Quebec City North Central	Quebec	Canada	46.8183	-71.2706
G1N	Quebec City South Central	Quebec	Canada	46.8035	-71.2639
G1P	Quebec City West	Quebec	Canada	46.8097	-71.3102
G1R	Quebec City East	Quebec	Canada	46.8074	-71.2181
G1S	Quebec City South	Quebec	Canada	46.7933	-71.2453
G1T	Quebec City Upper Riverbank	Quebec	Canada	46.7741	-71.2609
G1V	Sainte-Foy Northeast	Quebec	Canada	46.7823	-71.2882
G1W	Sainte-Foy Southeast	Quebec	Canada	46.7589	-71.298
G1X	Sainte-Foy West	Quebec	Canada	46.7749	-71.3344
G1Y	Cap-Rouge	Quebec	Canada	46.7507	-71.3562
G2A	Loretteville North	Quebec	Canada	46.8751	-71.392
G2B	Loretteville South	Quebec	Canada	46.8505	-71.3357
G2C	Quebec City Northwest	Quebec	Canada	46.8287	-71.334
G2E	L'Ancienne-Lorette Northeast	Quebec	Canada	46.8083	-71.3605
G2G	L'Ancienne-Lorette Southwest	Quebec	Canada	46.7903	-71.4157
G2J	Quebec City Inner North	Quebec	Canada	46.8399	-71.2781
G2K	Quebec City Outer North	Quebec	Canada	46.8545	-71.3044
G2L	Charlesbourg North	Quebec	Canada	46.8895	-71.2545
G2M	Jean-Talon Northeast	Quebec	Canada	46.922	-71.3056
G2N	Jean-Talon West	Quebec	Canada	46.9137	-71.3398
G3A	St-Augustin-De-Desmaures	Quebec	Canada	46.7406	-71.4513
G3B	Lac-Beauport	Quebec	Canada	46.9833	-71.2906
G3C	Stoneham-et-Tewkesbury	Quebec	Canada	47.1691	-71.4332
G3E	Saint-Émile	Quebec	Canada	46.8779	-71.3408
G3G	Lac-Saint-Charles	Quebec	Canada	46.9242	-71.3958
G3H	Pont-Rouge	Quebec	Canada	46.7547	-71.6957
G3J	Val-Bélair North	Quebec	Canada	46.8603	-71.4752
G3K	Val-Bélair South	Quebec	Canada	46.8315	-71.4429
G3L	Saint-Raymond	Quebec	Canada	47.2374	-71.8763
G3M	Donnacona	Quebec	Canada	46.6804	-71.7239
G3N	Sainte-Catherine-de-la-Jacques-Cartier	Quebec	Canada	46.8524	-71.6206
G3S	Shannon	Quebec	Canada	46.8803	-71.5146
G3Z	Baie-Saint-Paul	Quebec	Canada	47.4411	-70.4986
G4A	Clermont	Quebec	Canada	47.7184	-70.2276
G4R	Sept-Îles Southeast	Quebec	Canada	50.8558	-67.0511
G4S	Sept-Îles Northwest	Quebec	Canada	50.2713	-66.3751
G4T	Les Îles-De-La-Madeleine	Quebec	Canada	47.3999	-61.7996
G4V	Sainte-Anne-Des-Monts	Quebec	Canada	48.9711	-66.3082
G4W	Matane	Quebec	Canada	48.8286	-67.522
G4X	Gaspé	Quebec	Canada	48.8334	-64.4819
G4Z	Baie-Comeau Northeast	Quebec	Canada	51.0872	-68.632
G5A	La Malbaie	Quebec	Canada	47.6575	-70.1559
G5B	Port-Cartier	Quebec	Canada	50.0334	-66.8655
G5C	Baie-Comeau Southwest	Quebec	Canada	50.3474	-69.0411
G5H	Mont-Joli	Quebec	Canada	48.5839	-68.1921
G5J	Amqui	Quebec	Canada	48.4638	-67.4313
G5L	Rimouski Central	Quebec	Canada	48.416	-68.5979
G5M	Rimouski Northeast	Quebec	Canada	48.4966	-68.458
G5N	Rimouski Southwest	Quebec	Canada	48.3668	-68.4659
G5R	Rivière-du-Loup	Quebec	Canada	47.8304	-69.5342
G5T	Degelis	Quebec	Canada	47.5473	-68.6431
G5V	Montmagny	Quebec	Canada	46.9804	-70.5549
G5X	Beauceville	Quebec	Canada	46.2179	-70.7787
G5Y	Saint-Georges Central	Quebec	Canada	46.1326	-70.6375
G5Z	Saint-Georges Southeast	Quebec	Canada	46.0642	-70.7118
G6A	Saint-Georges Northwest	Quebec	Canada	46.1437	-70.6817
G6B	Lac-Megantic	Quebec	Canada	45.5834	-70.8823
G6C	Pintendre	Quebec	Canada	46.7701	-71.0906
G6E	Sainte-Marie	Quebec	Canada	46.434	-71.0117
G6G	Thetford Mines	Quebec	Canada	46.0937	-71.3054
G6H	Black Lake	Quebec	Canada	46.07	-71.4393
G6J	Saint-Etienne-De-Lauzon	Quebec	Canada	46.6358	-71.3098
G6K	Saint-Redempteur	Quebec	Canada	46.688	-71.3028
G6L	Plessisville	Quebec	Canada	46.2186	-71.762
G6P	Victoriaville Central	Quebec	Canada	46.0529	-71.9477
G6R	Victoriaville South	Quebec	Canada	46.016	-71.9561
G6S	Victoriaville East	Quebec	Canada	46.0264	-71.8719
G6T	Victoriaville Northwest	Quebec	Canada	46.0828	-71.9728
G6V	Lévis North	Quebec	Canada	46.8033	-71.1779
G6W	Lévis South	Quebec	Canada	46.7546	-71.22
G6X	Charny	Quebec	Canada	46.7151	-71.2612
G6Y	Lévis	Quebec	Canada	46.8033	-71.1779
G6Z	Saint-Jean-Chrysostome	Quebec	Canada	46.6901	-71.1849
G7A	Saint-Nicolas	Quebec	Canada	46.6842	-71.3827
G7B	La Baie	Quebec	Canada	48.3398	-70.8893
G7G	Chicoutimi North	Quebec	Canada	48.445	-71.1025
G7H	Chicoutimi East	Quebec	Canada	48.4187	-71.0417
G7J	Chicoutimi West	Quebec	Canada	48.4175	-71.1031
G7K	Chicoutimi Southwest	Quebec	Canada	48.3689	-71.1175
G7N	Laterrière	Quebec	Canada	48.2007	-71.1426
G7P	Saint-Ambroise	Quebec	Canada	48.5501	-71.3158
G7S	Jonquière Northeast	Quebec	Canada	48.4294	-71.1774
G7T	Jonquière Southeast	Quebec	Canada	48.3975	-71.1527
G7X	Jonquière Central	Quebec	Canada	48.3199	-71.4149
G7Y	Jonquière Southwest	Quebec	Canada	48.3701	-71.2358
G7Z	Jonquière Northwest	Quebec	Canada	48.4381	-71.2642
G8A	Jonquière West	Quebec	Canada	48.4233	-71.3629
G8B	Alma Southeast	Quebec	Canada	48.5548	-71.673
G8C	Alma Southwest	Quebec	Canada	48.5278	-71.6364
G8E	Alma North	Quebec	Canada	48.6377	-71.6957
G8G	Métabetchouan-Lac-a-la-Croix	Quebec	Canada	47.8076	-71.5907
G8H	Roberval	Quebec	Canada	48.5168	-72.2324
G8J	Saint-Prime	Quebec	Canada	48.5834	-72.3324
G8K	Saint-Félicien	Quebec	Canada	48.6501	-72.4491
G8L	Dolbeau-Mistassini	Quebec	Canada	48.8763	-72.212
G8M	Albanel	Quebec	Canada	48.8832	-72.4487
G8N	Hébertville	Quebec	Canada	48.3473	-71.6786
G8P	Chibougamau	Quebec	Canada	49.9168	-74.3659
G8T	Cap-de-la-Madeleine Central and southeast	Quebec	Canada	46.3877	-72.5357
G8V	Cap-de-la-Madeleine Northeast	Quebec	Canada	46.4098	-72.4908
G8W	Cap-de-la-Madeleine West	Quebec	Canada	46.4176	-72.6372
G8Y	Trois-Rivières Central	Quebec	Canada	46.3668	-72.6168
G8Z	Trois-Rivières Northeast	Quebec	Canada	46.3458	-72.5716
G9A	Trois-Rivières East	Quebec	Canada	46.3695	-72.6789
G9B	Trois-Rivières South	Quebec	Canada	46.316	-72.6833
G9C	Trois-Rivières West	Quebec	Canada	46.3922	-72.6725
G9H	Becancour	Quebec	Canada	46.3334	-72.4324
G9N	Shawinigan Central	Quebec	Canada	46.5564	-72.7198
G9P	Shawinigan Southeast	Quebec	Canada	46.5068	-72.7436
G9R	Shawinigan Northwest	Quebec	Canada	46.6098	-72.8266
G9T	Grand-Mère	Quebec	Canada	46.6315	-72.737
G9X	La Tuque	Quebec	Canada	47.4334	-72.7824
H0H	Reserved (Santa Claus)	Quebec	Canada	90	0
H0M	Akwesasne Region (Akwesasne)	Quebec	Canada	45.6986	-73.5025
H1A	Pointe-Aux-Trembles	Quebec	Canada	45.6753	-73.5016
H1B	Montreal East	Quebec	Canada	45.632	-73.5075
H1C	Rivière-des-Prairies Northeast	Quebec	Canada	45.6656	-73.5367
H1E	Rivière-Des-Prairies Southwest	Quebec	Canada	45.6342	-73.5842
H1G	Montreal North North	Quebec	Canada	45.6109	-73.6211
H1H	Montreal North South	Quebec	Canada	45.5899	-73.6389
H1J	Anjou West	Quebec	Canada	45.6097	-73.5794
H1K	Anjou East	Quebec	Canada	45.6097	-73.5472
H1L	Mercier North	Quebec	Canada	45.6043	-73.5178
H1M	Mercier West	Quebec	Canada	45.5883	-73.5572
H1N	Mercier Southeast	Quebec	Canada	45.5779	-73.5304
H1P	Saint-Léonard North	Quebec	Canada	45.5966	-73.5928
H1R	Saint-Léonard West	Quebec	Canada	45.5864	-73.6082
H1S	Saint-Léonard Southeast	Quebec	Canada	45.5808	-73.5825
H1T	Rosemont North	Quebec	Canada	45.573	-73.5701
H1V	Maisonneuve	Quebec	Canada	45.5585	-73.5386
H1W	Hochelaga	Quebec	Canada	45.5442	-73.5468
H1X	Rosemont Central	Quebec	Canada	45.5583	-73.5701
H1Y	Rosemont South	Quebec	Canada	45.5486	-73.5788
H1Z	Saint-Michel West	Quebec	Canada	45.5694	-73.6221
H2A	Saint-Michel East	Quebec	Canada	45.5618	-73.599
H2B	Ahuntsic North	Quebec	Canada	45.5741	-73.6507
H2C	Ahuntsic Central	Quebec	Canada	45.5606	-73.6584
H2E	Villeray Northeast	Quebec	Canada	45.5514	-73.6116
H2G	Petite-Patrie Northeast	Quebec	Canada	45.5438	-73.5927
H2H	Plateau Mont-Royal North	Quebec	Canada	45.5374	-73.5735
H2J	Plateau Mont-Royal North Central	Quebec	Canada	45.5302	-73.5831
H2K	Centre-Sud North	Quebec	Canada	45.5307	-73.5547
H2L	Centre-Sud South	Quebec	Canada	45.5186	-73.5545
H2M	Ahuntsic East	Quebec	Canada	45.5528	-73.6411
H2N	Ahuntsic Southeast	Quebec	Canada	45.5394	-73.6513
H2P	Villeray West	Quebec	Canada	45.5435	-73.6339
H2R	Villeray Southeast	Quebec	Canada	45.5401	-73.6225
H2S	Petite-Patrie Southwest	Quebec	Canada	45.5354	-73.6061
H2T	Plateau Mont-Royal West	Quebec	Canada	45.5247	-73.5953
H2V	Outremont	Quebec	Canada	45.5168	-73.6072
H2W	Plateau Mont-Royal South Central	Quebec	Canada	45.5176	-73.5804
H2X	Plateau Mont-Royal Southeast	Quebec	Canada	45.5115	-73.5683
H2Y	Old Montreal	Quebec	Canada	45.5057	-73.555
H2Z	Downtown Montreal Northeast	Quebec	Canada	45.5052	-73.5622
H3A	Downtown Montreal North	Quebec	Canada	45.504	-73.5747
H3B	Downtown Montreal East	Quebec	Canada	45.5005	-73.5684
H3C	Griffintown (Includes Île Notre-Dame & Île Sainte-Hélène)	Quebec	Canada	45.498	-73.5472
H3E	L'Île-Des-Soeurs	Quebec	Canada	45.4594	-73.5501
H3G	Downtown Montreal Southeast	Quebec	Canada	45.4987	-73.5793
H3H	Downtown Montreal South & West	Quebec	Canada	45.5009	-73.5877
H3J	Petite-Bourgogne	Quebec	Canada	45.4861	-73.5732
H3K	Pointe-Saint-Charles	Quebec	Canada	45.4805	-73.5554
H3L	Ahuntsic Southwest	Quebec	Canada	45.5467	-73.6718
H3M	Cartierville Northeast	Quebec	Canada	45.5383	-73.6932
H3N	Parc-Extension	Quebec	Canada	45.5302	-73.6327
H3P	Mount Royal North	Quebec	Canada	45.5217	-73.6393
H3R	Mount Royal Central	Quebec	Canada	45.5101	-73.6478
H3S	Côte-des-Neiges North	Quebec	Canada	45.5063	-73.6297
H3T	Côte-des-Neiges Northeast	Quebec	Canada	45.5018	-73.6191
H3V	Côte-des-Neiges East	Quebec	Canada	45.499	-73.6089
H3W	Côte-des-Neiges Southwest	Quebec	Canada	45.4897	-73.6312
H3X	Hampstead	Quebec	Canada	45.4819	-73.6421
H3Y	Westmount West	Quebec	Canada	45.4876	-73.6045
H3Z	Westmount East	Quebec	Canada	45.4825	-73.5933
H4A	Notre-Dame-de-Grâce Northeast	Quebec	Canada	45.4717	-73.6149
H4B	Notre-Dame-de-Grâce Southwest	Quebec	Canada	45.4604	-73.6303
H4C	Saint-Henri	Quebec	Canada	45.4737	-73.5882
H4E	Ville Émard	Quebec	Canada	45.4546	-73.5985
H4G	Verdun North	Quebec	Canada	45.4643	-73.5698
H4H	Verdun South	Quebec	Canada	45.4459	-73.5815
H4J	Cartierville Central	Quebec	Canada	45.5313	-73.7091
H4K	Cartierville Southwest	Quebec	Canada	45.5171	-73.7363
H4L	Saint-Laurent Inner Northeast	Quebec	Canada	45.517	-73.6831
H4M	Saint-Laurent East	Quebec	Canada	45.4979	-73.6886
H4N	Saint-Laurent Outer Northeast	Quebec	Canada	45.5263	-73.6649
H4P	Mount Royal South	Quebec	Canada	45.4964	-73.6647
H4R	Saint-Laurent Central	Quebec	Canada	45.5049	-73.7142
H4S	Saint-Laurent Southwest	Quebec	Canada	45.4858	-73.7433
H4T	Saint-Laurent Southeast	Quebec	Canada	45.4752	-73.6961
H4V	Côte-Saint-Luc East	Quebec	Canada	45.4671	-73.6487
H4W	Côte-Saint-Luc West	Quebec	Canada	45.47	-73.6686
H4X	Montreal West	Quebec	Canada	45.4529	-73.6492
H4Y	Dorval Central	Quebec	Canada	45.8654	-72.7614
H4Z	Tour de la Bourse	Quebec	Canada	45.5061	-73.5573
H5A	Place Bonaventure	Quebec	Canada	45.4992	-73.5646
H5B	Place Desjardins	Quebec	Canada	45.5066	-73.5623
H7A	Duvernay-Est	Quebec	Canada	45.6739	-73.5924
H7B	Saint-Franþois	Quebec	Canada	45.6757	-73.6388
H7C	Saint-Vincent-de-Paul	Quebec	Canada	45.6168	-73.6492
H7E	Duvernay	Quebec	Canada	45.6225	-73.6949
H7G	Pont-Viau	Quebec	Canada	45.5771	-73.6873
H7H	Auteuil West	Quebec	Canada	45.6409	-73.7542
H7J	Auteuil Northeast	Quebec	Canada	45.6625	-73.7002
H7K	Auteuil South	Quebec	Canada	45.6213	-73.7398
H7L	Sainte-Rose	Quebec	Canada	45.6168	-73.7825
H7M	Vimont	Quebec	Canada	45.5984	-73.7159
H7N	Laval-des-Rapides	Quebec	Canada	45.5501	-73.6992
H7P	Fabreville	Quebec	Canada	45.578	-73.8004
H7R	Laval-sur-le-Lac	Quebec	Canada	45.5526	-73.8507
H7S	Chomedey Northeast	Quebec	Canada	45.5793	-73.7367
H7T	Chomedey Northwest	Quebec	Canada	45.5573	-73.7725
H7V	Chomedey East	Quebec	Canada	45.5478	-73.7368
H7W	Chomedey South	Quebec	Canada	45.5338	-73.7652
H7X	Sainte-Dorothée	Quebec	Canada	45.5334	-73.8159
H7Y	Îles-Laval	Quebec	Canada	45.5284	-73.8509
H8N	LaSalle Northwest	Quebec	Canada	45.438	-73.6215
H8P	LaSalle Southeast	Quebec	Canada	45.4011	-73.619
H8R	Saint-Pierre	Quebec	Canada	45.3994	-73.6506
H8S	Lachine East	Quebec	Canada	45.4402	-73.6747
H8T	Lachine West	Quebec	Canada	45.4419	-73.7057
H8Y	Roxboro	Quebec	Canada	45.5084	-73.8075
H8Z	Pierrefonds	Quebec	Canada	45.5069	-73.8407
H9A	Dollard-Des-Ormeaux Northwest	Quebec	Canada	45.4948	-73.8317
H9B	Dollard-Des-Ormeaux East	Quebec	Canada	45.4897	-73.7958
H9C	L'Île Bizard Northeast	Quebec	Canada	45.5055	-73.8789
H9E	L'Île-Bizard Southwest	Quebec	Canada	45.4865	-73.9092
H9G	Dollard-Des-Ormeaux Southwest	Quebec	Canada	45.4756	-73.8367
H9H	Sainte-Geneviève	Quebec	Canada	45.4683	-73.8565
H9J	Kirkland	Quebec	Canada	45.4501	-73.8659
H9K	Senneville	Quebec	Canada	45.4577	-73.9162
H9P	Dorval Outskirts	Quebec	Canada	45.4679	-73.7748
H9R	Pointe-Claire	Quebec	Canada	45.4487	-73.8167
H9S	L'Île-Dorval	Quebec	Canada	45.4414	-73.7749
H9W	Beaconsfield	Quebec	Canada	45.4334	-73.8659
H9X	Sainte-Anne-De-Bellevue	Quebec	Canada	45.4062	-73.9456
J0A	Centre-du-Québec-Sud (Warwick)	Quebec	Canada	45.8382	-71.9542
J0B	Estrie-Est (Stanstead)	Quebec	Canada	45.1001	-72.0491
J0C	Centre-du-Québec-Ouest (Saint-Bonaventure)	Quebec	Canada	45.8567	-72.6966
J0E	Estrie-Ouest (Fulford)	Quebec	Canada	45.2831	-72.5244
J0G	Bois-Francs-Nord (Odanak)	Quebec	Canada	46.021	-72.8239
J0H	Bois-Francs-Sud (Saint-Nazaire-D'Acton)	Quebec	Canada	45.6609	-72.77
J0J	Montérégie-Est (Bedford)	Quebec	Canada	45.1529	-73.1636
J0K	Lanaudière-Nord (Saint-Esprit)	Quebec	Canada	46.7966	-73.8705
J0L	Montérégie-Nord (Saint-Antoine-Sur-Richelieu)	Quebec	Canada	45.1956	-73.5695
J0M	Nunavik (Kuujjuaq)	Quebec	Canada	58.3269	-72.1637
J0N	Région d'Oka (Oka)	Quebec	Canada	45.5135	-74.0534
J0P	Vaudreuil-Soulanges (Coteau-du-Lac)	Quebec	Canada	45.3655	-74.312
J0R	Lanaudière-Sud (Prévost)	Quebec	Canada	45.866	-74.1785
J0S	Montérégie-Ouest (Saint-Anicet)	Quebec	Canada	45.1082	-74.0451
J0T	Laurentides-Nord (Montcalm)	Quebec	Canada	46.3002	-74.5855
J0V	Laurentides-Sud (Chénéville)	Quebec	Canada	45.8265	-74.9318
J0W	Outaouais-Nord (Ferme-Neuve)	Quebec	Canada	47.0921	-75.7967
J0X	Outaouais-Sud (Thurso)	Quebec	Canada	46.307	-76.7653
J0Y	Abitibi-Témiscamingue-Est (Radisson)	Quebec	Canada	52.1046	-75.2807
J0Z	Abitibi-Témiscamingue-Ouest (Guigues)	Quebec	Canada	47.8626	-78.824
J1A	Coaticook	Quebec	Canada	45.1334	-71.7991
J1C	Bromptonville	Quebec	Canada	45.4797	-71.9492
J1E	Sherbrooke Northeast	Quebec	Canada	45.4231	-71.8723
J1G	Sherbrooke East	Quebec	Canada	45.4024	-71.8479
J1H	Sherbrooke Central	Quebec	Canada	45.3891	-71.8986
J1J	Sherbrooke North	Quebec	Canada	45.4131	-71.9238
J1K	Sherbrooke West	Quebec	Canada	45.3822	-71.9327
J1L	Sherbrooke Northwest	Quebec	Canada	45.4113	-71.9586
J1M	Sherbrooke Southeast	Quebec	Canada	45.3656	-71.842
J1N	Rock Forest	Quebec	Canada	45.3395	-72.0128
J1R	Saint-Élie-d'Orford	Quebec	Canada	45.3966	-72.0422
J1S	Windsor	Quebec	Canada	45.5668	-71.9991
J1T	Asbestos	Quebec	Canada	45.7668	-71.9324
J1X	Magog	Quebec	Canada	45.2668	-72.1491
J1Z	Saint-Cyrille-De-Wendover	Quebec	Canada	45.9334	-72.4324
J2A	Drummondville Southeast	Quebec	Canada	45.8152	-72.4027
J2B	Drummondville South	Quebec	Canada	45.9061	-72.5929
J2C	Drummondville Central	Quebec	Canada	45.8893	-72.5055
J2E	Drummondville Northwest	Quebec	Canada	45.9099	-72.5289
J2G	Granby Central	Quebec	Canada	45.4046	-72.7202
J2H	Granby East	Quebec	Canada	45.3938	-72.7005
J2J	Granby West	Quebec	Canada	45.4005	-72.7825
J2K	Cowansville	Quebec	Canada	45.2001	-72.7491
J2L	Bromont	Quebec	Canada	45.3168	-72.6491
J2M	Shefford	Quebec	Canada	45.3501	-72.5658
J2N	Farnham	Quebec	Canada	45.2834	-72.9824
J2R	Saint-Hyacinthe Northwest	Quebec	Canada	45.6567	-72.9237
J2S	Saint-Hyacinthe Southwest	Quebec	Canada	45.6139	-72.9912
J2T	Saint-Hyacinthe East	Quebec	Canada	45.5971	-72.9366
J2W	Saint-Luc	Quebec	Canada	45.3694	-73.3137
J2X	Saint-Jean-sur-Richelieu East	Quebec	Canada	45.309	-73.219
J2Y	Saint-Jean-sur-Richelieu West	Quebec	Canada	45.3114	-73.3556
J3A	Saint-Jean-sur-Richelieu North	Quebec	Canada	45.3339	-73.2744
J3B	Saint-Jean-sur-Richelieu Central	Quebec	Canada	45.2832	-73.2792
J3E	Sainte-Julie	Quebec	Canada	45.5834	-73.3325
J3G	Beloeil West	Quebec	Canada	45.5946	-73.2283
J3H	Beloeil East	Quebec	Canada	45.5527	-73.1755
J3L	Chambly	Quebec	Canada	45.4501	-73.2825
J3M	Marieville	Quebec	Canada	45.4334	-73.1659
J3N	Saint-Basile-Le-Grand	Quebec	Canada	45.5334	-73.2825
J3P	Sorel Central	Quebec	Canada	46.0365	-73.0665
J3R	Sorel Southwest	Quebec	Canada	46.0206	-73.1439
J3T	Nicolet	Quebec	Canada	46.2168	-72.6158
J3V	Saint-Bruno	Quebec	Canada	45.532	-73.3437
J3X	Varennes	Quebec	Canada	45.6834	-73.4325
J3Y	Saint-Hubert Central	Quebec	Canada	45.4906	-73.3991
J3Z	Saint-Hubert East	Quebec	Canada	45.4981	-73.4012
J4B	Boucherville	Quebec	Canada	45.591	-73.4361
J4G	Longueuil North	Quebec	Canada	45.5679	-73.4761
J4H	Longueuil West	Quebec	Canada	45.5372	-73.5056
J4J	Longueuil Central	Quebec	Canada	45.5362	-73.4721
J4K	Longueuil Southwest	Quebec	Canada	45.5183	-73.5023
J4L	Longueuil Southeast	Quebec	Canada	45.5181	-73.4576
J4M	Longueuil East	Quebec	Canada	45.5418	-73.4382
J4N	Longueuil Northeast	Quebec	Canada	45.5523	-73.4558
J4P	Saint-Lambert North	Quebec	Canada	45.5073	-73.5082
J4R	Saint-Lambert Central	Quebec	Canada	45.4924	-73.5009
J4S	Saint-Lambert South	Quebec	Canada	45.481	-73.497
J4T	Saint-Hubert West	Quebec	Canada	45.4973	-73.4676
J4V	Greenfield Park	Quebec	Canada	45.4865	-73.4622
J4W	Brossard Northwest	Quebec	Canada	45.4674	-73.4832
J4X	Brossard Southwest	Quebec	Canada	45.4455	-73.4841
J4Y	Brossard South	Quebec	Canada	45.4414	-73.4561
J4Z	Brossard Northeast	Quebec	Canada	45.4424	-73.4231
J5A	Saint-Constant	Quebec	Canada	45.3668	-73.5659
J5B	Delson	Quebec	Canada	45.3668	-73.5492
J5C	Sainte-Catherine	Quebec	Canada	45.4001	-73.5825
J5J	Saint-Sophie	Quebec	Canada	45.8306	-73.9191
J5K	Saint-Colomban	Quebec	Canada	45.7334	-74.1325
J5L	Saint-Jérôme West	Quebec	Canada	45.7987	-74.0727
J5M	Saint-Lin-Laurentides	Quebec	Canada	45.8501	-73.7659
J5R	La Prairie	Quebec	Canada	45.4168	-73.4992
J5T	Lavaltrie	Quebec	Canada	45.8834	-73.2825
J5V	Louiseville	Quebec	Canada	46.2559	-72.9415
J5W	L'Assomption	Quebec	Canada	45.8232	-73.4294
J5X	L'Épiphanie	Quebec	Canada	45.8501	-73.4825
J5Y	Repentigny Northeast	Quebec	Canada	45.7774	-73.4252
J5Z	Repentigny West	Quebec	Canada	45.7643	-73.5036
J6A	Repentigny South	Quebec	Canada	45.7395	-73.4588
J6E	Joliette	Quebec	Canada	46.0168	-73.4492
J6J	Châteauguay North	Quebec	Canada	45.3691	-73.7216
J6K	Châteauguay South	Quebec	Canada	45.3526	-73.7305
J6N	Beauharnois	Quebec	Canada	45.3168	-73.8659
J6R	Mercier	Quebec	Canada	45.3168	-73.7492
J6S	Salaberry-de-Valleyfield North	Quebec	Canada	45.2702	-74.0482
J6T	Salaberry-de-Valleyfield South	Quebec	Canada	45.2409	-74.1098
J6V	Terrebonne East	Quebec	Canada	45.714	-73.5357
J6W	Terrebonne Central	Quebec	Canada	45.7064	-73.6178
J6X	Terrebonne Northwest	Quebec	Canada	45.7275	-73.7062
J6Y	Terrebonne Southwest	Quebec	Canada	45.7	-73.752
J6Z	Sainte-Thérèse-de-Blainville Northeast	Quebec	Canada	45.6694	-73.7752
J7A	Sainte-Thérèse-de-Blainville East	Quebec	Canada	45.6383	-73.7975
J7B	Sainte-Thérèse-de-Blainville North	Quebec	Canada	45.6602	-73.8157
J7C	Sainte-Thérèse-de-Blainville Northwest	Quebec	Canada	45.689	-73.8671
J7E	Sainte-Thérèse-de-Blainville Central	Quebec	Canada	45.6442	-73.8448
J7G	Sainte-Thérèse-de-Blainville South	Quebec	Canada	45.6095	-73.8378
J7H	Sainte-Thérèse-de-Blainville Southwest	Quebec	Canada	45.6209	-73.8728
J7J	Mirabel Northeast	Quebec	Canada	45.7045	-73.9472
J7K	Mascouche Extremities	Quebec	Canada	45.77	-73.6049
J7L	Mascouche Central	Quebec	Canada	45.7424	-73.6509
J7M	La Plaine	Quebec	Canada	45.7888	-73.7442
J7N	Mirabel Southwest	Quebec	Canada	45.6345	-74.1005
J7P	Saint-Eustache Northeast	Quebec	Canada	45.5779	-73.8809
J7R	Saint-Eustache Southwest	Quebec	Canada	45.574	-73.94
J7T	Vaudreuil-Dorion RCM	Quebec	Canada	45.3702	-74.1249
J7V	Vaudreuil-Dorion	Quebec	Canada	45.4001	-74.0325
J7W	Pincourt	Quebec	Canada	45.3665	-73.9736
J7X	Valleyfield	Quebec	Canada	45.2691	-74.2339
J7Y	Saint-Jérôme North	Quebec	Canada	45.8058	-74.0165
J7Z	Saint-Jérôme Southeast	Quebec	Canada	45.7788	-73.9829
J8A	Saint-Hippolyte	Quebec	Canada	45.9334	-74.0159
J8B	Sainte-Adèle	Quebec	Canada	45.9501	-74.1325
J8C	Sainte-Agathe-Des-Monts	Quebec	Canada	46.0501	-74.2825
J8E	Mont-Tremblant	Quebec	Canada	46.1949	-74.6264
J8G	Chatham	Quebec	Canada	45.6834	-74.4159
J8H	Lachute	Quebec	Canada	45.6501	-74.3325
J8L	Buckingham	Quebec	Canada	45.5856	-75.4208
J8M	Masson-Angers	Quebec	Canada	45.5435	-75.4274
J8N	Val-des-Monts	Quebec	Canada	45.6501	-75.666
J8P	Gatineau Southeast	Quebec	Canada	45.4869	-75.6157
J8R	Gatineau Northeast	Quebec	Canada	45.5287	-75.6088
J8T	Gatineau Southwest	Quebec	Canada	45.4776	-75.7059
J8V	Gatineau Northwest	Quebec	Canada	45.5711	-75.7615
J8X	Hull Southeast	Quebec	Canada	45.44	-75.7119
J8Y	Hull Central	Quebec	Canada	45.448	-75.7434
J8Z	Hull North	Quebec	Canada	45.4716	-75.7616
J9A	Hull Southwest	Quebec	Canada	45.4279	-75.7711
J9B	Chelsea	Quebec	Canada	45.5001	-75.7827
J9E	Maniwaki	Quebec	Canada	46.3834	-75.966
J9H	Aylmer South	Quebec	Canada	45.3932	-75.8288
J9J	Aylmer North	Quebec	Canada	45.4394	-75.8465
J9L	Mont-Laurier	Quebec	Canada	46.5501	-75.4993
J9P	Val-d'Or	Quebec	Canada	48.1002	-77.7828
J9T	Amos	Quebec	Canada	48.5669	-78.1162
J9V	Ville-Marie	Quebec	Canada	47.3334	-79.433
J9X	Rouyn-Noranda South	Quebec	Canada	48.2855	-78.8234
J9Y	Rouyn-Noranda North	Quebec	Canada	48.1607	-79.0714
J9Z	La Sarre	Quebec	Canada	48.8002	-79.1996
K0A	National Capital Region (Almonte)	Ontario	Canada	45.2557	-76.2754
K0B	Prescott and Russell United Counties (Alfred)	Ontario	Canada	45.5029	-74.7479
K0C	Stormont, Dundas and Glengarry United Counties (Alexandria)	Ontario	Canada	45.1686	-74.8966
K0E	South Leeds and Grenville United Counties (Prescott)	Ontario	Canada	44.8734	-75.4416
K0G	Rideau Lakes area (Kemptville)	Ontario	Canada	45.0466	-76.4757
K0H	Frontenac County, Addington County, Loyalist Shores and Southwest Leeds (Inverary)	Ontario	Canada	44.7208	-76.8334
K0J	Renfrew County and Lanark Highlands Township (Deep River)	Ontario	Canada	45.6606	-77.5886
K0K	Quinte Shores, East Northumberland County & Prince Edward County (Picton)	Ontario	Canada	44.3261	-77.4318
K0L	Peterborough County and North Hastings County (Lakefield)	Ontario	Canada	44.7767	-77.9687
K0M	Kawartha lakes and Haliburton County (Bobcaygeon)	Ontario	Canada	44.8645	-78.6553
K1A	Government of Canada Ottawa and Gatineau offices	Ontario	Canada	45.4207	-75.7023
K1B	Gloucester (Blackburn Hamlet / Pine View)	Ontario	Canada	45.4284	-75.5875
K1C	Gloucester (West Orleans)	Ontario	Canada	45.4677	-75.5399
K1E	Orleans (Queenswood)	Ontario	Canada	45.4771	-75.5046
K1G	Ottawa (Riverview / Hawthorne)	Ontario	Canada	45.3548	-75.5773
K1H	Ottawa (Alta Vista)	Ontario	Canada	45.3876	-75.6593
K1J	Gloucester (Beacon Hill / Cyrville)	Ontario	Canada	45.4519	-75.6036
K1K	Ottawa (Overbrook)	Ontario	Canada	45.4448	-75.6431
K1L	Ottawa (Vanier)	Ontario	Canada	45.44	-75.663
K1M	Ottawa (Rockcliffe Park / New Edinburgh)	Ontario	Canada	45.4491	-75.6818
K1N	Ottawa (Lower Town / Sandy Hill / University of Ottawa)	Ontario	Canada	45.4289	-75.6844
K1P	Ottawa (Parliament Hill)	Ontario	Canada	45.4225	-75.7026
K1R	Ottawa (West Downtown area)	Ontario	Canada	45.4123	-75.7108
K1S	Ottawa (The Glebe / Ottawa South / Ottawa East)	Ontario	Canada	45.399	-75.6871
K1T	Gloucester (Blossom Park / Hunt Club East / Leitrim)	Ontario	Canada	45.3295	-75.6156
K1V	Ottawa (Riverside Park / Hunt Club West / Riverside South / YOW)	Ontario	Canada	45.3281	-75.6719
K1W	Gloucester (South Orleans)	Ontario	Canada	45.4365	-75.5158
K1X	Gloucester South	Ontario	Canada	45.2756	-75.6283
K1Y	Ottawa West	Ontario	Canada	45.4023	-75.7329
K1Z	Ottawa (Westboro)	Ontario	Canada	45.3867	-75.7405
K2A	Ottawa (Highland Park / Carlingwood)	Ontario	Canada	45.3805	-75.7636
K2B	Ottawa (Britannia / Pinecrest)	Ontario	Canada	45.3645	-75.7934
K2C	Ottawa (Queensway / Copeland / Carlington / Carleton Heights)	Ontario	Canada	45.3679	-75.7381
K2E	Nepean East	Ontario	Canada	45.3438	-75.7157
K2G	Nepean (Davidson Heights)	Ontario	Canada	45.3211	-75.7391
K2H	Nepean (Bells Corners)	Ontario	Canada	45.3433	-75.8265
K2J	Nepean (Barrhaven)	Ontario	Canada	45.2691	-75.7518
K2K	Kanata (Beaverbrook / South March)	Ontario	Canada	45.3704	-75.9198
K2L	Kanata (Katimavik-Hazeldean / Glen Cairn)	Ontario	Canada	45.3001	-75.9244
K2M	Kanata (Bridlewood)	Ontario	Canada	45.2861	-75.8562
K2P	Ottawa (Centre Town)	Ontario	Canada	45.4166	-75.6904
K2R	Nepean (Fallowfield Village / Cedarhill Estates / Orchard Estates)	Ontario	Canada	45.2899	-75.8126
K2S	Stittsville	Ontario	Canada	45.2501	-75.9161
K2T	Kanata (Marchwood)	Ontario	Canada	45.317	-75.9367
K2V	Kanata (Terry Fox / Palladium)	Ontario	Canada	45.2854	-75.8928
K2W	Kanata (North March)	Ontario	Canada	45.3699	-75.9887
K4A	Orleans (Fallingbrook)	Ontario	Canada	45.4697	-75.4715
K4B	Cumberland Township	Ontario	Canada	45.4101	-75.3638
K4C	Cumberland	Ontario	Canada	45.498	-75.3916
K4K	Rockland	Ontario	Canada	45.5501	-75.291
K4M	Manotick	Ontario	Canada	45.2154	-75.6528
K4P	Greely	Ontario	Canada	45.2434	-75.5674
K4R	Russell	Ontario	Canada	45.2388	-75.3527
K6A	Hawkesbury	Ontario	Canada	45.6001	-74.616
K6H	Cornwall East	Ontario	Canada	45.0565	-74.6852
K6J	Cornwall West	Ontario	Canada	45.0223	-74.7569
K6K	Cornwall North	Ontario	Canada	45.061	-74.7774
K6T	Elizabethtown	Ontario	Canada	44.6301	-75.7448
K6V	Brockville	Ontario	Canada	44.6573	-75.7146
K7A	Smiths Falls	Ontario	Canada	44.9001	-76.0161
K7C	Carleton Place	Ontario	Canada	45.1334	-76.1494
K7G	Gananoque	Ontario	Canada	44.3334	-76.1661
K7H	Perth	Ontario	Canada	44.9001	-76.2494
K7K	Kingston (SW Pittsburgh Township)	Ontario	Canada	44.2569	-76.4717
K7L	Kingston (Downtown)	Ontario	Canada	44.2955	-76.428
K7M	Kingston (Reddendale / Cataraqui / Collins Bay)	Ontario	Canada	44.2411	-76.5788
K7N	Amherstview	Ontario	Canada	44.2224	-76.65
K7P	Kingston (Westbrook / Cataraqui Woods / Cedarwood)	Ontario	Canada	44.2814	-76.6111
K7R	Napanee	Ontario	Canada	44.2501	-76.9494
K7S	Arnprior	Ontario	Canada	45.4334	-76.3494
K7V	Renfrew	Ontario	Canada	45.4668	-76.6827
K8A	Pembroke Central and northern subdivisions	Ontario	Canada	45.7466	-77.2047
K8B	Pembroke (Pleasant View / Fairview)	Ontario	Canada	45.808	-77.0806
K8H	Petawawa	Ontario	Canada	45.8945	-77.2801
K8N	Belleville East	Ontario	Canada	44.1735	-77.3684
K8P	Belleville West	Ontario	Canada	44.1665	-77.4037
K8R	Belleville (SE Sidney Township / Avondale)	Ontario	Canada	44.1399	-77.4683
K8V	Trenton	Ontario	Canada	44.0992	-77.5776
K9A	Cobourg	Ontario	Canada	43.9598	-78.1651
K9H	Peterborough North	Ontario	Canada	44.3245	-78.3184
K9J	Peterborough South	Ontario	Canada	44.3104	-78.2396
K9K	Peterborough (Fairbairn Meadows / Jackson Heights)	Ontario	Canada	44.3138	-78.3606
K9L	Peterborough (Terra View Heights / Woodland Acres / Donwood)	Ontario	Canada	44.3552	-78.3199
K9V	Lindsay	Ontario	Canada	44.3501	-78.7329
L0A	West Northumberland County (Millbrook)	Ontario	Canada	44.1263	-78.5193
L0B	East Durham Regional Municipality (Orono)	Ontario	Canada	44.0773	-78.7465
L0C	West Durham Regional Municipality (Sunderland)	Ontario	Canada	44.2094	-79.0725
L0E	Lake Simcoe Southeast Shore (Sutton West)	Ontario	Canada	44.3199	-79.2778
L0G	Ontario Centre (Queensville)	Ontario	Canada	44.0586	-79.6235
L0H	Whitby Region (Gormley)	Ontario	Canada	43.9023	-79.1554
L0J	North Peel Regional Municipality (Kleinburg)	Ontario	Canada	43.8566	-79.6485
L0K	Lake Simcoe North Shore (Coldwater)	Ontario	Canada	44.6233	-79.1235
L0L	Lake Simcoe West Shore (Oro)	Ontario	Canada	44.4548	-79.7352
L0M	Georgian Bay South Shore (Angus)	Ontario	Canada	44.3269	-80.0333
L0N	Dufferin County (Shelburne)	Ontario	Canada	44.0317	-80.2068
L0P	Halton Regional Municipality (Campbellville)	Ontario	Canada	43.4906	-79.9998
L0R	East Haldimand County (Waterdown)	Ontario	Canada	43.1607	-79.7463
L0S	Niagara Regional Municipality (Fonthill)	Ontario	Canada	42.9071	-79.0832
L1A	Port Hope	Ontario	Canada	44.0168	-78.3995
L1B	Bowmanville East	Ontario	Canada	43.9235	-78.5457
L1C	Bowmanville West	Ontario	Canada	43.9714	-78.7095
L1E	Courtice	Ontario	Canada	43.8969	-78.7683
L1G	Oshawa Central	Ontario	Canada	43.9233	-78.8684
L1H	Oshawa Southeast	Ontario	Canada	43.9721	-78.8837
L1J	Oshawa Southwest	Ontario	Canada	43.8852	-78.8771
L1K	Oshawa East	Ontario	Canada	43.9251	-78.8287
L1L	Oshawa North	Ontario	Canada	43.9581	-78.8972
L1M	Whitby North	Ontario	Canada	43.9566	-78.9779
L1N	Whitby Southeast	Ontario	Canada	43.8721	-78.9273
L1P	Whitby Southwest	Ontario	Canada	43.8866	-78.975
L1R	Whitby Central	Ontario	Canada	43.9215	-78.9412
L1S	Ajax Southwest	Ontario	Canada	43.8404	-79.0251
L1T	Ajax Northwest	Ontario	Canada	43.8843	-79.0534
L1V	Pickering Southwest	Ontario	Canada	43.8605	-79.1618
L1W	Pickering South	Ontario	Canada	43.8197	-79.0803
L1X	Pickering Central	Ontario	Canada	43.8558	-79.0972
L1Y	Pickering North	Ontario	Canada	43.9555	-79.1194
L1Z	Ajax East	Ontario	Canada	43.8773	-79.0055
L2A	Fort Erie	Ontario	Canada	42.9001	-78.9329
L2E	Niagara Falls Central	Ontario	Canada	43.0537	-79.1018
L2G	Niagara Falls Southeast	Ontario	Canada	43.0696	-79.0818
L2H	Niagara Falls West	Ontario	Canada	43.1009	-79.1379
L2J	Niagara Falls North	Ontario	Canada	43.1296	-79.1034
L2M	St. Catharines Northeast	Ontario	Canada	43.196	-79.2161
L2N	St. Catharines Northwest	Ontario	Canada	43.1923	-79.2559
L2P	St. Catharines East	Ontario	Canada	43.1527	-79.2091
L2R	St. Catharines Central	Ontario	Canada	43.1419	-79.2966
L2S	St. Catharines Southwest	Ontario	Canada	43.1447	-79.2634
L2T	St. Catharines South	Ontario	Canada	43.1313	-79.2317
L2V	St. Catharines Southeast	Ontario	Canada	43.1142	-79.2035
L2W	St. Catharines West	Ontario	Canada	43.1688	-79.2794
L3B	Welland East	Ontario	Canada	42.9878	-79.2219
L3C	Welland West	Ontario	Canada	42.9998	-79.2656
L3K	Port Colborne	Ontario	Canada	42.9001	-79.2329
L3M	Grimsby	Ontario	Canada	43.2001	-79.5663
L3P	Markham Central	Ontario	Canada	43.8769	-79.2686
L3R	Markham Outer Southwest	Ontario	Canada	43.8479	-79.3288
L3S	Markham Southeast	Ontario	Canada	43.8486	-79.2617
L3T	Thornhill East	Ontario	Canada	43.8227	-79.3946
L3V	Orillia	Ontario	Canada	44.6087	-79.4207
L3X	Newmarket Southwest	Ontario	Canada	44.0433	-79.4912
L3Y	Newmarket Northeast	Ontario	Canada	44.0565	-79.4555
L3Z	Bradford	Ontario	Canada	44.1168	-79.5663
L4A	Stouffville	Ontario	Canada	43.9668	-79.2496
L4B	Richmond Hill Southeast	Ontario	Canada	43.8582	-79.3985
L4C	Richmond Hill Southwest	Ontario	Canada	43.8669	-79.4414
L4E	Richmond Hill North	Ontario	Canada	43.9394	-79.4349
L4G	Aurora	Ontario	Canada	44.0001	-79.4663
L4H	Woodbridge North	Ontario	Canada	43.8432	-79.5644
L4J	Thornhill West	Ontario	Canada	43.8156	-79.4534
L4K	Concord	Ontario	Canada	43.8001	-79.4829
L4L	Woodbridge South	Ontario	Canada	43.8064	-79.5995
L4M	Barrie North	Ontario	Canada	44.4001	-79.6663
L4N	Barrie South	Ontario	Canada	44.3572	-79.6929
L4P	Keswick	Ontario	Canada	44.2501	-79.4663
L4R	Midland	Ontario	Canada	44.7501	-79.883
L4S	Richmond Hill Central	Ontario	Canada	43.8985	-79.4143
L4T	Mississauga (Malton)	Ontario	Canada	43.7139	-79.6434
L4V	Mississauga (Wildwood)	Ontario	Canada	43.6935	-79.6069
L4W	Mississauga (Matheson / East Rathwood)	Ontario	Canada	43.6413	-79.6296
L4X	Mississauga (East Applewood / East Dixie / NE Lakeview)	Ontario	Canada	43.6178	-79.5786
L4Y	Mississauga (West Applewood / West Dixie / NW Lakeview)	Ontario	Canada	43.6028	-79.5929
L4Z	Mississauga (West Rathwood / East Hurontario / SE Gateway)	Ontario	Canada	43.6192	-79.6538
L5A	Mississauga (Mississauga Valleys / East Cooksville)	Ontario	Canada	43.5883	-79.6091
L5B	Mississauga (West Cooksville / Fairview / City Centre / East Creditview)	Ontario	Canada	43.5771	-79.6306
L5C	Mississauga (West Creditview / Mavis / Erindale)	Ontario	Canada	43.5624	-79.6504
L5E	Mississauga (Central Lakeview)	Ontario	Canada	43.5836	-79.561
L5G	Mississauga (SW Lakeview / Mineola / East Port Credit)	Ontario	Canada	43.5647	-79.5852
L5H	Mississauga (West Port Credit / Lorne Park / East Sheridan)	Ontario	Canada	43.5419	-79.6164
L5J	Mississauga (Clarkson / Southdown)	Ontario	Canada	43.5102	-79.6296
L5K	Mississauga (West Sheridan)	Ontario	Canada	43.5272	-79.6617
L5L	Mississauga (Erin Mills / Western Business Park)	Ontario	Canada	43.5373	-79.6903
L5M	Mississauga (Churchill Meadows / Central Erin Mills / South Streetsville)	Ontario	Canada	43.5637	-79.7202
L5N	Mississauga (Lisgar / Meadowvale)	Ontario	Canada	43.5924	-79.7611
L5P	Mississauga (YYZ)	Ontario	Canada	43.6904	-79.6238
L5R	Mississauga (West Hurontario / SW Gateway)	Ontario	Canada	43.606	-79.6708
L5S	Mississauga (Cardiff / NE Gateway)	Ontario	Canada	43.6801	-79.6783
L5T	Mississauga (Courtney Park / East Gateway)	Ontario	Canada	43.6683	-79.6182
L5V	Mississauga (East Credit)	Ontario	Canada	43.5972	-79.6931
L5W	Mississauga (Meadowvale Village / West Gateway)	Ontario	Canada	43.6313	-79.7148
L6A	Maple	Ontario	Canada	43.8501	-79.5163
L6B	Markham East	Ontario	Canada	43.9007	-79.2175
L6C	Markham Northwest	Ontario	Canada	43.9045	-79.3392
L6E	Markham Northeast	Ontario	Canada	43.9002	-79.2676
L6G	Markham Inner Southwest	Ontario	Canada	43.8485	-79.3346
L6H	Oakville North	Ontario	Canada	43.4881	-79.7098
L6J	Oakville Northeast	Ontario	Canada	43.4757	-79.6591
L6K	Oakville East	Ontario	Canada	43.4396	-79.6878
L6L	Oakville South	Ontario	Canada	43.4032	-79.7186
L6M	Oakville West	Ontario	Canada	43.4464	-79.7593
L6P	Brampton North	Ontario	Canada	43.7942	-79.7021
L6R	Brampton Northwest	Ontario	Canada	43.7592	-79.7605
L6S	Brampton North Central	Ontario	Canada	43.7379	-79.726
L6T	Brampton East	Ontario	Canada	43.7196	-79.6854
L6V	Brampton Central	Ontario	Canada	43.7059	-79.7626
L6W	Brampton Southeast	Ontario	Canada	43.68	-79.7273
L6X	Brampton Southwest	Ontario	Canada	43.6665	-79.8054
L6Y	Brampton South	Ontario	Canada	43.6249	-79.7876
L6Z	Brampton West Central	Ontario	Canada	43.7328	-79.7953
L7A	Brampton West	Ontario	Canada	43.6909	-79.8377
L7B	King City	Ontario	Canada	43.9286	-79.5269
L7C	Caledon	Ontario	Canada	43.8753	-79.8558
L7E	Bolton	Ontario	Canada	43.8795	-79.7379
L7G	Georgetown	Ontario	Canada	43.6501	-79.9163
L7J	Acton	Ontario	Canada	43.6297	-80.0415
L7K	Caledon Village	Ontario	Canada	43.8602	-79.996
L7L	Burlington Northeast	Ontario	Canada	43.3799	-79.7668
L7M	Burlington North	Ontario	Canada	43.4342	-79.8701
L7N	Burlington East	Ontario	Canada	43.3512	-79.784
L7P	Burlington West	Ontario	Canada	43.3806	-79.886
L7R	Burlington Southeast	Ontario	Canada	43.375	-79.8434
L7S	Burlington South	Ontario	Canada	43.323	-79.8092
L7T	Burlington Southwest	Ontario	Canada	43.3081	-79.8507
L8B	Waterdown	Ontario	Canada	43.3334	-79.8829
L8E	Hamilton (Confederation Park / Nashdale / East Kentley / Riverdale / Lakely / Grayside / North Stoney Creek)	Ontario	Canada	43.2245	-79.6988
L8G	Hamilton (Greenford / North Gershome / West Stoney Creek)	Ontario	Canada	43.2164	-79.7423
L8H	Hamilton (West Kentley / McQuesten / Parkview / Hamilton Beach / East Industrial Sector / Normanhurst / Homeside / East Crown Point)	Ontario	Canada	43.2596	-79.7925
L8J	Hamilton (East Albion Falls / South Stoney Creek)	Ontario	Canada	43.1836	-79.721
L8K	Hamilton (East Delta / Bartonville / Glenview / Rosedale / Lower King's Forest / Red Hill / Corman / Vincent / South Gershome)	Ontario	Canada	43.2211	-79.7994
L8L	Hamilton (West Industrial Sector / West Crown Point / North Stipley / North Gibson / Landsdale / Keith / North End / Beasley)	Ontario	Canada	43.2783	-79.8344
L8M	Hamilton (West Delta / Blakeley / South Stipley / South Gibson / St. Clair)	Ontario	Canada	43.2441	-79.8359
L8N	Hamilton (Stinson / Corktown)	Ontario	Canada	43.4017	-80.017
L8P	Hamilton (Durand / Kirkendall / Chedoke Park)	Ontario	Canada	43.2514	-79.8925
L8R	Hamilton (Central / Strathcona / South Dundurn)	Ontario	Canada	43.2726	-79.8792
L8S	Hamilton (Westdale / Cootes Paradise / Ainslie Wood)	Ontario	Canada	43.2606	-79.9161
L8T	Hamilton (Sherwood / Huntington / Upper King's Forest / Lisgar / Berrisfield / Hampton Heights / Sunninghill)	Ontario	Canada	43.2199	-79.8286
L8V	Hamilton (Raleigh / Macassa / Lawfield / Thorner / Burkholme / Eastmount)	Ontario	Canada	43.2266	-79.8499
L8W	Hamilton (West Albion Falls / Hannon / Rymal / Trenholme / Quinndale / Templemead / Broughton / Eleanor / Randall / Rushdale / Butler / East Chappel)	Ontario	Canada	43.1958	-79.8458
L9A	Hamilton (Crerar / Bruleville / Hill Park / Inch Park / Centremount / Balfour / Greeningdon / Jerome)	Ontario	Canada	43.2271	-79.871
L9B	Hamilton (Barnstown / West Chappel / Allison / Ryckmans / Mewburn / Sheldon / Falkirk / Carpenter / Kennedy / Southwest Outskirts)	Ontario	Canada	43.2055	-79.9004
L9C	Hamilton (Southam / Bonnington / Yeoville / Kernighan / Gourley / Rolston / Buchanan / Mohawk / Westcliffe / Gilbert / Gilkson / Gurnett / Fessenden / Mountview)	Ontario	Canada	43.2313	-79.9049
L9E	Milton	Ontario	Canada	43.5168	-79.8829
L9G	Ancaster West	Ontario	Canada	43.1836	-79.9902
L9H	Dundas	Ontario	Canada	43.2638	-79.9524
L9J	Barrie	Ontario	Canada	44.3186	-79.6761
L9K	Ancaster East	Ontario	Canada	43.225	-79.9427
L9L	Port Perry	Ontario	Canada	44.1068	-78.9444
L9M	Penetanguishene	Ontario	Canada	44.7834	-79.9164
L9N	Holland Landing	Ontario	Canada	44.1149	-79.5014
L9P	Uxbridge	Ontario	Canada	44.1001	-79.1163
L9R	Alliston	Ontario	Canada	44.1501	-79.8663
L9S	Innisfil	Ontario	Canada	44.3001	-79.6496
L9T	Milton	Ontario	Canada	43.5148	-79.884
L9V	Orangeville North	Ontario	Canada	43.9597	-80.1079
L9W	Orangeville South	Ontario	Canada	43.9702	-80.016
L9X	Barrie	Ontario	Canada	44.4001	-79.6663
L9Y	Collingwood	Ontario	Canada	44.4834	-80.2164
L9Z	Wasaga Beach	Ontario	Canada	44.5168	-80.0164
M1B	Scarborough (Malvern / Rouge River)	Ontario	Canada	43.8113	-79.193
M1C	Scarborough (Rouge Hill / Port Union / Highland Creek)	Ontario	Canada	43.7878	-79.1564
M1E	Scarborough (Guildwood / Morningside / Ellesmere)	Ontario	Canada	43.7678	-79.1866
M1G	Scarborough (Woburn)	Ontario	Canada	43.7712	-79.2144
M1H	Scarborough (Cedarbrae)	Ontario	Canada	43.7686	-79.2389
M1J	Scarborough (Eglinton)	Ontario	Canada	43.7464	-79.2323
M1K	Scarborough (Kennedy Park / Ionview / East Birchmount Park)	Ontario	Canada	43.7298	-79.2639
M1L	Scarborough (The Golden Mile / Clairlea / Oakridge / Birchmount Park East)	Ontario	Canada	43.7122	-79.2843
M1M	Scarborough (Cliffside / Cliffcrest / Scarborough Village West)	Ontario	Canada	43.7247	-79.2312
M1N	Scarborough (Birch Cliff / Cliffside West)	Ontario	Canada	43.6952	-79.2646
M1P	Scarborough (Dorset Park / Wexford Heights / Scarborough Town Centre)	Ontario	Canada	43.7612	-79.2707
M1R	Scarborough (Wexford / Maryvale)	Ontario	Canada	43.7507	-79.3003
M1S	Scarborough (Agincourt)	Ontario	Canada	43.7946	-79.2644
M1T	Scarborough (Clarks Corners / Tam O'Shanter / Sullivan)	Ontario	Canada	43.7812	-79.3036
M1V	Scarborough (Milliken / Agincourt North / Steeles East / L'Amoreaux East)	Ontario	Canada	43.8177	-79.2819
M1W	Scarborough (Steeles West / L'Amoreaux West)	Ontario	Canada	43.8016	-79.3216
M1X	Scarborough (Upper Rouge)	Ontario	Canada	43.834	-79.2069
M2H	North York (Hillcrest Village)	Ontario	Canada	43.8015	-79.3577
M2J	North York (Fairview / Henry Farm / Oriole)	Ontario	Canada	43.7801	-79.3479
M2K	North York (Bayview Village)	Ontario	Canada	43.7797	-79.3813
M2L	North York (York Mills / Silver Hills)	Ontario	Canada	43.7547	-79.3764
M2M	Willowdale East (Newtonbrook)	Ontario	Canada	43.7915	-79.4103
M2N	Willowdale South	Ontario	Canada	43.7673	-79.4111
M2P	North York (York Mills West)	Ontario	Canada	43.75	-79.3978
M2R	Willowdale West	Ontario	Canada	43.7786	-79.445
M3A	North York (York Heights / Victoria Village / Parkway East)	Ontario	Canada	43.7545	-79.33
M3B	Don Mills North	Ontario	Canada	43.745	-79.359
M3C	Don Mills South (Flemingdon Park)	Ontario	Canada	43.7334	-79.3329
M3H	North York (Armour Heights / Wilson Heights / Downsview North)	Ontario	Canada	43.7535	-79.4472
M3J	North York (Northwood Park / York University)	Ontario	Canada	43.7694	-79.4921
M3K	Downsview East (CFB Toronto)	Ontario	Canada	43.739	-79.4692
M3L	Downsview West	Ontario	Canada	43.7334	-79.5116
M3M	Downsview Central	Ontario	Canada	43.7319	-79.4928
M3N	North York (Jane and Finch)	Ontario	Canada	43.7568	-79.521
M4A	North York (Sweeney Park / Wigmore Park)	Ontario	Canada	43.7276	-79.3148
M4B	East York (Parkview Hill / Woodbine Gardens)	Ontario	Canada	43.7063	-79.3094
M4C	East York (Woodbine Heights)	Ontario	Canada	43.6913	-79.3116
M4E	East Toronto (The Beaches)	Ontario	Canada	43.6784	-79.2941
M4G	East York (Leaside)	Ontario	Canada	43.7124	-79.3644
M4H	East York (Thorncliffe Park)	Ontario	Canada	43.7059	-79.3464
M4J	East Toronto (The Danforth East)	Ontario	Canada	43.6872	-79.3368
M4K	East Toronto (The Danforth West / Riverdale)	Ontario	Canada	43.6803	-79.3538
M4L	East Toronto (India Bazaar / The Beaches West)	Ontario	Canada	43.6693	-79.3155
M4M	East Toronto (Studio District)	Ontario	Canada	43.6561	-79.3406
M4N	Central Toronto (Lawrence Park East)	Ontario	Canada	43.7301	-79.3935
M4P	Central Toronto (Davisville North)	Ontario	Canada	43.7135	-79.3887
M4R	Central Toronto (North Toronto West)	Ontario	Canada	43.7143	-79.4065
M4S	Central Toronto (Davisville)	Ontario	Canada	43.702	-79.3853
M4T	Central Toronto (Moore Park / Summerhill East)	Ontario	Canada	43.6899	-79.3853
M4V	Central Toronto (Summerhill West / Rathnelly / South Hill / Forest Hill SE / Deer Park)	Ontario	Canada	43.6861	-79.4025
M4W	Downtown Toronto (Rosedale)	Ontario	Canada	43.6827	-79.373
M4X	Downtown Toronto (St. James Town / Cabbagetown)	Ontario	Canada	43.6684	-79.3689
M4Y	Downtown Toronto (Church and Wellesley)	Ontario	Canada	43.6656	-79.383
M5A	Toronto	Ontario	Canada	43.6555	-79.3626
M5B	Downtown Toronto (Ryerson)	Ontario	Canada	43.6572	-79.3783
M5C	Downtown Toronto (St. James Park)	Ontario	Canada	43.6513	-79.3756
M5E	Downtown Toronto (Berczy Park)	Ontario	Canada	43.6456	-79.3754
M5G	Downtown Toronto (Central Bay Street)	Ontario	Canada	43.6564	-79.386
M5H	Downtown Toronto (Richmond / Adelaide / King)	Ontario	Canada	43.6496	-79.3833
M5J	Downtown Toronto (Harbourfront East / Union Station / Toronto Island)	Ontario	Canada	43.623	-79.3936
M5K	Downtown Toronto (Toronto Dominion Centre / Design Exchange)	Ontario	Canada	43.6469	-79.3823
M5L	Downtown Toronto (Commerce Court / Victoria Hotel)	Ontario	Canada	43.6492	-79.3823
M5M	North York (Bedford Park / Lawrence Park West / Lawrence Manor East)	Ontario	Canada	43.7335	-79.4177
M5N	Central Toronto (Roselawn)	Ontario	Canada	43.7113	-79.4195
M5P	Central Toronto (Forest Hill North & West)	Ontario	Canada	43.6966	-79.412
M5R	Central Toronto (The Annex / North Midtown / Yorkville)	Ontario	Canada	43.6736	-79.4035
M5S	Downtown Toronto (University of Toronto / Harbord)	Ontario	Canada	43.6629	-79.3987
M5T	Downtown Toronto (Kensington Market / Chinatown / Grange Park)	Ontario	Canada	43.6541	-79.3978
M5V	Downtown Toronto (CN Tower / King and Spadina / Railway Lands / Harbourfront West / Bathurst Quay / South Niagara / YTZ)	Ontario	Canada	43.6404	-79.3995
M5W	Downtown Toronto Stn A PO Boxes 25 The Esplanade (Enclave of M5E)	Ontario	Canada	43.6437	-79.3787
M5X	Downtown Toronto (Underground city)	Ontario	Canada	43.6492	-79.3823
M6A	North York (Lawrence Manor / Lawrence Heights)	Ontario	Canada	43.7223	-79.4504
M6B	North York (Glencairn)	Ontario	Canada	43.7081	-79.4479
M6C	York (Cedarvale)	Ontario	Canada	43.6915	-79.4307
M6E	York (Fairbank / Oakwood)	Ontario	Canada	43.6889	-79.4507
M6G	Downtown Toronto (Christie)	Ontario	Canada	43.6683	-79.4205
M6H	West Toronto (Dufferin / Dovercourt Village)	Ontario	Canada	43.6655	-79.4378
M6J	West Toronto (Rua Aþores / Trinity)	Ontario	Canada	43.648	-79.4177
M6K	West Toronto (Brockton / Parkdale Village / Exhibition Place)	Ontario	Canada	43.6383	-79.4301
M6L	North York (North Park / Maple Leaf Park / Upwood Park)	Ontario	Canada	43.7137	-79.4869
M6M	York (Del Ray / Keelsdale / Mount Dennis / Silverthorne)	Ontario	Canada	43.6934	-79.4857
M6N	York (Runnymede / The Junction North)	Ontario	Canada	43.6748	-79.4839
M6P	West Toronto (High Park / The Junction South)	Ontario	Canada	43.6605	-79.4633
M6R	West Toronto (Parkdale / Roncesvalles Village)	Ontario	Canada	43.6469	-79.4521
M6S	West Toronto (Bloor West Village / Swansea)	Ontario	Canada	43.6512	-79.4828
M7A	Queen's Park Ontario Provincial Government	Ontario	Canada	43.6641	-79.3889
M7Y	East Toronto Business Reply Mail Processing Centre 969 Eastern (Enclave of M4L)	Ontario	Canada	43.7804	-79.2505
M8V	Etobicoke (New Toronto / Mimico South / Humber Bay Shores)	Ontario	Canada	43.6075	-79.5013
M8W	Etobicoke (Alderwood / Long Branch)	Ontario	Canada	43.6021	-79.5402
M8X	Etobicoke (The Kingsway / Montgomery Road / Old Mill North)	Ontario	Canada	43.6518	-79.5076
M8Y	Etobicoke (Old Mill South / King's Mill Park / Sunnylea / Humber Bay / Mimico NE / The Queensway East / Royal York South East / Kingsway Park South East)	Ontario	Canada	43.6325	-79.4939
M8Z	Etobicoke (Mimico NW / The Queensway West / South of Bloor / Kingsway Park South West / Royal York South West)	Ontario	Canada	43.6256	-79.5231
M9A	Etobicoke (Islington Avenue)	Ontario	Canada	43.6662	-79.5282
M9B	Etobicoke (West Deane Park / Princess Gardens / Martin Grove / Islington / Cloverdale)	Ontario	Canada	43.6505	-79.5517
M9C	Etobicoke (Eringate / Bloordale Gardens / Old Burnhamthorpe / Markland Woods)	Ontario	Canada	43.6437	-79.5767
M9L	North York (Humber Summit)	Ontario	Canada	43.7598	-79.5565
M9M	North York (Humberlea / Emery)	Ontario	Canada	43.7366	-79.5401
M9N	Weston	Ontario	Canada	43.7068	-79.517
M9P	Etobicoke (Westmount)	Ontario	Canada	43.6949	-79.5323
M9R	Etobicoke (Kingsview Village / St. Phillips / Martin Grove Gardens / Richview Gardens)	Ontario	Canada	43.6898	-79.5582
M9V	Etobicoke (South Steeles / Silverstone / Humbergate / Jamestown / Mount Olive / Beaumond Heights / Thistletown / Albion Gardens)	Ontario	Canada	43.7432	-79.5876
M9W	Etobicoke Northwest (Clairville / Humberwood / Woodbine Downs / West Humber / Kipling Heights / Rexdale / Elms / Tandridge / Old Rexdale)	Ontario	Canada	43.7144	-79.5909
N0A	West Haldimand (Port Dover)	Ontario	Canada	42.9403	-79.945
N0B	Wellington (Elora)	Ontario	Canada	43.5569	-80.4414
N0C	Georgian Bay Southwest Shore (Dundalk)	Ontario	Canada	44.2561	-80.5029
N0E	Brant and Norfolk (Waterford)	Ontario	Canada	42.6618	-80.5572
N0G	Huron (Wingham)	Ontario	Canada	44.0024	-81.0676
N0H	Bruce Peninsula (Wiarton)	Ontario	Canada	44.6941	-81.0962
N0J	Oxford (Norwich)	Ontario	Canada	42.9775	-80.7057
N0K	Perth (Mitchell)	Ontario	Canada	43.5067	-81.1582
N0L	Elgin (Dorchester)	Ontario	Canada	42.7557	-81.4533
N0M	Middlesex (Clinton)	Ontario	Canada	43.2788	-81.5442
N0N	Lambton (Forest)	Ontario	Canada	42.9062	-82.11
N0P	Kent (Blenheim)	Ontario	Canada	42.4045	-81.9107
N0R	Essex (Belle River)	Ontario	Canada	42.1783	-82.7715
N1A	Dunnville	Ontario	Canada	42.9001	-79.6163
N1C	Guelph South	Ontario	Canada	43.4921	-80.2267
N1E	Guelph North	Ontario	Canada	43.5677	-80.2418
N1G	Guelph Central	Ontario	Canada	43.5184	-80.2257
N1H	Guelph Northwest	Ontario	Canada	43.5588	-80.3004
N1K	Guelph West	Ontario	Canada	43.526	-80.3051
N1L	Guelph East	Ontario	Canada	43.516	-80.19
N1M	Fergus	Ontario	Canada	43.7001	-80.3664
N1P	Cambridge South	Ontario	Canada	43.3398	-80.2955
N1R	Cambridge Central	Ontario	Canada	43.3666	-80.2239
N1S	Cambridge Southwest	Ontario	Canada	43.3592	-80.3347
N1T	Cambridge East	Ontario	Canada	43.3849	-80.2833
N2A	Kitchener East	Ontario	Canada	43.4413	-80.4246
N2B	Kitchener Northeast	Ontario	Canada	43.4646	-80.4467
N2C	Kitchener South Central	Ontario	Canada	43.4182	-80.4451
N2E	Kitchener Southwest	Ontario	Canada	43.4106	-80.5011
N2G	Kitchener Central	Ontario	Canada	43.4443	-80.4891
N2H	Kitchener North Central	Ontario	Canada	43.4581	-80.4818
N2J	Waterloo Southeast	Ontario	Canada	43.504	-80.5366
N2K	Kitchener North	Ontario	Canada	43.4961	-80.4936
N2L	Waterloo South	Ontario	Canada	43.4715	-80.5454
N2M	Kitchener Northwest	Ontario	Canada	43.4363	-80.5093
N2N	Kitchener West	Ontario	Canada	43.426	-80.5438
N2P	Kitchener Southeast	Ontario	Canada	43.3878	-80.4296
N2R	Kitchener South	Ontario	Canada	43.3849	-80.487
N2T	Waterloo Southwest	Ontario	Canada	43.453	-80.5692
N2V	Waterloo Northwest	Ontario	Canada	43.4764	-80.5842
N2Z	Kincardine	Ontario	Canada	44.1664	-81.601
N3A	Baden	Ontario	Canada	43.4001	-80.6497
N3B	Elmira	Ontario	Canada	43.6001	-80.5497
N3C	Cambridge Northeast	Ontario	Canada	43.4389	-80.2649
N3E	Cambridge Northwest	Ontario	Canada	43.4193	-80.3505
N3H	Cambridge West	Ontario	Canada	43.4267	-80.3699
N3L	Paris	Ontario	Canada	43.2	-80.3833
N3P	Brantford Northeast	Ontario	Canada	43.1818	-80.2367
N3R	Brantford Central	Ontario	Canada	43.1692	-80.2684
N3S	Brantford Southeast	Ontario	Canada	43.1394	-80.2357
N3T	Brantford Southwest	Ontario	Canada	43.131	-80.3254
N3V	Brantford Northwest	Ontario	Canada	43.1734	-80.298
N3W	Caledonia	Ontario	Canada	43.0668	-79.9329
N3Y	Simcoe	Ontario	Canada	42.8334	-80.2997
N4B	Delhi	Ontario	Canada	42.8501	-80.4997
N4G	Tillsonburg	Ontario	Canada	42.8599	-80.7262
N4K	Owen Sound	Ontario	Canada	44.5672	-80.9435
N4L	Meaford	Ontario	Canada	44.6001	-80.583
N4N	Hanover	Ontario	Canada	44.1501	-81.033
N4S	Woodstock Central	Ontario	Canada	43.1432	-80.7338
N4T	Woodstock North	Ontario	Canada	43.1485	-80.7319
N4V	Woodstock South	Ontario	Canada	43.115	-80.743
N4W	Listowel	Ontario	Canada	43.7334	-80.9497
N4X	St. Mary's	Ontario	Canada	43.2655	-81.1687
N4Z	Stratford South	Ontario	Canada	43.3634	-81.0069
N5A	Stratford North	Ontario	Canada	43.3668	-80.9497
N5C	Ingersoll	Ontario	Canada	43.0334	-80.883
N5H	Aylmer	Ontario	Canada	42.7668	-80.983
N5L	Port Stanley	Ontario	Canada	42.6668	-81.2164
N5P	St. Thomas North	Ontario	Canada	42.7779	-81.1769
N5R	St. Thomas South	Ontario	Canada	42.7597	-81.1762
N5V	London (YXU / North and East Argyle / East Huron Heights)	Ontario	Canada	43.0233	-81.1643
N5W	London East (SW Argyle / Hamilton Road)	Ontario	Canada	42.9856	-81.1821
N5X	London (Fanshawe / Stoneybrook / Stoney Creek / Uplands / East Masonville)	Ontario	Canada	43.0443	-81.2391
N5Y	London (West Huron Heights / Carling)	Ontario	Canada	43.0123	-81.2307
N5Z	London (Glen Cairn)	Ontario	Canada	42.966	-81.2053
N6A	London North (UWO)	Ontario	Canada	42.9976	-81.2563
N6B	London Central	Ontario	Canada	42.9835	-81.2386
N6C	London South (East Highland / North White Oaks / North Westminster)	Ontario	Canada	42.9582	-81.238
N6E	London (South White Oaks / Central Westminster / East Longwoods / West Brockley)	Ontario	Canada	42.9185	-81.2244
N6G	London (Sunningdale / West Masonville / Medway / NE Hyde Park / East Fox Hollow)	Ontario	Canada	43.0147	-81.3049
N6H	London West (Central Hyde Park / Oakridge)	Ontario	Canada	42.9915	-81.3402
N6J	London (Southcrest / East Westmount / West Highland)	Ontario	Canada	42.9546	-81.2735
N6K	London (Riverbend / Woodhull / North Sharon Creek / Byron / West Westmount)	Ontario	Canada	42.9536	-81.3418
N6L	London (East Tempo)	Ontario	Canada	42.8719	-81.2472
N6M	London (Jackson / Old Victoria / Bradley / North Highbury)	Ontario	Canada	42.9632	-81.1392
N6N	London (South Highbury / Glanworth / East Brockley / SE Westminster)	Ontario	Canada	42.8997	-81.1592
N6P	London (Talbot / Lambeth / West Tempo / South Sharon Creek)	Ontario	Canada	42.8909	-81.3236
N7A	Goderich	Ontario	Canada	43.7501	-81.7165
N7G	Strathroy	Ontario	Canada	42.9551	-81.6223
N7L	Chatham Northwest	Ontario	Canada	42.4209	-82.1993
N7M	Chatham Southeast	Ontario	Canada	42.4238	-82.1183
N7S	Sarnia Central	Ontario	Canada	42.9888	-82.3592
N7T	Sarnia Southwest	Ontario	Canada	42.9578	-82.2777
N7V	Sarnia Northwest	Ontario	Canada	42.9998	-82.3926
N7W	Sarnia Southeast	Ontario	Canada	42.9644	-82.3259
N7X	Sarnia Northeast	Ontario	Canada	43.0214	-82.3212
N8A	Wallaceburg	Ontario	Canada	42.593	-82.3885
N8H	Leamington	Ontario	Canada	42.0549	-82.6062
N8M	Essex	Ontario	Canada	42.1751	-82.8248
N8N	Tecumseh Outskirts	Ontario	Canada	42.2946	-82.8667
N8P	Windsor (East Riverside)	Ontario	Canada	42.3276	-82.9104
N8R	Windsor (East Forest Glade)	Ontario	Canada	42.3067	-82.915
N8S	Windsor (Riverside)	Ontario	Canada	42.3283	-82.9472
N8T	Windsor (West Forest Glade / East Fontainbleu)	Ontario	Canada	42.3037	-82.9459
N8V	Tecumseh (YQG)	Ontario	Canada	42.2773	-82.9447
N8W	Windsor (South Walkerville / West Fontainbleu / Walker Farm / Devonshire)	Ontario	Canada	42.2836	-82.9771
N8X	Windsor South Central (West Walkerville / Remington Park)	Ontario	Canada	42.2926	-83.0186
N8Y	Windsor East (East Walkerville)	Ontario	Canada	42.3176	-82.9929
N9A	Windsor (City Centre / NW Walkerville)	Ontario	Canada	42.2007	-83.0276
N9B	Windsor (University / South Cameron)	Ontario	Canada	42.2949	-83.052
N9C	Windsor (Sandwich / Ojibway / West Malden)	Ontario	Canada	42.2767	-83.0793
N9E	Windsor South (East Malden)	Ontario	Canada	42.2652	-83.0314
N9G	Windsor (Roseland)	Ontario	Canada	42.2481	-82.9952
N9H	La Salle East	Ontario	Canada	42.2318	-83.0281
N9J	La Salle West	Ontario	Canada	42.2187	-83.0801
N9K	Tecumseh Central	Ontario	Canada	42.2978	-82.8701
N9V	Amherstburg	Ontario	Canada	42.1168	-83.0498
N9Y	Kingsville	Ontario	Canada	42.0502	-82.7598
P0A	Nipissing Central (Burk's Falls)	Ontario	Canada	45.5881	-79.3546
P0B	Nipissing South (Utterson)	Ontario	Canada	45.1863	-79.4115
P0C	Parry Sound Mid-Shore (Bala)	Ontario	Canada	45.1275	-79.786
P0E	Parry Sound South Shore (Kilworthy)	Ontario	Canada	44.8608	-79.5069
P0G	Parry Sound North Shore (Nobel)	Ontario	Canada	45.6718	-80.3688
P0H	Nipissing North (Callander)	Ontario	Canada	46.3109	-79.3617
P0J	Timiskaming South (Temiskaming Shores)	Ontario	Canada	47.5776	-80.2036
P0K	Timiskaming North (Iroquois Falls A)	Ontario	Canada	48.5234	-80.3081
P0L	Cochrane Region (Hearst)	Ontario	Canada	51.97	-83.5369
P0M	Algoma, Sudbury District and Greater Sudbury (Chelmsford)	Ontario	Canada	47.6526	-82.4753
P0N	Timmins Region (South Porcupine)	Ontario	Canada	48.6027	-81.0115
P0P	Manitoulin (Little Current)	Ontario	Canada	45.7565	-82.2151
P0R	Algoma Southwest (Blind River)	Ontario	Canada	46.5984	-83.0385
P0S	Lake Superior East Shore (Wawa)	Ontario	Canada	48.048	-84.6727
P0T	Lake Superior North Shore (Marathon)	Ontario	Canada	49.2924	-88.756
P0V	Northwestern Ontario (Red Lake)	Ontario	Canada	52.9648	-90.1505
P0W	Rainy River Region (Emo)	Ontario	Canada	48.875	-93.7522
P0X	Kenora Region (Keewatin)	Ontario	Canada	50.9293	-93.3095
P0Y	Lake of the Woods East Shore (Ingolf)	Ontario	Canada	49.7603	-95.1003
P1A	North Bay South	Ontario	Canada	46.2801	-79.4502
P1B	North Bay Central	Ontario	Canada	46.3364	-79.583
P1C	North Bay North	Ontario	Canada	46.3397	-79.4223
P1H	Huntsville	Ontario	Canada	45.3334	-79.2163
P1L	Bracebridge	Ontario	Canada	45.0334	-79.3163
P1P	Gravenhurst	Ontario	Canada	44.9168	-79.3663
P2A	Parry Sound	Ontario	Canada	45.3501	-80.033
P2B	Sturgeon Falls	Ontario	Canada	46.3668	-79.9164
P2N	Kirkland Lake	Ontario	Canada	48.1446	-80.0377
P3A	Greater Sudbury (New Sudbury)	Ontario	Canada	46.5187	-80.934
P3B	Greater Sudbury (Downtown / Minnow Lake)	Ontario	Canada	46.4847	-80.9304
P3C	Greater Sudbury (Gatchell / West End / Little Britain)	Ontario	Canada	46.5133	-81.0225
P3E	Greater Sudbury (Robinson / Lockerby)	Ontario	Canada	46.2676	-80.9063
P3G	Greater Sudbury (Lo-Ellen / McFarlane Lake)	Ontario	Canada	46.4031	-80.9745
P3L	Greater Sudbury (Garson)	Ontario	Canada	46.5942	-80.85
P3N	Greater Sudbury (Val Caron)	Ontario	Canada	46.5845	-81.0029
P3P	Greater Sudbury (Hanmer)	Ontario	Canada	46.7259	-81.0166
P3Y	Greater Sudbury (Lively)	Ontario	Canada	46.4431	-81.127
P4N	Timmins Southeast	Ontario	Canada	48.4669	-81.3331
P4P	Timmins North	Ontario	Canada	48.4985	-81.3448
P4R	Timmins West	Ontario	Canada	48.4702	-81.3997
P5A	Elliot Lake	Ontario	Canada	46.3834	-82.6332
P5E	Espanola	Ontario	Canada	46.2584	-81.7665
P5N	Kapuskasing	Ontario	Canada	49.4169	-82.4331
P6A	Sault Ste. Marie East	Ontario	Canada	46.5168	-84.3333
P6B	Sault Ste. Marie Central	Ontario	Canada	46.5307	-84.3046
P6C	Sault Ste. Marie North	Ontario	Canada	46.5353	-84.3732
P7A	Thunder Bay Northeast	Ontario	Canada	48.4601	-89.2035
P7B	Thunder Bay North Central	Ontario	Canada	48.9475	-89.4063
P7C	Thunder Bay Central	Ontario	Canada	48.352	-89.4649
P7E	Thunder Bay South Central	Ontario	Canada	48.3684	-89.284
P7G	Thunder Bay North	Ontario	Canada	48.4001	-89.3168
P7J	Thunder Bay South	Ontario	Canada	48.2834	-89.3668
P7K	Thunder Bay West	Ontario	Canada	48.3728	-89.3484
P7L	Neebing	Ontario	Canada	48.1668	-89.4168
P8N	Dryden	Ontario	Canada	49.7833	-92.7503
P8T	Sioux Lookout	Ontario	Canada	50.0668	-91.9836
P9A	Fort Frances	Ontario	Canada	48.6393	-93.4469
P9N	Kenora	Ontario	Canada	49.7573	-94.3427
R0A	Southeastern Manitoba (Lorette)	Manitoba	Canada	49.2911	-96.2985
R0B	Northern Manitoba (Norway House)	Manitoba	Canada	56.2701	-96.9118
R0C	North Interlake (Stonewall)	Manitoba	Canada	51.4132	-97.8525
R0E	Eastern Manitoba (Beausejour)	Manitoba	Canada	50.4751	-95.961
R0G	South Central Manitoba (Altona)	Manitoba	Canada	49.4394	-98.0869
R0H	South Interlake (MacGregor)	Manitoba	Canada	50.3458	-98.5152
R0J	Riding Mountain (Neepawa)	Manitoba	Canada	50.5842	-100.1345
R0K	Brandon Region (Killarney)	Manitoba	Canada	49.555	-99.7154
R0L	Western Manitoba (Swan River)	Manitoba	Canada	52.0092	-100.2901
R0M	Southwestern Manitoba (Virden)	Manitoba	Canada	49.711	-100.9263
R1A	Selkirk	Manitoba	Canada	50.1436	-96.8845
R1B	Lockport	Manitoba	Canada	50.084	-96.9353
R1C	Narol	Manitoba	Canada	50.055	-96.9781
R1N	Portage la Prairie	Manitoba	Canada	49.9728	-98.2926
R2C	Winnipeg (Transcona)	Manitoba	Canada	49.9247	-96.9563
R2E	East St. Paul	Manitoba	Canada	49.9791	-97.0128
R2G	Winnipeg (River East North)	Manitoba	Canada	49.9413	-97.0571
R2H	Winnipeg (St. Boniface NW)	Manitoba	Canada	49.8846	-97.1186
R2J	Winnipeg (St. Boniface NE)	Manitoba	Canada	49.8665	-97.0633
R2K	Winnipeg (River East Central)	Manitoba	Canada	49.9203	-97.083
R2L	Winnipeg (River East South)	Manitoba	Canada	49.9075	-97.0996
R2M	Winnipeg (St. Vital North)	Manitoba	Canada	49.8396	-97.1147
R2N	Winnipeg (St. Vital SW)	Manitoba	Canada	49.7838	-97.0973
R2P	Winnipeg (Seven Oaks West)	Manitoba	Canada	49.9696	-97.1554
R2R	Winnipeg (Inkster West)	Manitoba	Canada	49.9377	-97.2162
R2V	Winnipeg (Seven Oaks East)	Manitoba	Canada	49.9548	-97.1112
R2W	Winnipeg (Point Douglas East)	Manitoba	Canada	49.9195	-97.1354
R2X	Winnipeg (Point Douglas West / Inkster East)	Manitoba	Canada	49.9322	-97.1733
R2Y	Winnipeg (St. James-Assiniboia NW)	Manitoba	Canada	49.9073	-97.2945
R3A	Winnipeg (Centennial)	Manitoba	Canada	49.9038	-97.1489
R3B	Winnipeg (Chinatown / Civic Centre / Exchange District)	Manitoba	Canada	49.898	-97.1401
R3C	Winnipeg (Broadway / The Forks / Portage and Main) Manitoba Provincial Government	Manitoba	Canada	50.011	-97.2184
R3E	Winnipeg (Sargent Park / Daniel McIntyre / Inkster SE)	Manitoba	Canada	49.9081	-97.1779
R3G	Winnipeg (Minto / St. Mathews / Wolseley)	Manitoba	Canada	49.8876	-97.1807
R3H	Winnipeg (St. James-Assiniboia NE / YWG)	Manitoba	Canada	49.9033	-97.2074
R3J	Winnipeg (St. James-Assiniboia SE)	Manitoba	Canada	49.8966	-97.2404
R3K	Winnipeg (St. James-Assiniboia SW)	Manitoba	Canada	49.8734	-97.307
R3L	Winnipeg (River Heights East)	Manitoba	Canada	49.867	-97.1356
R3M	Winnipeg (River Heights Central)	Manitoba	Canada	49.8625	-97.1665
R3N	Winnipeg (River Heights West)	Manitoba	Canada	49.8629	-97.1959
R3P	Winnipeg (Fort Garry NW / Tuxedo)	Manitoba	Canada	49.8425	-97.2182
R3R	Winnipeg (Assiniboine South / Betsworth)	Manitoba	Canada	49.8546	-97.2874
R3S	Winnipeg (Wilkes South)	Manitoba	Canada	49.8255	-97.2934
R3T	Winnipeg (Fort Garry NE / University of Manitoba)	Manitoba	Canada	49.8143	-97.1531
R3V	Winnipeg (Fort Garry South)	Manitoba	Canada	49.7462	-97.1745
R3W	Winnipeg (Grassie / Pequis)	Manitoba	Canada	49.9141	-97.0401
R3X	Winnipeg (St. Boniface South / St. Vital SE)	Manitoba	Canada	49.8209	-97.0322
R3Y	Winnipeg (Fort Garry West)	Manitoba	Canada	49.7885	-97.2147
R4A	West St. Paul	Manitoba	Canada	50.0211	-97.1147
R4G	Oak Bluff	Manitoba	Canada	49.7736	-97.3221
R4H	Headingley East	Manitoba	Canada	49.8761	-97.3812
R4J	Headingley West	Manitoba	Canada	49.8467	-97.4319
R4K	Cartier	Manitoba	Canada	49.8908	-97.6004
R4L	St. Francois Xavier	Manitoba	Canada	49.9372	-97.5545
R5A	St. Adolphe	Manitoba	Canada	49.712	-97.0836
R5G	Steinbach	Manitoba	Canada	49.5258	-96.6845
R5H	Ste. Anne	Manitoba	Canada	49.6697	-96.65
R5K	Lorette	Manitoba	Canada	49.7392	-96.8723
R6M	Morden	Manitoba	Canada	49.1919	-98.1014
R6W	Winkler	Manitoba	Canada	49.1817	-97.941
R7A	Brandon Southeast	Manitoba	Canada	49.8174	-99.9565
R7B	Brandon Southwest	Manitoba	Canada	49.842	-99.9831
R7C	Brandon North	Manitoba	Canada	49.8817	-99.965
R7N	Dauphin	Manitoba	Canada	51.1494	-100.0502
R8A	Flin Flon	Manitoba	Canada	54.7682	-101.865
R8N	Thompson	Manitoba	Canada	55.7435	-97.8558
R9A	The Pas	Manitoba	Canada	53.704	-101.2933
S0A	Yorkton Region (Melville)	Saskatchewan	Canada	51.4818	-102.9065
S0C	Southeastern Saskatchewan (Carlyle)	Saskatchewan	Canada	49.3961	-103.2567
S0E	Eastern Saskatchewan (Melfort)	Saskatchewan	Canada	53.1363	-103.0999
S0G	South Central Saskatchewan (Fort Qu'Appelle)	Saskatchewan	Canada	50.5767	-104.1
S0H	Southern Saskatchewan (Assiniboia)	Saskatchewan	Canada	49.9841	-106.249
S0J	Northern Saskatchewan (La Ronge)	Saskatchewan	Canada	57.1992	-105.8242
S0K	Central Saskatchewan (Humboldt)	Saskatchewan	Canada	52.3003	-107.9907
S0L	Western Saskatchewan (Kindersley)	Saskatchewan	Canada	51.4827	-108.4898
S0M	Northwestern Saskatchewan (Battleford)	Saskatchewan	Canada	54.9235	-108.9572
S0N	Southwestern Saskatchewan (Maple Creek)	Saskatchewan	Canada	49.9116	-108.7236
S0P	Northeastern Saskatchewan (Creighton)	Saskatchewan	Canada	55.0162	-102.7415
S2V	Buena Vista	Saskatchewan	Canada	50.7834	-104.9511
S3N	Yorkton	Saskatchewan	Canada	51.2167	-102.4677
S4A	Estevan	Saskatchewan	Canada	49.1334	-102.9842
S4H	Weyburn	Saskatchewan	Canada	49.6668	-103.8511
S4K	Rm Of Sherwood	Saskatchewan	Canada	50.4501	-104.6178
S4L	Regina East	Saskatchewan	Canada	50.4132	-104.2733
S4M	Regina	Saskatchewan	Canada	50.4501	-104.6178
S4N	Regina Northeast and East Central	Saskatchewan	Canada	50.4671	-104.541
S4P	Regina Central	Saskatchewan	Canada	50.419	-104.6774
S4R	Regina North Central	Saskatchewan	Canada	50.4855	-104.6163
S4S	Regina South Saskatchewan Provincial Government	Saskatchewan	Canada	50.4153	-104.6103
S4T	Regina West	Saskatchewan	Canada	50.4507	-104.665
S4V	Regina Southeast	Saskatchewan	Canada	50.4251	-104.5389
S4W	Regina Southwest	Saskatchewan	Canada	50.4078	-104.6536
S4X	Regina Northwest	Saskatchewan	Canada	50.5061	-104.6752
S4Y	Regina Outer Northwest	Saskatchewan	Canada	50.4768	-104.6986
S4Z	Regina Northeast	Saskatchewan	Canada	50.4497	-104.5323
S6H	Moose Jaw Southeast	Saskatchewan	Canada	50.3895	-105.5578
S6J	Moose Jaw Northeast	Saskatchewan	Canada	50.4185	-105.5393
S6K	Moose Jaw West	Saskatchewan	Canada	50.454	-105.6418
S6V	Prince Albert Central	Saskatchewan	Canada	54.493	-104.3049
S6W	Prince Albert Southwest	Saskatchewan	Canada	53.1785	-105.7741
S6X	Prince Albert East	Saskatchewan	Canada	53.1936	-105.7025
S7H	Saskatoon East Central	Saskatchewan	Canada	52.1168	-106.6345
S7J	Saskatoon South Central	Saskatchewan	Canada	52.0961	-106.6252
S7K	Saskatoon North Central	Saskatchewan	Canada	52.0111	-106.7955
S7L	Saskatoon West	Saskatchewan	Canada	52.1564	-106.6873
S7M	Saskatoon Southwest	Saskatchewan	Canada	52.1133	-106.7235
S7N	Saskatoon Northeast Central	Saskatchewan	Canada	52.1404	-106.608
S7P	Saskatoon North	Saskatchewan	Canada	52.2751	-106.5005
S7R	Saskatoon Northwest	Saskatchewan	Canada	52.1588	-106.7163
S7S	Saskatoon Northeast	Saskatchewan	Canada	52.1609	-106.5864
S7T	Saskatoon South	Saskatchewan	Canada	52.0403	-106.6595
S7V	Saskatoon Southeast	Saskatchewan	Canada	52.0976	-106.5553
S7W	Saskatoon	Saskatchewan	Canada	52.157	-106.5614
S9A	North Battleford	Saskatchewan	Canada	52.7834	-108.2847
S9H	Swift Current	Saskatchewan	Canada	50.2834	-107.8013
S9V	Lloydminster	Saskatchewan	Canada	53.2835	-110.0016
S9X	Meadow Lake	Saskatchewan	Canada	54.1335	-108.4347
T0A	Eastern Alberta (St. Paul)	Alberta	Canada	54.766	-111.7174
T0B	Wainwright Region (Tofield)	Alberta	Canada	53.0727	-111.5816
T0C	Central Alberta (Stettler)	Alberta	Canada	52.1431	-111.6941
T0E	Western Alberta (Jasper)	Alberta	Canada	53.6758	-115.0948
T0G	North Central Alberta (Slave Lake)	Alberta	Canada	55.6993	-114.4529
T0H	Northwestern Alberta (High Level)	Alberta	Canada	57.5403	-116.9153
T0J	Southeastern Alberta (Drumheller)	Alberta	Canada	50.9944	-111.4632
T0K	International Border Region (Cardston)	Alberta	Canada	49.4721	-112.2408
T0L	Kananaskis Country (Claresholm)	Alberta	Canada	50.6314	-114.4089
T0M	Central Foothills (Sundre)	Alberta	Canada	51.9552	-114.8691
T0P	Northeastern Alberta (Fort Chipewyan)	Alberta	Canada	58.2626	-110.7467
T0V	Remote Northeast (Fitzgerald)	Alberta	Canada	59.9049	-111.6717
T1A	Medicine Hat Central	Alberta	Canada	50.0816	-110.5788
T1B	Medicine Hat South	Alberta	Canada	49.835	-110.5203
T1C	Medicine Hat North	Alberta	Canada	50.0774	-110.6911
T1G	Taber	Alberta	Canada	49.787	-112.146
T1H	Lethbridge North	Alberta	Canada	49.7	-112.8186
T1J	Lethbridge West and Central	Alberta	Canada	49.6581	-112.7484
T1K	Lethbridge Southeast	Alberta	Canada	49.6511	-112.8351
T1L	Banff	Alberta	Canada	51.1762	-115.5698
T1M	Coaldale	Alberta	Canada	49.7167	-112.6185
T1P	Strathmore	Alberta	Canada	51.0501	-113.3852
T1R	Brooks	Alberta	Canada	50.5834	-111.8851
T1S	Okotoks	Alberta	Canada	50.7362	-113.9695
T1V	High River	Alberta	Canada	50.5834	-113.8687
T1W	Canmore	Alberta	Canada	51.0876	-115.3461
T1X	Chestermere	Alberta	Canada	51.0334	-113.8187
T1Y	Calgary (Rundle / Whitehorn / Monterey Park)	Alberta	Canada	51.0823	-113.9578
T1Z	Rocky View	Alberta	Canada	51.1834	-113.9353
T2A	Calgary (Penbrooke Meadows / Marlborough)	Alberta	Canada	51.0494	-113.9564
T2B	Calgary (Forest Lawn / Dover / Erin Woods)	Alberta	Canada	51.0209	-113.981
T2C	Calgary (Lynnwood Ridge / Ogden / Foothills Industrial / Great Plains)	Alberta	Canada	50.987	-113.9634
T2E	Calgary (Bridgeland / Greenview / Zoo / YYC)	Alberta	Canada	51.0876	-114.0214
T2G	Calgary (Inglewood / Burnsland / Chinatown / East Victoria Park / Saddledome)	Alberta	Canada	51.0272	-114.0349
T2H	Calgary (Highfield / Burns Industrial)	Alberta	Canada	50.9894	-114.052
T2J	Calgary (Queensland Downs / Lake Bonavista / Willow Park / Acadia)	Alberta	Canada	50.8476	-114.1958
T2K	Calgary (Thornecliffe / Tuxedo)	Alberta	Canada	51.1111	-114.0477
T2L	Calgary (Brentwood / Collingwood / Nose Hill)	Alberta	Canada	51.1047	-114.1148
T2M	Calgary (Mount Pleasant / Capitol Hill / Banff Trail)	Alberta	Canada	51.133	-113.856
T2N	Calgary (Kensington / Westmont / Parkdale / University)	Alberta	Canada	51.0621	-114.1159
T2P	Calgary (City Centre / Calgary Tower)	Alberta	Canada	51.0708	-113.6931
T2R	Calgary (Connaught / West Victoria Park)	Alberta	Canada	51.0412	-114.0762
T2S	Calgary (Elbow Park / Britannia / Parkhill / Mission)	Alberta	Canada	51.0233	-114.071
T2T	Calgary South (Altadore / Bankview / Richmond)	Alberta	Canada	51.0242	-114.1004
T2V	Calgary (Oak Ridge / Haysboro / Kingsland / Windsor Park)	Alberta	Canada	50.9819	-114.1004
T2W	Calgary (Braeside / Woodbine)	Alberta	Canada	50.9514	-114.3591
T2X	Calgary (Midnapore / Sundance)	Alberta	Canada	50.8837	-114.0326
T2Y	Calgary (Millrise / Somerset / Bridlewood / Evergreen)	Alberta	Canada	50.9093	-114.1028
T2Z	Calgary (Douglas Glen / McKenzie Lake / Copperfield / East Shepard)	Alberta	Canada	50.9278	-113.9682
T3A	Calgary (Dalhousie / Edgemont / Hamptons / Hidden Valley)	Alberta	Canada	51.1264	-114.1419
T3B	Calgary (Montgomery / Bowness / Silver Springs / Greenwood)	Alberta	Canada	51.0915	-114.2073
T3C	Calgary (Rosscarrock / Wildwood / Shaganappi / Sunalta)	Alberta	Canada	51.0497	-114.1394
T3E	Calgary (Lakeview / Glendale / Killarney / Glamorgan)	Alberta	Canada	50.9899	-114.1574
T3G	Calgary (Hawkwood / Arbour Lake / Royal Oak / Rocky Ridge)	Alberta	Canada	51.1387	-114.2015
T3H	Calgary (Discovery Ridge / Signal Hill / Aspen Woods / Patterson / Cougar Ridge)	Alberta	Canada	51.0419	-114.2
T3J	Calgary (Martindale / Taradale / Falconridge / Saddle Ridge)	Alberta	Canada	51.1188	-113.9471
T3K	Calgary (Sandstone / Harvest Hills / Coventry Hills / Panorama Hills / Beddington)	Alberta	Canada	51.1563	-114.0572
T3L	Calgary (Tuscany / Scenic Acres)	Alberta	Canada	51.1467	-114.3133
T3M	Calgary (Cranston)	Alberta	Canada	50.8796	-113.9555
T3N	Calgary Northeast	Alberta	Canada	51.1626	-113.9537
T3P	Calgary (Symons Valley)	Alberta	Canada	51.2074	-114.1348
T3R	Calgary Northwest	Alberta	Canada	51.2021	-114.2453
T3S	Calgary	Alberta	Canada	50.9153	-113.8932
T3T	Tsuut'ina	Alberta	Canada	51.0105	-114.1864
T3Z	Redwood Meadows	Alberta	Canada	51.0691	-114.4727
T4A	Airdrie East	Alberta	Canada	51.2799	-113.988
T4B	Airdrie West	Alberta	Canada	51.3082	-114.0398
T4C	Cochrane	Alberta	Canada	51.1834	-114.4687
T4E	Red Deer County	Alberta	Canada	52.2765	-113.7063
T4G	Innisfail	Alberta	Canada	52.0269	-113.9507
T4H	Olds	Alberta	Canada	51.7834	-114.102
T4J	Ponoka	Alberta	Canada	52.6768	-113.5815
T4L	Lacombe	Alberta	Canada	52.4668	-113.7353
T4M	Blackfalds	Alberta	Canada	52.3834	-113.7853
T4N	Red Deer Central	Alberta	Canada	52.2316	-113.8358
T4P	Red Deer North	Alberta	Canada	52.2954	-113.8073
T4R	Red Deer South	Alberta	Canada	52.2424	-113.7784
T4S	Sylvan Lake	Alberta	Canada	52.3168	-114.0853
T4T	Rocky Mountain House	Alberta	Canada	52.3668	-114.9188
T4V	Camrose	Alberta	Canada	53.0168	-112.8353
T4X	Beaumont	Alberta	Canada	53.3501	-113.4187
T5A	Edmonton (West Clareview / East Londonderry)	Alberta	Canada	53.5931	-113.4077
T5B	Edmonton (East North Central / West Beverly)	Alberta	Canada	53.7353	-113.3369
T5C	Edmonton (Central Londonderry)	Alberta	Canada	53.5996	-113.4549
T5E	Edmonton (West Londonderry / East Calder)	Alberta	Canada	53.7454	-113.4465
T5G	Edmonton (North Central / Queen Mary Park / YXD)	Alberta	Canada	53.5705	-113.5051
T5H	Edmonton (North and East Downtown Fringe)	Alberta	Canada	53.5514	-113.4916
T5J	Edmonton (North Downtown)	Alberta	Canada	53.5428	-113.4974
T5K	Edmonton (South Downtown / South Downtown Fringe)	Alberta	Canada	53.5366	-113.5103
T5L	Edmonton (North Westmount / West Calder / East Mistatim)	Alberta	Canada	53.585	-113.5526
T5M	Edmonton (South Westmount / Groat Estate / East Northwest Industrial)	Alberta	Canada	53.563	-113.5662
T5N	Edmonton (Glenora / SW Downtown Fringe)	Alberta	Canada	53.5436	-113.5574
T5P	Edmonton (North Jasper Place)	Alberta	Canada	53.5463	-113.5957
T5R	Edmonton (Central Jasper Place / Buena Vista)	Alberta	Canada	53.5181	-113.5797
T5S	Edmonton (West Northwest Industrial / Winterburn)	Alberta	Canada	53.5634	-113.6697
T5T	Edmonton West (West Jasper Place / West Edmonton Mall)	Alberta	Canada	53.5185	-113.6579
T5V	Edmonton (Central Mistatim)	Alberta	Canada	53.5848	-113.6224
T5W	Edmonton (Central Beverly)	Alberta	Canada	53.5645	-113.4022
T5X	Edmonton (East Castledowns)	Alberta	Canada	53.6313	-113.5245
T5Y	Edmonton (Landbank / Oliver / East Lake District)	Alberta	Canada	53.6585	-113.3614
T5Z	Edmonton (West Lake District)	Alberta	Canada	53.6365	-113.4673
T6A	Edmonton (North Capilano)	Alberta	Canada	53.5482	-113.4318
T6B	Edmonton (SE Capilano / West Southeast Industrial / East Bonnie Doon)	Alberta	Canada	53.5128	-113.4194
T6C	Edmonton (Central Bonnie Doon)	Alberta	Canada	53.522	-113.459
T6E	Edmonton (South Bonnie Doon / East University)	Alberta	Canada	53.4914	-113.4802
T6G	Edmonton (West University / Strathcona Place)	Alberta	Canada	53.521	-113.5324
T6H	Edmonton (Southgate / North Riverbend)	Alberta	Canada	53.3753	-113.4585
T6J	Edmonton (Kaskitayo)	Alberta	Canada	53.4564	-113.521
T6K	Edmonton (West Mill Woods)	Alberta	Canada	53.4609	-113.4519
T6L	Edmonton (East Mill Woods)	Alberta	Canada	53.4593	-113.4145
T6M	Edmonton Southwest	Alberta	Canada	53.4593	-113.6546
T6N	Edmonton (South Industrial)	Alberta	Canada	53.465	-113.4776
T6P	Edmonton (East Southeast Industrial / South Clover Bar)	Alberta	Canada	53.5078	-113.3723
T6R	Edmonton (Riverbend)	Alberta	Canada	53.4567	-113.5801
T6S	Edmonton (North Clover Bar)	Alberta	Canada	53.5806	-113.3374
T6T	Edmonton (Meadows)	Alberta	Canada	53.4617	-113.371
T6V	Edmonton (West Castledowns)	Alberta	Canada	53.6112	-113.5746
T6W	Edmonton (Heritage Valley)	Alberta	Canada	53.4179	-113.5785
T6X	Edmonton (Ellerslie)	Alberta	Canada	53.4154	-113.4178
T7A	Drayton Valley	Alberta	Canada	53.2168	-114.9854
T7E	Edson	Alberta	Canada	53.5834	-116.4356
T7N	Barrhead	Alberta	Canada	54.1334	-114.4021
T7P	Westlock	Alberta	Canada	54.1502	-113.8688
T7S	Whitecourt	Alberta	Canada	54.1501	-115.6855
T7V	Hinton	Alberta	Canada	53.4001	-117.5857
T7X	Spruce Grove North	Alberta	Canada	53.5334	-113.9187
T7Y	Spruce Grove South	Alberta	Canada	53.4184	-113.8097
T7Z	Stony Plain	Alberta	Canada	53.5334	-114.0021
T8A	Sherwood Park West	Alberta	Canada	53.528	-113.2512
T8B	Sherwood Park Outer Southwest	Alberta	Canada	53.4397	-113.2952
T8C	Sherwood Park Inner Southwest	Alberta	Canada	53.4391	-113.1903
T8E	Sherwood Park Central	Alberta	Canada	53.5225	-113.1022
T8G	Sherwood Park East	Alberta	Canada	53.5052	-112.9529
T8H	Sherwood Park Northwest	Alberta	Canada	53.556	-113.2952
T8L	Fort Saskatchewan	Alberta	Canada	53.7168	-113.2187
T8N	St. Albert	Alberta	Canada	53.6334	-113.6353
T8R	Morinville	Alberta	Canada	53.8001	-113.652
T8S	Peace River	Alberta	Canada	56.2501	-117.286
T8T	St. Albert	Alberta	Canada	53.6867	-113.7102
T8V	Grande Prairie Central	Alberta	Canada	55.1808	-118.9103
T8W	Grande Prairie South	Alberta	Canada	55.1303	-118.7946
T8X	Grande Prairie East	Alberta	Canada	55.1834	-118.7457
T9A	Wetaskiwin	Alberta	Canada	52.9668	-113.3687
T9C	Vegreville	Alberta	Canada	53.5001	-112.0518
T9E	Leduc	Alberta	Canada	53.2668	-113.552
T9G	Devon	Alberta	Canada	53.3668	-113.7353
T9H	Fort McMurray Outer Central	Alberta	Canada	56.664	-111.1357
T9J	Fort McMurray Inner Central	Alberta	Canada	56.707	-111.3771
T9K	Fort McMurray Northwest	Alberta	Canada	56.7538	-111.435
T9M	Cold Lake	Alberta	Canada	54.4502	-110.2017
T9N	Bonnyville	Alberta	Canada	54.2668	-110.7351
T9S	Athabasca	Alberta	Canada	54.7169	-113.2854
T9V	Lloydminster	Alberta	Canada	53.2717	-110.0853
T9W	Wainwright	Alberta	Canada	52.839	-110.8572
T9X	Vermilion	Alberta	Canada	53.3669	-110.8517
V0A	Upper Columbia Region (Golden)	British Columbia	Canada	51.2994	-116.939
V0B	East Kootenays (Fernie)	British Columbia	Canada	49.6775	-115.5636
V0C	Northern British Columbia (Fort Nelson)	British Columbia	Canada	58.3874	-125.7167
V0E	Central Okanagan and High Country (Revelstoke)	British Columbia	Canada	51.505	-119.2034
V0G	West Kootenays (Rossland)	British Columbia	Canada	50.053	-117.4291
V0H	South Okanagan (Summerland)	British Columbia	Canada	49.4089	-119.0054
V0J	Omineca and Yellowhead (Smithers)	British Columbia	Canada	55.9964	-126.8574
V0K	Cariboo and West Okanagan (100 Mile House)	British Columbia	Canada	51.4367	-121.6384
V0L	Chilcotin (Alexis Creek)	British Columbia	Canada	52.0993	-123.6526
V0M	Harrison Lake Region (Agassiz)	British Columbia	Canada	49.6346	-122.038
V0N	North Island, Sunshine Coast, and Southern Gulf Islands (Whistler)	British Columbia	Canada	51.2944	-126.0745
V0P	North Central Island and Bute Inlet Region (Gold River)	British Columbia	Canada	49.8866	-126.2673
V0R	Central Island (Chemainus)	British Columbia	Canada	49.027	-124.8461
V0S	Juan de Fuca Shore (Sooke)	British Columbia	Canada	48.5432	-123.672
V0T	Inside Passage and the Queen Charlottes (Queen Charlotte City)	British Columbia	Canada	52.2338	-126.2134
V0V	Lower Skeena (Port Edward)	British Columbia	Canada	53.9725	-129.8986
V0W	Atlin Region (Atlin)	British Columbia	Canada	59.6378	-133.5433
V0X	Similkameen (Hope)	British Columbia	Canada	49.3688	-120.6569
V1A	Kimberley	British Columbia	Canada	49.6832	-115.9855
V1B	Vernon East	British Columbia	Canada	50.084	-118.938
V1C	Cranbrook	British Columbia	Canada	49.4999	-115.7688
V1E	Salmon Arm	British Columbia	Canada	50.6998	-119.2691
V1G	Dawson Creek	British Columbia	Canada	55.7666	-120.2362
V1H	Vernon West	British Columbia	Canada	50.2868	-119.4975
V1J	Fort St. John	British Columbia	Canada	56.2499	-120.8529
V1K	Merritt	British Columbia	Canada	50.1122	-120.7942
V1L	Nelson	British Columbia	Canada	49.4999	-117.2855
V1M	Langley Township North	British Columbia	Canada	49.1661	-122.5792
V1N	Castlegar	British Columbia	Canada	49.2998	-117.6689
V1P	Kelowna East	British Columbia	Canada	49.8959	-119.1724
V1R	Trail	British Columbia	Canada	49.0998	-117.7022
V1S	Kamloops Southwest	British Columbia	Canada	50.5583	-120.5477
V1T	Vernon Central	British Columbia	Canada	50.2604	-119.2774
V1V	Kelowna North	British Columbia	Canada	49.9497	-119.4339
V1W	Kelowna Southwest	British Columbia	Canada	49.812	-119.5076
V1X	Kelowna East Central	British Columbia	Canada	50.0528	-119.2858
V1Y	Kelowna Central	British Columbia	Canada	49.8928	-119.4852
V1Z	Kelowna West	British Columbia	Canada	49.8625	-119.5833
V2A	Penticton	British Columbia	Canada	49.4806	-119.5858
V2B	Kamloops Northwest	British Columbia	Canada	50.8869	-120.7357
V2C	Kamloops Central and Southeast	British Columbia	Canada	50.5437	-120.0937
V2E	Kamloops South and West	British Columbia	Canada	50.6736	-120.4212
V2G	Williams Lake	British Columbia	Canada	52.1415	-122.1445
V2H	Kamloops North	British Columbia	Canada	50.7262	-120.1659
V2J	Quesnel	British Columbia	Canada	52.9784	-122.4931
V2K	Prince George North	British Columbia	Canada	54.0508	-122.9221
V2L	Prince George East Central	British Columbia	Canada	53.9078	-122.7473
V2M	Prince George West Central	British Columbia	Canada	53.9127	-122.8708
V2N	Prince George South	British Columbia	Canada	53.6408	-122.954
V2P	Chilliwack Central	British Columbia	Canada	49.1838	-121.9046
V2R	Chilliwack West	British Columbia	Canada	49.076	-121.9883
V2S	Abbotsford Southeast	British Columbia	Canada	49.0423	-122.2835
V2T	Abbotsford Southwest	British Columbia	Canada	49.0384	-122.3485
V2V	Mission East	British Columbia	Canada	49.6463	-122.5047
V2W	Maple Ridge East	British Columbia	Canada	49.2068	-122.4851
V2X	Maple Ridge West	British Columbia	Canada	49.2196	-122.6164
V2Y	Langley Township Northwest	British Columbia	Canada	49.1285	-122.6236
V2Z	Langley Township Southwest	British Columbia	Canada	49.0483	-122.5997
V3A	Langley City	British Columbia	Canada	49.0997	-122.6526
V3B	Port Coquitlam Central	British Columbia	Canada	49.274	-122.7649
V3C	Port Coquitlam South	British Columbia	Canada	49.2436	-122.7865
V3E	Port Coquitlam North	British Columbia	Canada	49.3167	-122.7384
V3G	Abbotsford East	British Columbia	Canada	49.0754	-122.178
V3H	Port Moody	British Columbia	Canada	49.3231	-122.8626
V3J	Coquitlam North	British Columbia	Canada	49.265	-122.8716
V3K	Coquitlam South	British Columbia	Canada	49.2366	-122.8521
V3L	New Westminster Northeast	British Columbia	Canada	49.2201	-122.8998
V3M	New Westminster Southwest (Includes Annacis Island)	British Columbia	Canada	49.1886	-122.9384
V3N	Burnaby (East Big Bend / Stride Avenue / Edmonds / Cariboo-Armstrong)	British Columbia	Canada	49.2275	-122.9301
V3R	Surrey North	British Columbia	Canada	49.1948	-122.8131
V3S	Surrey East	British Columbia	Canada	49.0791	-122.7553
V3T	Surrey Inner Northwest	British Columbia	Canada	49.1894	-122.8454
V3V	Surrey Outer Northwest	British Columbia	Canada	49.1889	-122.873
V3W	Surrey Upper West	British Columbia	Canada	49.141	-122.8569
V3X	Surrey Lower West	British Columbia	Canada	49.1067	-122.8576
V3Y	Pitt Meadows	British Columbia	Canada	49.2212	-122.6896
V3Z	Surrey	British Columbia	Canada	49.1064	-122.8251
V4A	Surrey Southwest	British Columbia	Canada	49.0374	-122.8299
V4B	White Rock	British Columbia	Canada	49.0259	-122.8058
V4C	Delta Northeast	British Columbia	Canada	49.1551	-122.9124
V4E	Delta East	British Columbia	Canada	49.1197	-122.9056
V4G	Delta East Central	British Columbia	Canada	49.1464	-123.0137
V4K	Delta Central	British Columbia	Canada	49.0986	-123.0318
V4L	Delta Southeast	British Columbia	Canada	49.0418	-123.0591
V4M	Delta Southwest	British Columbia	Canada	49.0331	-123.0877
V4N	Surrey Northeast	British Columbia	Canada	49.1707	-122.7326
V4P	Surrey South	British Columbia	Canada	49.0561	-122.8302
V4R	Maple Ridge Northwest	British Columbia	Canada	49.2903	-122.5169
V4S	Mission West	British Columbia	Canada	49.2528	-122.3574
V4T	Westbank	British Columbia	Canada	49.866	-119.7387
V4V	Winfield	British Columbia	Canada	50.0221	-119.4054
V4W	Langley Township East	British Columbia	Canada	49.0713	-122.4977
V4X	Abbotsford West	British Columbia	Canada	49.0861	-122.4026
V4Z	Chilliwack East	British Columbia	Canada	49.0787	-121.6098
V5A	Burnaby (Government Road / Lake City / SFU / Burnaby Mountain)	British Columbia	Canada	49.264	-122.9369
V5B	Burnaby (Parkcrest-Aubrey / Ardingley-Sprott)	British Columbia	Canada	49.2769	-122.9761
V5C	Burnaby (Burnaby Heights / Willingdon Heights / West Central Valley)	British Columbia	Canada	49.274	-123.0074
V5E	Burnaby (Lakeview-Mayfield / Richmond Park / Kingsway-Beresford)	British Columbia	Canada	49.2272	-122.9574
V5G	Burnaby (Cascade-Schou / Douglas-Gilpin)	British Columbia	Canada	49.2478	-122.9938
V5H	Burnaby (Maywood / Marlborough / Oakalla / Windsor)	British Columbia	Canada	49.2302	-122.9952
V5J	Burnaby (Suncrest / Sussex-Nelson / Clinton-Glenwood / West Big Bend)	British Columbia	Canada	49.2038	-122.9921
V5K	Vancouver (North Hastings-Sunrise)	British Columbia	Canada	49.2807	-123.0397
V5L	Vancouver (North Grandview-Woodlands)	British Columbia	Canada	49.2795	-123.0667
V5M	Vancouver (South Hastings-Sunrise / North Renfrew-Collingwood)	British Columbia	Canada	49.26	-123.0398
V5N	Vancouver (South Grandview-Woodlands / NE Kensington)	British Columbia	Canada	49.2551	-123.0667
V5P	Vancouver (SE Kensington / Victoria-Fraserview)	British Columbia	Canada	49.222	-123.0683
V5R	Vancouver (South Renfrew-Collingwood)	British Columbia	Canada	49.2397	-123.0407
V5S	Vancouver (Killarney)	British Columbia	Canada	49.2175	-123.038
V5T	Vancouver (East Mount Pleasant)	British Columbia	Canada	49.262	-123.0923
V5V	Vancouver (West Kensington / NE Riley Park-Little Mountain)	British Columbia	Canada	49.248	-123.0913
V5W	Vancouver (SE Riley Park-Little Mountain / SW Kensington / NE Oakridge / North Sunset)	British Columbia	Canada	49.2327	-123.0917
V5X	Vancouver (SE Oakridge / East Marpole / South Sunset)	British Columbia	Canada	49.2156	-123.0979
V5Y	Vancouver (West Mount Pleasant / West Riley Park-Little Mountain)	British Columbia	Canada	49.2492	-123.1104
V5Z	Vancouver (East Fairview / South Cambie)	British Columbia	Canada	49.2475	-123.121
V6A	Vancouver (Strathcona / Chinatown / Downtown Eastside)	British Columbia	Canada	49.2779	-123.0908
V6B	Vancouver (NE Downtown / Harbour Centre / Gastown / Yaletown)	British Columbia	Canada	49.2788	-123.1139
V6C	Vancouver (Waterfront / Coal Harbour / Canada Place)	British Columbia	Canada	49.2866	-123.1158
V6E	Vancouver (South West End)	British Columbia	Canada	49.2833	-123.1298
V6G	Vancouver (North West End / Stanley Park)	British Columbia	Canada	49.299	-123.1408
V6H	Vancouver (West Fairview / Granville Island / NE Shaughnessy)	British Columbia	Canada	49.2559	-123.1322
V6J	Vancouver (NW Shaughnessy / East Kitsilano / Quilchena)	British Columbia	Canada	49.2603	-123.146
V6K	Vancouver (Central Kitsilano)	British Columbia	Canada	49.2646	-123.1648
V6L	Vancouver (NW Arbutus Ridge)	British Columbia	Canada	49.2497	-123.166
V6M	Vancouver (South Shaughnessy / NW Oakridge / NE Kerrisdale / SE Arbutus Ridge)	British Columbia	Canada	49.2344	-123.1451
V6N	Vancouver (Dunbar-Southlands / Musqueam)	British Columbia	Canada	49.2302	-123.189
V6P	Vancouver (SE Kerrisdale / SW Oakridge / West Marpole)	British Columbia	Canada	49.2151	-123.1396
V6R	Vancouver (West Kitsilano / Jericho)	British Columbia	Canada	49.2666	-123.1976
V6S	Vancouver (Chaldecutt / South University Endowment Lands)	British Columbia	Canada	49.2491	-123.2088
V6T	Vancouver (UBC)	British Columbia	Canada	49.4635	-122.822
V6V	Richmond Northeast	British Columbia	Canada	49.1853	-123.0386
V6W	Richmond Southeast	British Columbia	Canada	49.1534	-123.048
V6X	Richmond North	British Columbia	Canada	49.1836	-123.1168
V6Y	Richmond Central	British Columbia	Canada	49.17	-123.1368
V6Z	Vancouver (SW Downtown)	British Columbia	Canada	49.2767	-123.13
V7A	Richmond South	British Columbia	Canada	49.1205	-123.1171
V7B	Richmond (Sea Island / YVR)	British Columbia	Canada	49.1988	-123.1799
V7C	Richmond West	British Columbia	Canada	49.1626	-123.1721
V7E	Richmond Southwest	British Columbia	Canada	49.1323	-123.1705
V7G	North Vancouver Outer East	British Columbia	Canada	49.3678	-122.9278
V7H	North Vancouver Inner East	British Columbia	Canada	49.3551	-122.9802
V7J	North Vancouver East Central	British Columbia	Canada	49.3622	-123.0178
V7K	North Vancouver North Central	British Columbia	Canada	49.3597	-123.0377
V7L	North Vancouver South Central	British Columbia	Canada	49.316	-123.0576
V7M	North Vancouver Southwest Central	British Columbia	Canada	49.3222	-123.0834
V7N	North Vancouver Northwest Central	British Columbia	Canada	49.35	-123.0679
V7P	North Vancouver Southwest	British Columbia	Canada	49.322	-123.1149
V7R	North Vancouver Northwest	British Columbia	Canada	49.3775	-123.0862
V7S	West Vancouver North	British Columbia	Canada	49.3745	-123.1864
V7T	West Vancouver Southeast	British Columbia	Canada	49.3322	-123.1417
V7V	West Vancouver South	British Columbia	Canada	49.3397	-123.1912
V7W	West Vancouver West	British Columbia	Canada	49.3615	-123.2627
V7X	Vancouver (Bentall Centre)	British Columbia	Canada	49.2935	-123.1162
V7Y	Vancouver (Pacific Centre)	British Columbia	Canada	49.2819	-123.119
V8A	Powell River	British Columbia	Canada	50.0163	-124.3226
V8B	Squamish	British Columbia	Canada	49.7002	-123.156
V8C	Kitimat	British Columbia	Canada	54.0524	-128.6534
V8E	Whistler	British Columbia	Canada	50.1182	-122.954
V8G	Terrace	British Columbia	Canada	54.5163	-128.6035
V8J	Prince Rupert	British Columbia	Canada	54.3161	-130.3201
V8K	Saltspring Island	British Columbia	Canada	48.8138	-123.4973
V8L	Sidney	British Columbia	Canada	48.6496	-123.4026
V8M	Central Saanich	British Columbia	Canada	48.5663	-123.4193
V8N	Saanich East	British Columbia	Canada	48.4765	-123.3145
V8P	Saanich Southeast	British Columbia	Canada	48.4583	-123.3325
V8R	Oak Bay North	British Columbia	Canada	48.4496	-123.3026
V8S	Oak Bay South	British Columbia	Canada	48.42	-123.3047
V8T	Victoria North	British Columbia	Canada	48.4392	-123.3566
V8V	Victoria South	British Columbia	Canada	48.4167	-123.365
V8W	Victoria Central British Columbia Provincial Government	British Columbia	Canada	48.4267	-123.3655
V8X	Saanich South	British Columbia	Canada	48.4777	-123.3658
V8Y	Saanich North	British Columbia	Canada	48.5247	-123.3745
V8Z	Saanich Central	British Columbia	Canada	48.4993	-123.4003
V9A	Esquimalt	British Columbia	Canada	48.4496	-123.4193
V9B	Highlands	British Columbia	Canada	48.4793	-123.5271
V9C	Metchosin	British Columbia	Canada	48.3829	-123.5359
V9E	Saanich West	British Columbia	Canada	48.5219	-123.453
V9G	Ladysmith	British Columbia	Canada	48.9829	-123.8194
V9H	Campbell River Outskirts	British Columbia	Canada	49.9088	-125.5862
V9J	Courtenay Northern Outskirts	British Columbia	Canada	49.7242	-125.2604
V9K	Qualicum Beach	British Columbia	Canada	49.3468	-124.4361
V9L	Duncan	British Columbia	Canada	48.7829	-123.7027
V9M	Comox	British Columbia	Canada	49.6829	-124.9361
V9N	Courtenay Central	British Columbia	Canada	49.6585	-124.9835
V9P	Parksville	British Columbia	Canada	49.3163	-124.3194
V9R	Nanaimo South	British Columbia	Canada	49.1609	-123.9825
V9S	Nanaimo Central	British Columbia	Canada	49.1886	-123.963
V9T	Nanaimo North	British Columbia	Canada	49.2146	-124.02
V9V	Nanaimo Northwest	British Columbia	Canada	49.2391	-124.0227
V9W	Campbell River Central	British Columbia	Canada	50.0769	-125.5909
V9X	Cedar	British Columbia	Canada	49.0419	-123.979
V9Y	Port Alberni	British Columbia	Canada	49.2413	-124.8028
V9Z	Sooke	British Columbia	Canada	48.3746	-123.7276
X0A	Outer Nunavut (Iqaluit)	Nunavut	Canada	79.6218	-76.7765
X0B	Central Nunavut (Cambridge Bay)	Nunavut	Canada	70.9072	-106.9604
X0C	Inner Nunavut (Rankin Inlet)	Nunavut	Canada	64.1647	-94.7724
X0E	Central Northwest Territories (Inuvik)	Northwest Territories	Canada	66.8714	-120.225
X0G	Southwestern Northwest Territories (Fort Liard)	Northwest Territories	Canada	60.2563	-123.3826
X1A	Yellowknife	Northwest Territories	Canada	62.456	-114.3525
Y0A	Southeastern Yukon (Watson Lake)	Yukon	Canada	61.5793	-131.1481
Y0B	Central Yukon (Dawson City)	Yukon	Canada	64.645	-137.536
Y1A	Whitehorse	Yukon	Canada	60.7161	-135.0537
AB10	Aberdeen	Scotland	United Kingdom	57.1437	-2.0981
AB11	Aberdeen	Scotland	United Kingdom	57.1437	-2.0981
AB12	Aberdeen	Scotland	United Kingdom	57.1437	-2.0981
AB13	Aberdeen	Scotland	United Kingdom	57.1086	-2.2392
AB14	Peterculter	Scotland	United Kingdom	57.0993	-2.2659
AB15	Aberdeen	Scotland	United Kingdom	57.1378	-2.1663
AB16	Aberdeen	Scotland	United Kingdom	57.16	-2.1567
AB21	Aberdeen	Scotland	United Kingdom	57.2111	-2.2037
AB22	Danestone	Scotland	United Kingdom	57.1865	-2.1214
AB23	Balmedie	Scotland	United Kingdom	57.2505	-2.0616
AB24	Aberdeen	Scotland	United Kingdom	57.1437	-2.0981
AB25	Aberdeen	Scotland	United Kingdom	57.1437	-2.0981
AB30	Laurencekirk	Scotland	United Kingdom	56.8334	-2.4654
AB31	Banchory	Scotland	United Kingdom	57.0517	-2.4882
AB32	Westhill	Scotland	United Kingdom	57.1526	-2.2797
AB33	Alford	Scotland	United Kingdom	57.2326	-2.703
AB34	Aboyne	Scotland	United Kingdom	57.0755	-2.7802
AB35	Ballater	Scotland	United Kingdom	57.0493	-3.0402
AB36	Tornahaish	Scotland	United Kingdom	57.197	-3.0687
AB37	Bridge of Brown	Scotland	United Kingdom	57.2616	-3.3456
AB38	Rothes	Scotland	United Kingdom	57.5262	-3.2066
AB39	Aberdeen	Scotland	United Kingdom	56.9773	-2.2184
AB41	Ellon	Scotland	United Kingdom	57.3641	-2.0731
AB42	Peterhead	Scotland	United Kingdom	57.5058	-1.7981
AB43	Fraserburgh	Scotland	United Kingdom	57.6874	-2.0184
AB44	Macduff	Scotland	United Kingdom	57.6701	-2.4969
AB45	Banff	Scotland	United Kingdom	57.6648	-2.5296
AB51	Inverurie	Scotland	United Kingdom	57.2845	-2.3774
AB52	Insch	Scotland	United Kingdom	57.3427	-2.6132
AB53	Turriff	Scotland	United Kingdom	57.5384	-2.4593
AB54	Huntly	Scotland	United Kingdom	57.4474	-2.7861
AB55	Keith	Scotland	United Kingdom	57.5363	-2.9481
AB56	Buckie	Scotland	United Kingdom	57.6757	-2.9624
AB99	Aberdeen City	Scotland	United Kingdom	57.1113	-2.094
AL1	St Albans	England	United Kingdom	51.75	-0.3333
AL10	Hatfield	England	United Kingdom	51.7634	-0.2242
AL2	London Colney	England	United Kingdom	51.7245	-0.2965
AL3	St Albans	England	United Kingdom	51.75	-0.3333
AL4	Wheathampstead	England	United Kingdom	51.8115	-0.2937
AL5	Harpenden	England	United Kingdom	51.8168	-0.3571
AL6	Welwyn	England	United Kingdom	51.8331	-0.2136
AL7	Hatfield Hyde	England	United Kingdom	51.7969	-0.1871
AL8	Welwyn Garden City	England	United Kingdom	51.8017	-0.2069
AL9	Woodside	England	United Kingdom	51.7449	-0.1984
B1	Birmingham	England	United Kingdom	52.4814	-1.8998
B10	Birmingham	England	United Kingdom	52.4698	-1.8523
B11	Birmingham	England	United Kingdom	52.4548	-1.8596
B12	Birmingham	England	United Kingdom	52.4814	-1.8998
B13	Springfield	England	United Kingdom	52.4371	-1.8795
B14	King's Heath	England	United Kingdom	52.4174	-1.8898
B15	Edgbaston	England	United Kingdom	52.4623	-1.9212
B16	Birmingham	England	United Kingdom	52.4768	-1.9341
B17	Harborne	England	United Kingdom	52.4585	-1.9573
B18	Birmingham	England	United Kingdom	52.4814	-1.8998
B19	Birmingham	England	United Kingdom	52.4814	-1.8998
B2	Birmingham	England	United Kingdom	52.4814	-1.8998
B20	Birmingham	England	United Kingdom	52.5156	-1.9195
B21	Handsworth	England	United Kingdom	52.5064	-1.9406
B23	Short Heath	England	United Kingdom	52.5282	-1.8549
B24	Tyburn	England	United Kingdom	52.5194	-1.8013
B25	Yardley	England	United Kingdom	52.4666	-1.8103
B26	South Yardley	England	United Kingdom	52.4613	-1.79
B27	Acock's Green	England	United Kingdom	52.4447	-1.8229
B28	Hall Green	England	United Kingdom	52.4272	-1.8432
B29	Bournbrook	England	United Kingdom	52.4393	-1.9402
B3	Birmingham	England	United Kingdom	52.4814	-1.8998
B30	Cotteridge	England	United Kingdom	52.4167	-1.9167
B31	Longbridge	England	United Kingdom	52.4	-1.9833
B32	Frankley	England	United Kingdom	52.4167	-2
B33	Tile Cross	England	United Kingdom	52.4804	-1.7883
B34	Birmingham	England	United Kingdom	52.4963	-1.7818
B35	Birmingham	England	United Kingdom	52.5188	-1.7891
B36	Castle Bromwich	England	United Kingdom	52.5019	-1.7826
B37	Marston Green	England	United Kingdom	52.4685	-1.7482
B38	West Heath	England	United Kingdom	52.3999	-1.9349
B4	Birmingham	England	United Kingdom	52.4814	-1.8998
B40	Birmingham	England	United Kingdom	52.4589	-1.7235
B42	Perry Barr	England	United Kingdom	52.5158	-1.9017
B43	Great Barr	England	United Kingdom	52.5459	-1.9333
B44	Kingstanding	England	United Kingdom	52.5457	-1.8851
B45	Barnt Green	England	United Kingdom	52.359	-2.0072
B46	Water Orton	England	United Kingdom	52.5158	-1.74
B47	Drakes Cross	England	United Kingdom	52.3752	-1.8757
B48	Alvechurch	England	United Kingdom	52.3517	-1.9653
B49	Alcester	England	United Kingdom	52.2167	-1.8667
B5	Birmingham	England	United Kingdom	52.4814	-1.8998
B50	Bidford-on-Avon	England	United Kingdom	52.1672	-1.8565
B6	Aston	England	United Kingdom	52.5047	-1.8863
B60	Stoke Prior	England	United Kingdom	52.3	-2.0667
B61	Bromsgrove	England	United Kingdom	52.3357	-2.0598
B62	Romsley	England	United Kingdom	52.4167	-2.05
B63	Halesowen	England	United Kingdom	52.4486	-2.0494
B64	Old Hill	England	United Kingdom	52.4833	-2.0667
B65	Rowley Regis	England	United Kingdom	52.4829	-2.0438
B66	Smethwick	England	United Kingdom	52.497	-1.973
B67	Warley	England	United Kingdom	52.4857	-1.9787
B68	Warley	England	United Kingdom	52.4785	-2.0014
B69	Oldbury	England	United Kingdom	52.5	-2.0167
B7	Birmingham	England	United Kingdom	52.4941	-1.8726
B70	West Bromwich	England	United Kingdom	52.5187	-1.9945
B71	Bird End	England	United Kingdom	52.5359	-1.9905
B72	Wylde Green	England	United Kingdom	52.5333	-1.8167
B73	Sutton Coldfield	England	United Kingdom	52.5667	-1.8167
B74	Sutton Coldfield	England	United Kingdom	52.584	-1.8616
B75	Roughley	England	United Kingdom	52.5879	-1.8128
B76	Curdworth	England	United Kingdom	52.5338	-1.7369
B77	Glascote	England	United Kingdom	52.6251	-1.6746
B78	Polesworth	England	United Kingdom	52.6196	-1.6104
B79	Tamworth	England	United Kingdom	52.634	-1.6959
B8	Ward End	England	United Kingdom	52.4916	-1.8596
B80	Studley	England	United Kingdom	52.2703	-1.8919
B9	Birmingham	England	United Kingdom	52.4783	-1.8506
B90	Shirley	England	United Kingdom	52.4107	-1.8195
B91	Solihull	England	United Kingdom	52.4143	-1.7809
B92	Hampton in Arden	England	United Kingdom	52.4254	-1.7027
B93	Knowle	England	United Kingdom	52.3833	-1.7333
B94	Hockley Heath	England	United Kingdom	52.3548	-1.7803
B95	Aston Cantlow	England	United Kingdom	52.2377	-1.7984
B96	Astwood Bank	England	United Kingdom	52.2599	-1.9375
B97	Redditch	England	United Kingdom	52.3065	-1.9457
B98	Beoley	England	United Kingdom	52.3238	-1.8961
B99	Birmingham	England	United Kingdom	52.4814	-1.8998
BA1	Bath	England	United Kingdom	51.3751	-2.3617
BA10	Bruton	England	United Kingdom	51.1125	-2.4528
BA11	Frome	England	United Kingdom	51.2283	-2.3221
BA12	Warminster	England	United Kingdom	51.2043	-2.1787
BA13	Westbury	England	United Kingdom	51.26	-2.1875
BA14	Trowbridge	England	United Kingdom	51.3189	-2.2086
BA15	Bradford-on-Avon	England	United Kingdom	51.3477	-2.2506
BA16	Street	England	United Kingdom	51.1247	-2.74
BA2	Wellow	England	United Kingdom	51.3244	-2.3742
BA20	Yeovil	England	United Kingdom	50.9416	-2.6321
BA21	Mudford	England	United Kingdom	50.9743	-2.6077
BA22	Ilchester	England	United Kingdom	51.0059	-2.6798
BA3	Midsomer Norton	England	United Kingdom	51.2857	-2.4859
BA4	Shepton Mallet	England	United Kingdom	51.1897	-2.5472
BA5	Wells	England	United Kingdom	51.2079	-2.649
BA6	Glastonbury	England	United Kingdom	51.1474	-2.7207
BA7	Castle Cary	England	United Kingdom	51.09	-2.5142
BA8	Templecombe	England	United Kingdom	50.9991	-2.4158
BA9	Wincanton	England	United Kingdom	51.0568	-2.4057
BB1	Blackburn	England	United Kingdom	53.75	-2.4833
BB10	Brierfield	England	United Kingdom	53.8247	-2.2342
BB11	Burnley	England	United Kingdom	53.8	-2.2333
BB12	Padiham	England	United Kingdom	53.8019	-2.3151
BB18	Barnoldswick	England	United Kingdom	53.9171	-2.187
BB2	Balderstone	England	United Kingdom	53.7833	-2.5667
BB3	Darwen	England	United Kingdom	53.698	-2.4649
BB4	Rawtenstall	England	United Kingdom	53.7008	-2.2844
BB5	Accrington	England	United Kingdom	53.7538	-2.3586
BB6	Great Harwood	England	United Kingdom	53.7851	-2.4087
BB7	Clitheroe	England	United Kingdom	53.8667	-2.4
BB8	Colne	England	United Kingdom	53.8571	-2.1685
BB9	Nelson	England	United Kingdom	53.8333	-2.2
BB94	Earby	England	United Kingdom	53.9155	-2.1428
BD1	Bradford	England	United Kingdom	53.7939	-1.7521
BD10	Bradford	England	United Kingdom	53.8328	-1.7255
BD11	Drighlington	England	United Kingdom	53.7559	-1.6644
BD12	Low Moor	England	United Kingdom	53.7544	-1.7622
BD13	Queensbury	England	United Kingdom	53.7667	-1.9167
BD14	Clayton	England	United Kingdom	53.7667	-1.8167
BD15	Wilsden	England	United Kingdom	53.8208	-1.8596
BD16	Bingley	England	United Kingdom	53.8486	-1.8386
BD17	Baildon	England	United Kingdom	53.8471	-1.7879
BD18	Shipley	England	United Kingdom	53.8333	-1.7667
BD19	Cleckheaton	England	United Kingdom	53.724	-1.7129
BD2	Bradford	England	United Kingdom	53.7939	-1.7521
BD20	Cross Hills	England	United Kingdom	53.9061	-1.9849
BD21	Keighley	England	United Kingdom	53.8679	-1.9066
BD22	Haworth	England	United Kingdom	53.8291	-1.9483
BD23	Skipton	England	United Kingdom	53.9614	-2.0168
BD24	Settle	England	United Kingdom	54.0686	-2.2772
BD3	Bradford	England	United Kingdom	53.7939	-1.7521
BD4	Tong Street	England	United Kingdom	53.7707	-1.7294
BD5	Bradford	England	United Kingdom	53.7939	-1.7521
BD6	Buttershaw	England	United Kingdom	53.7612	-1.7974
BD7	Bradford	England	United Kingdom	53.7835	-1.7851
BD8	Bradford	England	United Kingdom	53.8017	-1.7839
BD9	Bradford	England	United Kingdom	53.8128	-1.7919
BD97	Bradford	England	United Kingdom	53.8505	-1.8374
BD98	Bradford	England	United Kingdom	53.8238	-1.7703
BD99	Bradford	England	United Kingdom	53.7939	-1.7521
BH1	Bournemouth	England	United Kingdom	50.7205	-1.8795
BH10	Bournemouth	England	United Kingdom	50.7595	-1.8931
BH11	Kinson	England	United Kingdom	50.7655	-1.9096
BH12	Newtown	England	United Kingdom	50.7374	-1.9271
BH13	Canford Cliffs	England	United Kingdom	50.7036	-1.9209
BH14	Parkstone	England	United Kingdom	50.7299	-1.9449
BH15	Poole	England	United Kingdom	50.7167	-2
BH16	Lytchett Matravers	England	United Kingdom	50.7583	-2.0781
BH17	Waterloo	England	United Kingdom	50.747	-1.9801
BH18	Broadstone	England	United Kingdom	50.75	-1.9833
BH19	Swanage	England	United Kingdom	50.6092	-1.9626
BH2	Bournemouth	England	United Kingdom	50.7205	-1.8795
BH20	Wareham	England	United Kingdom	50.6889	-2.1104
BH21	Wimborne Minster	England	United Kingdom	50.7833	-1.9833
BH22	Ferndown	England	United Kingdom	50.8074	-1.8998
BH23	Christchurch	England	United Kingdom	50.7331	-1.7757
BH24	Ringwood	England	United Kingdom	50.8464	-1.7784
BH25	New Milton	England	United Kingdom	50.756	-1.6658
BH3	Winton	England	United Kingdom	50.7333	-1.8667
BH31	Verwood	England	United Kingdom	50.8758	-1.8702
BH4	Westbourne	England	United Kingdom	50.723	-1.8996
BH5	Boscombe	England	United Kingdom	50.7252	-1.8419
BH6	Wick	England	United Kingdom	50.7276	-1.78
BH7	Bournemouth	England	United Kingdom	50.7363	-1.827
BH8	Holdenhurst	England	United Kingdom	50.7568	-1.8194
BH9	Moordown	England	United Kingdom	50.7497	-1.8734
BL0	Ramsbottom	England	United Kingdom	53.6479	-2.3168
BL1	Bolton	England	United Kingdom	53.5833	-2.4333
BL11	Bolton	England	United Kingdom	53.5833	-2.4333
BL2	Harwood	England	United Kingdom	53.5833	-2.3833
BL3	Little Lever	England	United Kingdom	53.5635	-2.378
BL4	Farnworth	England	United Kingdom	53.55	-2.4
BL5	Westhoughton	England	United Kingdom	53.549	-2.5246
BL6	Horwich	England	United Kingdom	53.6013	-2.5498
BL7	Edgworth	England	United Kingdom	53.6464	-2.394
BL78	Bolton	England	United Kingdom	53.5833	-2.4333
BL8	Tottington	England	United Kingdom	53.6133	-2.3407
BL9	Bury	England	United Kingdom	53.6	-2.3
BN1	Coldean	England	United Kingdom	50.8614	-0.1204
BN10	Peacehaven	England	United Kingdom	50.7927	-0.0065
BN11	Worthing	England	United Kingdom	50.818	-0.3754
BN12	Goring-by-Sea	England	United Kingdom	50.8124	-0.4219
BN13	West Tarring	England	United Kingdom	50.825	-0.3943
BN14	Broadwater	England	United Kingdom	50.8289	-0.3759
BN15	North Lancing	England	United Kingdom	50.8288	-0.3225
BN16	Rustington	England	United Kingdom	50.8103	-0.5067
BN17	Littlehampton	England	United Kingdom	50.8069	-0.5378
BN18	Yapton	England	United Kingdom	50.8209	-0.613
BN2	Brighton	England	United Kingdom	50.8284	-0.1395
BN20	Friston	England	United Kingdom	50.764	0.1993
BN21	Eastbourne	England	United Kingdom	50.7687	0.2845
BN22	Hampden Park	England	United Kingdom	50.7894	0.2837
BN23	Friday Street	England	United Kingdom	50.7977	0.3125
BN24	Pevensey	England	United Kingdom	50.8197	0.3396
BN25	Seaford	England	United Kingdom	50.7714	0.1027
BN26	Alfriston	England	United Kingdom	50.8076	0.1567
BN27	Hailsham	England	United Kingdom	50.8622	0.2577
BN3	Hove	England	United Kingdom	50.8309	-0.1672
BN41	Portslade	England	United Kingdom	50.8429	-0.2161
BN42	Southwick	England	United Kingdom	50.8368	-0.2384
BN43	Shoreham-by-Sea	England	United Kingdom	50.8341	-0.2743
BN44	Steyning	England	United Kingdom	50.8874	-0.3279
BN45	Poynings	England	United Kingdom	50.8944	-0.2046
BN5	Henfield	England	United Kingdom	50.9299	-0.2707
BN50	The City of Brighton and Hove	England	United Kingdom	50.8254	-0.1407
BN51	Rottingdean	England	United Kingdom	50.8098	-0.0594
BN52	The City of Brighton and Hove	England	United Kingdom	50.8344	-0.1681
BN6	Hurstpierpoint	England	United Kingdom	50.9339	-0.1801
BN7	Lewes	England	United Kingdom	50.8742	0.0077
BN8	Newick	England	United Kingdom	50.9752	0.0158
BN88	The City of Brighton and Hove	England	United Kingdom	50.8269	-0.1404
BN9	Newhaven	England	United Kingdom	50.7969	0.0554
BN91	Worthing	England	United Kingdom	50.818	-0.3754
BN95	Churchill Ward	England	United Kingdom	50.8232	-0.3301
BN99	Worthing	England	United Kingdom	50.818	-0.3754
BR1	Bickley	England	United Kingdom	51.4013	0.0458
BR2	Hayes	England	United Kingdom	51.3778	0.0191
BR3	Beckenham	England	United Kingdom	51.4088	-0.0253
BR4	West Wickham	England	United Kingdom	51.3667	-0.0167
BR5	St Paul's Cray	England	United Kingdom	51.3833	0.1167
BR6	Orpington	England	United Kingdom	51.3746	0.0978
BR7	Chislehurst	England	United Kingdom	51.4171	0.0686
BR8	Swanley	England	United Kingdom	51.3972	0.1732
BS0	City of Bristol	England	United Kingdom	51.4646	-2.5636
BS1	Bristol	England	United Kingdom	51.4552	-2.5966
BS10	Henbury	England	United Kingdom	51.5028	-2.6217
BS11	Avonmouth	England	United Kingdom	51.5101	-2.689
BS13	Bishopsworth	England	United Kingdom	51.4121	-2.612
BS14	Whitchurch	England	United Kingdom	51.4061	-2.5627
BS15	Kingswood	England	United Kingdom	51.4528	-2.5083
BS16	Mangotsfield	England	United Kingdom	51.4878	-2.504
BS2	Bristol	England	United Kingdom	51.4552	-2.5966
BS20	Portishead	England	United Kingdom	51.482	-2.7697
BS21	Clevedon	England	United Kingdom	51.4423	-2.8579
BS22	Kewstoke	England	United Kingdom	51.3653	-2.959
BS23	Weston-super-Mare	England	United Kingdom	51.346	-2.9767
BS24	Banwell	England	United Kingdom	51.3289	-2.8691
BS25	Winscombe	England	United Kingdom	51.3132	-2.8318
BS26	Axbridge	England	United Kingdom	51.2869	-2.8169
BS27	Cheddar	England	United Kingdom	51.2754	-2.7766
BS28	Wedmore	England	United Kingdom	51.2273	-2.8115
BS29	Banwell	England	United Kingdom	51.3289	-2.8691
BS3	Bristol	England	United Kingdom	51.4552	-2.5966
BS30	Wick	England	United Kingdom	51.4531	-2.4236
BS31	Bristol	England	United Kingdom	51.4084	-2.4918
BS32	Bristol	England	United Kingdom	51.5441	-2.5582
BS34	Bristol	England	United Kingdom	51.5241	-2.5661
BS35	Bristol	England	United Kingdom	51.5975	-2.5485
BS36	Winterbourne	England	United Kingdom	51.5233	-2.5044
BS37	Yate	England	United Kingdom	51.5407	-2.4184
BS39	Bristol	England	United Kingdom	51.329	-2.5339
BS4	Knowle	England	United Kingdom	51.4355	-2.5633
BS40	Bristol	England	United Kingdom	51.3467	-2.6912
BS41	Bristol	England	United Kingdom	51.4222	-2.6536
BS48	Nailsea and Backwell	England	United Kingdom	51.4253	-2.7484
BS49	Yatton	England	United Kingdom	51.389	-2.8187
BS5	Bristol	England	United Kingdom	51.462	-2.5519
BS6	Bristol	England	United Kingdom	51.4552	-2.5966
BS7	Horfield	England	United Kingdom	51.4767	-2.5572
BS8	Failand	England	United Kingdom	51.4398	-2.6892
BS80	Weston-Super-Mare	England	United Kingdom	51.502	-2.6153
BS9	Westbury on Trym	England	United Kingdom	51.4874	-2.6266
BS98	City of Bristol	England	United Kingdom	51.4646	-2.5636
BS99	Bristol (PO Boxes)	England	United Kingdom	51.4646	-2.5636
BT1	Belfast	Northern Ireland	United Kingdom	54.5833	-5.9333
BT10	Belfast	Northern Ireland	United Kingdom	54.5833	-5.9333
BT11	Belfast	Northern Ireland	United Kingdom	54.5833	-5.9333
BT12	Belfast	Northern Ireland	United Kingdom	54.5833	-5.9333
BT13	Belfast	Northern Ireland	United Kingdom	54.5833	-5.9333
BT14	Belfast	Northern Ireland	United Kingdom	54.5833	-5.9333
BT15	Belfast	Northern Ireland	United Kingdom	54.5833	-5.9333
BT16	Belfast	Northern Ireland	United Kingdom	54.5833	-5.9333
BT17	Belfast	Northern Ireland	United Kingdom	54.5833	-5.9333
BT18	Holywood	Northern Ireland	United Kingdom	54.6386	-5.8247
BT19	Bangor	Northern Ireland	United Kingdom	54.6534	-5.6689
BT2	Belfast	Northern Ireland	United Kingdom	54.5833	-5.9333
BT20	Bangor	Northern Ireland	United Kingdom	54.6534	-5.6689
BT21	Donaghadee	Northern Ireland	United Kingdom	54.6413	-5.5359
BT22	Newtownards	Northern Ireland	United Kingdom	54.5924	-5.6909
BT23	Newtownards	Northern Ireland	United Kingdom	54.5924	-5.6909
BT24	Ballynahinch	Northern Ireland	United Kingdom	54.4	-5.8833
BT25	Dromore	Northern Ireland	United Kingdom	54.4167	-6.15
BT26	Hillsborough	Northern Ireland	United Kingdom	54.4635	-6.0766
BT27	Lisburn	Northern Ireland	United Kingdom	54.5234	-6.0353
BT28	Lisburn	Northern Ireland	United Kingdom	54.5234	-6.0353
BT29	Belfast	Northern Ireland	United Kingdom	54.5833	-5.9333
BT3	Belfast	Northern Ireland	United Kingdom	54.5833	-5.9333
BT30	Downpatrick	Northern Ireland	United Kingdom	54.3281	-5.7153
BT31	Castlewellan	Northern Ireland	United Kingdom	54.2569	-5.9445
BT32	Banbridge	Northern Ireland	United Kingdom	54.35	-6.2833
BT33	Newcastle	Northern Ireland	United Kingdom	54.218	-5.8898
BT34	Newry	Northern Ireland	United Kingdom	54.1784	-6.3374
BT35	Newry	Northern Ireland	United Kingdom	54.1784	-6.3374
BT36	Newtownabbey	Northern Ireland	United Kingdom	54.6598	-5.9086
BT37	Newtownabbey	Northern Ireland	United Kingdom	54.6598	-5.9086
BT38	Carrickfergus	Northern Ireland	United Kingdom	54.7158	-5.8058
BT39	Ballyclare	Northern Ireland	United Kingdom	54.7667	-6.0167
BT4	Belfast	Northern Ireland	United Kingdom	54.5833	-5.9333
BT40	Larne	Northern Ireland	United Kingdom	54.85	-5.8167
BT41	Antrim	Northern Ireland	United Kingdom	54.7	-6.2
BT42	Ballymena	Northern Ireland	United Kingdom	54.8636	-6.2763
BT43	Ballymena	Northern Ireland	United Kingdom	54.8636	-6.2763
BT44	Ballymena	Northern Ireland	United Kingdom	54.8636	-6.2763
BT45	Magherafelt	Northern Ireland	United Kingdom	54.7536	-6.6066
BT46	Maghera	Northern Ireland	United Kingdom	54.8439	-6.6714
BT47	Derry	Northern Ireland	United Kingdom	54.9981	-7.3093
BT48	Culmore	Northern Ireland	United Kingdom	55.05	-7.2667
BT49	Limavady	Northern Ireland	United Kingdom	55.0504	-6.9507
BT5	Belfast	Northern Ireland	United Kingdom	54.5833	-5.9333
BT51	Coleraine	Northern Ireland	United Kingdom	55.1333	-6.6667
BT52	Coleraine	Northern Ireland	United Kingdom	55.1333	-6.6667
BT53	Ballymoney	Northern Ireland	United Kingdom	55.0708	-6.5101
BT54	Ballycastle	Northern Ireland	United Kingdom	55.2044	-6.243
BT55	Portstewart	Northern Ireland	United Kingdom	55.1813	-6.714
BT56	Portrush	Northern Ireland	United Kingdom	55.1959	-6.6493
BT57	Bushmills	Northern Ireland	United Kingdom	55.2049	-6.5192
BT58	Child Support Agency	Northern Ireland	United Kingdom	55.0591	-6.4342
BT6	Belfast	Northern Ireland	United Kingdom	54.5833	-5.9333
BT60	Armagh	Northern Ireland	United Kingdom	54.35	-6.6667
BT61	Armagh	Northern Ireland	United Kingdom	54.35	-6.6667
BT62	Craigavon	Northern Ireland	United Kingdom	54.4471	-6.387
BT63	Craigavon	Northern Ireland	United Kingdom	54.4471	-6.387
BT64	Craigavon	Northern Ireland	United Kingdom	54.4471	-6.387
BT65	Craigavon	Northern Ireland	United Kingdom	54.4471	-6.387
BT66	Craigavon	Northern Ireland	United Kingdom	54.4471	-6.387
BT67	Craigavon	Northern Ireland	United Kingdom	54.4471	-6.387
BT68	Caledon	Northern Ireland	United Kingdom	54.35	-6.8333
BT69	Aughnacloy	Northern Ireland	United Kingdom	54.4167	-6.9667
BT7	Belfast	Northern Ireland	United Kingdom	54.5833	-5.9333
BT70	Dungannon	Northern Ireland	United Kingdom	54.5034	-6.7672
BT71	Dungannon	Northern Ireland	United Kingdom	54.5034	-6.7672
BT74	Enniskillen	Northern Ireland	United Kingdom	54.3462	-7.6413
BT75	Fivemiletown	Northern Ireland	United Kingdom	54.3833	-7.3
BT76	Clogher	Northern Ireland	United Kingdom	54.4167	-7.2
BT77	Augher	Northern Ireland	United Kingdom	54.4333	-7.15
BT78	Omagh	Northern Ireland	United Kingdom	54.6	-7.3
BT79	Omagh	Northern Ireland	United Kingdom	54.6	-7.3
BT8	Belfast	Northern Ireland	United Kingdom	54.5833	-5.9333
BT80	Cookstown	Northern Ireland	United Kingdom	54.643	-6.7459
BT81	Castlederg	Northern Ireland	United Kingdom	54.7	-7.6
BT82	Strabane	Northern Ireland	United Kingdom	54.8237	-7.4692
BT9	Belfast	Northern Ireland	United Kingdom	54.5833	-5.9333
BT92	Enniskillen	Northern Ireland	United Kingdom	54.3462	-7.6413
BT93	Enniskillen	Northern Ireland	United Kingdom	54.3462	-7.6413
BT94	Enniskillen	Northern Ireland	United Kingdom	54.3462	-7.6413
CA1	Carlisle	England	United Kingdom	54.8951	-2.9382
CA10	Shap	England	United Kingdom	54.5315	-2.6755
CA11	Penrith	England	United Kingdom	54.6658	-2.7576
CA12	Keswick	England	United Kingdom	54.5995	-3.1326
CA13	Cockermouth	England	United Kingdom	54.6621	-3.3609
CA14	Workington	England	United Kingdom	54.6425	-3.5441
CA15	Maryport	England	United Kingdom	54.7143	-3.4951
CA16	Appleby-in-Westmorland	England	United Kingdom	54.577	-2.4898
CA17	Kirkby Stephen	England	United Kingdom	54.4723	-2.3486
CA18	Broad Oak	England	United Kingdom	54.3543	-3.3913
CA19	Beckfoot	England	United Kingdom	54.3874	-3.3833
CA2	Durdar	England	United Kingdom	54.8695	-2.9516
CA20	Seascale	England	United Kingdom	54.3983	-3.4796
CA21	Beckermet	England	United Kingdom	54.45	-3.5167
CA22	Egremont	England	United Kingdom	54.4794	-3.5276
CA23	Ennerdale Bridge	England	United Kingdom	54.5144	-3.494
CA24	Moor Row	England	United Kingdom	54.5152	-3.5373
CA25	Cleator Moor	England	United Kingdom	54.5214	-3.5159
CA26	Frizington	England	United Kingdom	54.5418	-3.4946
CA27	St Bees	England	United Kingdom	54.4918	-3.5899
CA28	Whitehaven	England	United Kingdom	54.549	-3.5841
CA3	Stanwix	England	United Kingdom	54.9057	-2.9413
CA4	Scotby	England	United Kingdom	54.89	-2.8746
CA5	Silloth	England	United Kingdom	54.855	-3.0184
CA6	Longtown	England	United Kingdom	55.0036	-2.7017
CA7	Wigton	England	United Kingdom	54.8248	-3.1611
CA8	Brampton	England	United Kingdom	54.95	-2.7333
CA9	Alston	England	United Kingdom	54.809	-2.4393
CA95	Workington	England	United Kingdom	54.6425	-3.5441
CA99	Carlisle	England	United Kingdom	54.8951	-2.9382
CB1	Linton	England	United Kingdom	52.1969	0.1429
CB10	Saffron Walden	England	United Kingdom	52.0234	0.2423
CB11	Newport	England	United Kingdom	51.9842	0.2135
CB2	Sawston	England	United Kingdom	52.191	0.1249
CB21	Cambridge	England	United Kingdom	52.2093	0.1482
CB22	Cambridge	England	United Kingdom	52.2093	0.1482
CB23	Cambridge	England	United Kingdom	52.2093	0.1482
CB24	Cambridge	England	United Kingdom	52.2093	0.1482
CB25	Burwell	England	United Kingdom	52.2763	0.3273
CB3	Bar Hill	England	United Kingdom	52.2118	0.1006
CB4	Histon	England	United Kingdom	52.2228	0.1305
CB5	Cambridge	England	United Kingdom	52.2124	0.1534
CB6	Littleport	England	United Kingdom	52.4578	0.306
CB7	Ely	England	United Kingdom	52.3986	0.2581
CB8	Newmarket	England	United Kingdom	52.2447	0.4042
CB9	Haverhill	England	United Kingdom	52.0823	0.4389
CF10	Cardiff	Wales	United Kingdom	51.48	-3.18
CF11	Cardiff	Wales	United Kingdom	51.48	-3.18
CF14	Cardiff	Wales	United Kingdom	51.5199	-3.204
CF15	Cardiff	Wales	United Kingdom	51.5337	-3.2721
CF23	Cardiff	Wales	United Kingdom	51.5144	-3.1545
CF24	Cardiff	Wales	United Kingdom	51.48	-3.18
CF3	Marshfield	Wales	United Kingdom	51.5339	-3.0731
CF30	Llanrumney Community	Wales	United Kingdom	51.5196	-3.1196
CF31	Bridgend	Wales	United Kingdom	51.5058	-3.5772
CF32	Aberkenfig	Wales	United Kingdom	51.54	-3.5956
CF33	Pyle	Wales	United Kingdom	51.5167	-3.7
CF34	Maesteg	Wales	United Kingdom	51.6093	-3.6582
CF35	Coity	Wales	United Kingdom	51.522	-3.5553
CF36	Porthcawl	Wales	United Kingdom	51.479	-3.7036
CF37	Pontypridd	Wales	United Kingdom	51.6021	-3.3421
CF38	Beddau	Wales	United Kingdom	51.554	-3.3581
CF39	Tonyrefail	Wales	United Kingdom	51.584	-3.4304
CF40	Tonypandy	Wales	United Kingdom	51.622	-3.4554
CF41	Pentre	Wales	United Kingdom	51.6543	-3.4913
CF42	Rhondda	Wales	United Kingdom	51.6673	-3.5238
CF43	Ferndale	Wales	United Kingdom	51.6606	-3.4475
CF44	Aberdare	Wales	United Kingdom	51.7144	-3.4492
CF45	Mountain Ash	Wales	United Kingdom	51.6836	-3.3801
CF46	Nelson	Wales	United Kingdom	51.6533	-3.2844
CF47	Merthyr Tydfil	Wales	United Kingdom	51.7479	-3.3778
CF48	Abercanaid	Wales	United Kingdom	51.7236	-3.3661
CF5	Llandaff	Wales	United Kingdom	51.4931	-3.2198
CF61	Llantwit Major	Wales	United Kingdom	51.4107	-3.4863
CF62	Barry	Wales	United Kingdom	51.3998	-3.2838
CF63	Cadoxton	Wales	United Kingdom	51.4172	-3.2614
CF64	Penarth	Wales	United Kingdom	51.4386	-3.1734
CF71	Cowbridge	Wales	United Kingdom	51.4603	-3.4417
CF72	Llantrisant	Wales	United Kingdom	51.5403	-3.3739
CF81	Bargoed	Wales	United Kingdom	51.6833	-3.2333
CF82	Gelligaer	Wales	United Kingdom	51.6644	-3.2561
CF83	Caerphilly	Wales	United Kingdom	51.5745	-3.218
CF91	Grangetown Community	Wales	United Kingdom	51.4656	-3.1939
CF95	Castle Community	Wales	United Kingdom	51.4812	-3.171
CF99	Butetown Community	Wales	United Kingdom	51.4644	-3.1617
CH1	Chester	England	United Kingdom	53.1905	-2.8919
CH2	Ince	England	United Kingdom	53.2833	-2.8333
CH25	Wirral	England	United Kingdom	53.397	-3.0119
CH26	Wirral	England	United Kingdom	53.3657	-3.0659
CH27	Wirral	England	United Kingdom	53.4202	-3.0392
CH28	Wirral	England	United Kingdom	53.3762	-3.105
CH29	Wirral	England	United Kingdom	53.3903	-3.1794
CH3	Crewe	England	United Kingdom	53.1656	-2.8198
CH30	Wirral	England	United Kingdom	53.3762	-3.105
CH31	Wirral	England	United Kingdom	53.3297	-3.0989
CH32	Wirral	England	United Kingdom	53.3619	-2.9976
CH33	Neston	England	United Kingdom	53.2833	-3.05
CH34	Cheshire West and Chester	England	United Kingdom	53.2863	-2.9128
CH4	Broughton	Wales	United Kingdom	53.1667	-3
CH41	Birkenhead	England	United Kingdom	53.3934	-3.0148
CH42	Birkenhead	England	United Kingdom	53.3934	-3.0148
CH43	Prenton	England	United Kingdom	53.3676	-3.0548
CH44	Wallasey	England	United Kingdom	53.4232	-3.065
CH45	Wallasey	England	United Kingdom	53.4232	-3.065
CH46	Moreton	England	United Kingdom	53.4	-3.1167
CH47	Hoylake	England	United Kingdom	53.3905	-3.1807
CH48	Greasby	England	United Kingdom	53.3706	-3.1697
CH49	Wirral	England	United Kingdom	53.3762	-3.105
CH5	Hawarden	Wales	United Kingdom	53.1848	-3.0258
CH6	Flint	Wales	United Kingdom	53.2449	-3.1323
CH60	Heswall	England	United Kingdom	53.3273	-3.0965
CH61	Pensby	England	United Kingdom	53.3626	-3.1188
CH62	Wirral	England	United Kingdom	53.3339	-2.9815
CH63	Wirral	England	United Kingdom	53.3444	-3.0124
CH64	Neston	England	United Kingdom	53.2833	-3.05
CH65	Ellesmere Port	England	United Kingdom	53.2787	-2.9013
CH66	Ellesmere Port	England	United Kingdom	53.277	-2.9363
CH7	Buckley	Wales	United Kingdom	53.1667	-3.0833
CH70	Cheshire West and Chester	England	United Kingdom	53.1928	-2.9226
CH8	Holywell	Wales	United Kingdom	53.2747	-3.229
CH88	Cheshire West and Chester	England	United Kingdom	53.1973	-2.8832
CH99	Eccleston	England	United Kingdom	53.1864	-2.8899
CM0	Burnham-on-Crouch	England	United Kingdom	51.6327	0.8149
CM1	Chelmsford	England	United Kingdom	51.7357	0.4696
CM11	Billericay	England	United Kingdom	51.6287	0.4196
CM12	Little Burstead	England	United Kingdom	51.6047	0.4077
CM13	Ingrave	England	United Kingdom	51.6042	0.3406
CM14	Brentwood	England	United Kingdom	51.6213	0.3056
CM15	Shenfield	England	United Kingdom	51.6317	0.332
CM16	Epping	England	United Kingdom	51.6982	0.1105
CM17	Harlow	England	United Kingdom	51.7766	0.1116
CM18	Harlow	England	United Kingdom	51.7766	0.1116
CM19	Roydon	England	United Kingdom	51.7718	0.0403
CM2	Widford	England	United Kingdom	51.7	0.45
CM20	Little Parndon	England	United Kingdom	51.7751	0.1025
CM21	Sawbridgeworth	England	United Kingdom	51.8167	0.15
CM22	Takeley	England	United Kingdom	51.8709	0.2658
CM23	Manuden	England	United Kingdom	51.9189	0.1672
CM24	Stansted Mountfitchet	England	United Kingdom	51.9012	0.199
CM3	Danbury	England	United Kingdom	51.7164	0.5824
CM4	Ingatestone	England	United Kingdom	51.6703	0.3836
CM5	Chipping Ongar	England	United Kingdom	51.7038	0.2455
CM6	Great Dunmow	England	United Kingdom	51.8723	0.3625
CM7	Braintree	England	United Kingdom	51.8782	0.5529
CM77	Braintree	England	United Kingdom	51.8782	0.5529
CM8	Witham	England	United Kingdom	51.8001	0.6404
CM9	Maldon	England	United Kingdom	51.7311	0.6746
CM92	Harlow	England	United Kingdom	51.7694	0.0613
CM98	Springfield	England	United Kingdom	51.7478	0.5112
CM99	Chelmsford	England	United Kingdom	51.7357	0.4696
CO1	Colchester	England	United Kingdom	51.8892	0.9042
CO10	Sudbury	England	United Kingdom	52.0389	0.7312
CO11	Manningtree	England	United Kingdom	51.9454	1.0611
CO12	Harwich	England	United Kingdom	51.9419	1.2844
CO13	Frinton-on-Sea	England	United Kingdom	51.8306	1.2442
CO14	Walton-on-Naze	England	United Kingdom	51.8482	1.2674
CO15	Clacton-on-Sea	England	United Kingdom	51.7897	1.156
CO16	Little Clacton	England	United Kingdom	51.8256	1.1421
CO2	Layer de la Haye	England	United Kingdom	51.8459	0.8574
CO3	Heckfordbridge	England	United Kingdom	51.8847	0.859
CO4	Boxted	England	United Kingdom	51.95	0.9167
CO5	Tiptree	England	United Kingdom	51.8126	0.7489
CO6	Coggeshall	England	United Kingdom	51.8708	0.6854
CO7	Wivenhoe	England	United Kingdom	51.8555	0.958
CO8	Bures	England	United Kingdom	51.9724	0.7749
CO9	Halstead	England	United Kingdom	51.9451	0.6393
CR0	Croydon	England	United Kingdom	51.3833	-0.1
CR2	Sanderstead	England	United Kingdom	51.3359	-0.0778
CR3	Caterham	England	United Kingdom	51.2823	-0.0789
CR4	Mitcham	England	United Kingdom	51.4032	-0.1683
CR44	Sutton	England	United Kingdom	51.3823	-0.1329
CR5	Coulsdon	England	United Kingdom	51.32	-0.1409
CR6	Warlingham	England	United Kingdom	51.3094	-0.0561
CR7	Croydon	England	United Kingdom	51.3833	-0.1
CR8	Purley	England	United Kingdom	51.3368	-0.112
CR9	Croydon	England	United Kingdom	51.3833	-0.1
CR90	Croydon	England	United Kingdom	51.3833	-0.1
CT1	Canterbury	England	United Kingdom	51.279	1.0799
CT10	Broadstairs	England	United Kingdom	51.3591	1.4394
CT11	Ramsgate	England	United Kingdom	51.3358	1.4155
CT12	Gore Street	England	United Kingdom	51.3431	1.3706
CT13	Sandwich	England	United Kingdom	51.2722	1.3378
CT14	Deal	England	United Kingdom	51.2232	1.4043
CT15	Eythorne	England	United Kingdom	51.1971	1.2662
CT16	Dover	England	United Kingdom	51.1333	1.3
CT17	Maxton	England	United Kingdom	51.129	1.2939
CT18	Hawkinge	England	United Kingdom	51.1128	1.1618
CT19	Folkestone	England	United Kingdom	51.0833	1.1833
CT2	Sturry	England	United Kingdom	51.3013	1.1215
CT20	Sandgate	England	United Kingdom	51.0746	1.1448
CT21	Hythe	England	United Kingdom	51.0715	1.0842
CT3	Aylesham	England	United Kingdom	51.2254	1.2016
CT4	Wootton	England	United Kingdom	51.1738	1.1794
CT5	Whitstable	England	United Kingdom	51.3607	1.0257
CT50	Sandgate	England	United Kingdom	51.0746	1.1448
CT6	Herne Bay	England	United Kingdom	51.373	1.1286
CT7	St Nicholas at Wade	England	United Kingdom	51.35	1.25
CT8	Westgate on Sea	England	United Kingdom	51.3824	1.3367
CT9	Margate	England	United Kingdom	51.3813	1.3862
CV1	Coventry	England	United Kingdom	52.4066	-1.5122
CV10	Hartshill	England	United Kingdom	52.542	-1.5201
CV11	Nuneaton	England	United Kingdom	52.5232	-1.4652
CV12	Bedworth	England	United Kingdom	52.4791	-1.4691
CV13	Barlestone	England	United Kingdom	52.6472	-1.3701
CV2	Walsgrave on Sowe	England	United Kingdom	52.4255	-1.4453
CV21	Rugby	England	United Kingdom	52.3709	-1.2642
CV22	Dunchurch	England	United Kingdom	52.3376	-1.2914
CV23	Long Lawford	England	United Kingdom	52.3818	-1.3072
CV3	Willenhall	England	United Kingdom	52.3942	-1.4807
CV31	Radford Semele	England	United Kingdom	52.2705	-1.5219
CV32	Royal Leamington Spa	England	United Kingdom	52.3	-1.5333
CV33	Southam	England	United Kingdom	52.2545	-1.4803
CV34	Warwick	England	United Kingdom	52.2833	-1.5833
CV35	Wellesbourne	England	United Kingdom	52.1833	-1.5833
CV36	Shipston on Stour	England	United Kingdom	52.0606	-1.6278
CV37	Stratford-upon-Avon	England	United Kingdom	52.1917	-1.7073
CV4	Westwood Heath	England	United Kingdom	52.3833	-1.5833
CV47	Southam	England	United Kingdom	52.2527	-1.3884
CV5	Allesley	England	United Kingdom	52.426	-1.5716
CV6	Keresley	England	United Kingdom	52.4516	-1.5332
CV7	Balsall Common	England	United Kingdom	52.3919	-1.6504
CV8	Kenilworth	England	United Kingdom	52.3429	-1.5801
CV9	Atherstone	England	United Kingdom	52.5754	-1.5469
CW1	Crewe	England	United Kingdom	53.0979	-2.4416
CW10	Middlewich	England	United Kingdom	53.193	-2.444
CW11	Sandbach	England	United Kingdom	53.1452	-2.3625
CW12	Congleton	England	United Kingdom	53.1631	-2.2125
CW2	Weston	England	United Kingdom	53.0616	-2.394
CW3	Madeley	England	United Kingdom	53	-2.3333
CW4	Holmes Chapel	England	United Kingdom	53.2014	-2.3574
CW5	Nantwich	England	United Kingdom	53.0688	-2.5205
CW6	Kelsall	England	United Kingdom	53.2167	-2.6833
CW7	Winsford	England	United Kingdom	53.1833	-2.5167
CW8	Weaverham	England	United Kingdom	53.2602	-2.5729
CW9	Northwich	England	United Kingdom	53.2588	-2.5202
CW98	Crewe	England	United Kingdom	53.0979	-2.4416
DA1	Dartford	England	United Kingdom	51.4435	0.2196
DA10	Northfleet	England	United Kingdom	51.4463	0.3255
DA11	Swanscombe	England	United Kingdom	51.4349	0.3513
DA12	Gravesend	England	United Kingdom	51.4414	0.3737
DA13	Meopham	England	United Kingdom	51.3684	0.3601
DA14	Sidcup	England	United Kingdom	51.4262	0.1036
DA15	Bexley	England	United Kingdom	51.4412	0.0983
DA16	Welling	England	United Kingdom	51.4625	0.1076
DA17	Belvedere	England	United Kingdom	51.4911	0.1514
DA18	Erith	England	United Kingdom	51.4831	0.1748
DA2	Darenth	England	United Kingdom	51.4214	0.2578
DA3	Longfield	England	United Kingdom	51.3969	0.3021
DA4	Eynsford	England	United Kingdom	51.3677	0.2113
DA5	Coldblow	England	United Kingdom	51.4406	0.1446
DA6	Bexleyheath	England	United Kingdom	51.4629	0.1394
DA7	Bexleyheath	England	United Kingdom	51.4629	0.1394
DA8	Erith	England	United Kingdom	51.4831	0.1748
DA9	Greenhithe	England	United Kingdom	51.4503	0.2854
DD1	Dundee	Scotland	United Kingdom	56.461	-2.9766
DD10	Montrose	Scotland	United Kingdom	56.7	-2.45
DD11	Arbroath	Scotland	United Kingdom	56.5632	-2.5874
DD2	Invergowrie	Scotland	United Kingdom	56.4611	-3.0616
DD3	Leoch	Scotland	United Kingdom	56.5304	-3.0695
DD4	Burnside of Duntrune	Scotland	United Kingdom	56.482	-2.9356
DD5	Monifieth	Scotland	United Kingdom	56.4823	-2.8173
DD6	Newport-on-Tay	Scotland	United Kingdom	56.4391	-2.9367
DD7	Carnoustie	Scotland	United Kingdom	56.5014	-2.7091
DD8	Forfar	Scotland	United Kingdom	56.6431	-2.8903
DD9	Brechin	Scotland	United Kingdom	56.7299	-2.6573
DE1	Derby	England	United Kingdom	52.9228	-1.4766
DE11	Swadlincote	England	United Kingdom	52.774	-1.5574
DE12	Measham	England	United Kingdom	52.7064	-1.5064
DE13	Alrewas	England	United Kingdom	52.7328	-1.7497
DE14	Burton upon Trent	England	United Kingdom	52.8073	-1.6426
DE15	Newton Solney	England	United Kingdom	52.8288	-1.5829
DE21	Chaddesden	England	United Kingdom	52.9295	-1.4342
DE22	Quarndon	England	United Kingdom	52.9649	-1.5038
DE23	Littleover	England	United Kingdom	52.9057	-1.5068
DE24	Alvaston	England	United Kingdom	52.8918	-1.4224
DE3	Mickleover	England	United Kingdom	52.9049	-1.5428
DE4	Matlock	England	United Kingdom	53.1384	-1.5556
DE45	Bakewell	England	United Kingdom	53.2134	-1.6748
DE5	Ripley	England	United Kingdom	53.0333	-1.4
DE55	Alfreton	England	United Kingdom	53.0961	-1.3883
DE56	Belper	England	United Kingdom	53.0233	-1.4812
DE6	Ashbourne	England	United Kingdom	53.0167	-1.7333
DE65	Repton	England	United Kingdom	52.8398	-1.5506
DE7	Ilkeston	England	United Kingdom	52.9706	-1.3095
DE72	Borrowash	England	United Kingdom	52.9067	-1.3841
DE73	Melbourne	England	United Kingdom	52.8219	-1.4252
DE74	Castle Donington	England	United Kingdom	52.8429	-1.3419
DE75	Heanor	England	United Kingdom	53.0137	-1.3538
DE99	City of Derby	England	United Kingdom	52.9152	-1.4643
DG1	Dumfries	Scotland	United Kingdom	55.0696	-3.6114
DG10	Moffat	Scotland	United Kingdom	55.3353	-3.4414
DG11	Lockerbie	Scotland	United Kingdom	55.123	-3.3564
DG12	Annan	Scotland	United Kingdom	54.9884	-3.2565
DG13	Langholm	Scotland	United Kingdom	55.151	-2.9989
DG14	Chapelknowe	Scotland	United Kingdom	55.0511	-3.0776
DG16	Gretna	Scotland	United Kingdom	54.9938	-3.0659
DG2	Cargenbridge	Scotland	United Kingdom	55.1046	-3.6297
DG3	Thornhill	Scotland	United Kingdom	55.2333	-3.7667
DG4	Kirkconnel	Scotland	United Kingdom	55.3856	-3.9984
DG5	Dalbeattie	Scotland	United Kingdom	54.9328	-3.8227
DG6	Kirkcudbright	Scotland	United Kingdom	54.8383	-4.0491
DG7	Castle Douglas	Scotland	United Kingdom	54.941	-3.9278
DG8	Newton Stewart	Scotland	United Kingdom	54.9578	-4.4832
DG9	Stranraer	Scotland	United Kingdom	54.9023	-5.0273
DH1	Durham	England	United Kingdom	54.7768	-1.5757
DH2	Pelton	England	United Kingdom	54.8731	-1.6095
DH3	Chester-le-Street	England	United Kingdom	54.8586	-1.5741
DH4	West Rainton	England	United Kingdom	54.8167	-1.5
DH5	Hetton-le-Hole	England	United Kingdom	54.8167	-1.45
DH6	Bowburn	England	United Kingdom	54.7515	-1.4898
DH7	Brandon	England	United Kingdom	54.75	-1.6167
DH8	Consett	England	United Kingdom	54.854	-1.8316
DH9	Stanley	England	United Kingdom	54.868	-1.6985
DH97	Neville's Cross ED	England	United Kingdom	54.7793	-1.5781
DH98	Gateshead	England	United Kingdom	54.8873	-1.5884
DH99	Belmont	England	United Kingdom	54.7927	-1.5351
DL1	Coatham Mundeville	England	United Kingdom	54.58	-1.5565
DL10	Richmond	England	United Kingdom	54.4036	-1.7343
DL11	Reeth	England	United Kingdom	54.3875	-1.9448
DL12	Barnard Castle	England	United Kingdom	54.5415	-1.919
DL13	Wolsingham	England	United Kingdom	54.7309	-1.8832
DL14	Bishop Auckland	England	United Kingdom	54.6555	-1.6771
DL15	Crook	England	United Kingdom	54.7	-1.7333
DL16	Spennymoor	England	United Kingdom	54.6988	-1.6023
DL17	Ferryhill	England	United Kingdom	54.6833	-1.55
DL2	Ingleton	England	United Kingdom	54.5795	-1.7353
DL3	Darlington	England	United Kingdom	54.5243	-1.5504
DL4	Shildon	England	United Kingdom	54.63	-1.643
DL5	Newton Aycliffe	England	United Kingdom	54.6184	-1.5719
DL6	Northallerton	England	United Kingdom	54.339	-1.4324
DL7	Kirkby Fleetham	England	United Kingdom	54.3463	-1.5657
DL8	Bedale	England	United Kingdom	54.2881	-1.5918
DL9	Scotton	England	United Kingdom	54.3651	-1.7133
DL98	Darlington	England	United Kingdom	54.5243	-1.5504
DN1	Doncaster	England	United Kingdom	53.5228	-1.1312
DN10	Bawtry	England	United Kingdom	53.4315	-1.0188
DN11	Bircotes	England	United Kingdom	53.4193	-1.0491
DN12	Conisbrough	England	United Kingdom	53.4819	-1.2321
DN14	Goole	England	United Kingdom	53.7167	-0.8667
DN15	Scunthorpe	England	United Kingdom	53.6139	-0.6521
DN16	Bottesford	England	United Kingdom	53.55	-0.65
DN17	Crowle	England	United Kingdom	53.6075	-0.8326
DN18	South Ferriby	England	United Kingdom	53.676	-0.5047
DN19	Barrow upon Humber	England	United Kingdom	53.6755	-0.3806
DN2	Doncaster	England	United Kingdom	53.5334	-1.1027
DN20	Brigg	England	United Kingdom	53.552	-0.4921
DN21	Gainsborough	England	United Kingdom	53.3833	-0.7667
DN22	Retford	England	United Kingdom	53.3221	-0.9432
DN3	Kirk Sandall	England	United Kingdom	53.5621	-1.0688
DN31	West Marsh	England	United Kingdom	53.5702	-0.088
DN32	Grimsby	England	United Kingdom	53.5654	-0.0755
DN33	Scartho	England	United Kingdom	53.5367	-0.0911
DN34	Grimsby	England	United Kingdom	53.5574	-0.1133
DN35	Cleethorpes	England	United Kingdom	53.5605	-0.0322
DN36	Humberston	England	United Kingdom	53.5304	-0.0247
DN37	Waltham	England	United Kingdom	53.5167	-0.1
DN38	Barnetby le Wold	England	United Kingdom	53.5748	-0.4061
DN39	Ulceby	England	United Kingdom	53.6167	-0.3333
DN4	Warmsworth	England	United Kingdom	53.497	-1.1821
DN40	Immingham	England	United Kingdom	53.6124	-0.2222
DN41	Grimsby	England	United Kingdom	53.5817	-0.1957
DN5	Bentley	England	United Kingdom	53.5333	-1.15
DN55	Doncaster	England	United Kingdom	53.5228	-1.1312
DN6	Adwick le Street	England	United Kingdom	53.5708	-1.1845
DN7	Stainforth	England	United Kingdom	53.6	-1.0333
DN8	Thorne	England	United Kingdom	53.6112	-0.9631
DN9	Epworth	England	United Kingdom	53.526	-0.824
DT1	Dorchester	England	United Kingdom	50.7167	-2.4333
DT10	Manston	England	United Kingdom	50.95	-2.2667
DT11	Blandford Forum	England	United Kingdom	50.8607	-2.1617
DT2	Charminster	England	United Kingdom	50.7333	-2.45
DT3	Weymouth	England	United Kingdom	50.6145	-2.4599
DT4	Weymouth	England	United Kingdom	50.6145	-2.4599
DT5	Easton	England	United Kingdom	50.5333	-2.45
DT6	Bridport	England	United Kingdom	50.7338	-2.7583
DT7	Lyme Regis	England	United Kingdom	50.7265	-2.9348
DT8	Beaminster	England	United Kingdom	50.809	-2.7391
DT9	Sherborne	England	United Kingdom	50.946	-2.5178
DY1	Dudley	England	United Kingdom	52.5	-2.0833
DY10	Kidderminster	England	United Kingdom	52.3882	-2.25
DY11	Hartlebury	England	United Kingdom	52.3333	-2.2333
DY12	Bewdley	England	United Kingdom	52.3754	-2.3172
DY13	Stourport-on-Severn	England	United Kingdom	52.35	-2.2667
DY14	Cleobury Mortimer	England	United Kingdom	52.3785	-2.482
DY2	Netherton	England	United Kingdom	52.4833	-2.0833
DY3	Swindon	England	United Kingdom	52.5154	-2.2071
DY4	Tipton	England	United Kingdom	52.5296	-2.0677
DY5	Brierley Hill	England	United Kingdom	52.4817	-2.1214
DY6	Kingswinford	England	United Kingdom	52.4976	-2.1689
DY7	Whittington	England	United Kingdom	52.4662	-2.2309
DY8	Stourbridge	England	United Kingdom	52.4561	-2.1432
DY9	Hagley	England	United Kingdom	52.4262	-2.1282
E1	Stepney	England	United Kingdom	51.5175	-0.0429
E10	Leyton	England	United Kingdom	51.5596	-0.0078
E11	Leytonstone	England	United Kingdom	51.5686	0.0077
E12	Manor Park	England	United Kingdom	51.5508	0.0528
E13	West Ham	England	United Kingdom	51.5333	0.0167
E14	Canary Wharf	England	United Kingdom	51.5052	-0.0209
E15	Stratford	England	United Kingdom	51.5333	0
E16	Canning Town	England	United Kingdom	51.5011	0.0442
E17	Walthamstow	England	United Kingdom	51.5907	-0.0208
E18	South Woodford	England	United Kingdom	51.5923	0.0225
E1W	London	England	United Kingdom	51.5094	-0.059
E2	Bethnal Green	England	United Kingdom	51.5272	-0.0611
E20	Hackney	England	United Kingdom	51.5468	-0.0096
E3	Bow	England	United Kingdom	51.5281	-0.0257
E4	Chingford	England	United Kingdom	51.6303	0.0005
E5	Upper Clapton	England	United Kingdom	51.564	-0.0581
E6	East Ham	England	United Kingdom	51.5333	0.05
E7	Wanstead Park	England	United Kingdom	51.5472	0.0274
E77	Tower Hamlets	England	United Kingdom	51.5139	-0.0691
E8	Hackney	England	United Kingdom	51.55	-0.05
E9	South Hackney	England	United Kingdom	51.5404	-0.0461
E98	Tower Hamlets	England	United Kingdom	51.5082	-0.0643
EC1	Holborn	England	United Kingdom	51.5175	-0.1204
EC1A	London	England	United Kingdom	51.5085	-0.1257
EC1M	London	England	United Kingdom	51.5085	-0.1257
EC1N	London	England	United Kingdom	51.5085	-0.1257
EC1P	Islington	England	United Kingdom	51.5362	-0.103
EC1R	London	England	United Kingdom	51.5085	-0.1257
EC1V	London	England	United Kingdom	51.5265	-0.0986
EC1Y	London	England	United Kingdom	51.5232	-0.0933
EC2	Barbican	England	United Kingdom	51.5199	-0.0945
EC2A	London	England	United Kingdom	51.5237	-0.0877
EC2M	London	England	United Kingdom	51.5191	-0.0882
EC2N	London	England	United Kingdom	51.5163	-0.0875
EC2P	London	England	United Kingdom	51.5085	-0.1257
EC2R	London	England	United Kingdom	51.5167	-0.0928
EC2V	London	England	United Kingdom	51.5161	-0.0949
EC2Y	London	England	United Kingdom	51.5198	-0.0948
EC3	Bank	England	United Kingdom	51.5085	-0.1257
EC3A	London	England	United Kingdom	51.5154	-0.0828
EC3M	London	England	United Kingdom	51.5129	-0.0841
EC3N	London	England	United Kingdom	51.513	-0.08
EC3P	London	England	United Kingdom	51.5085	-0.1257
EC3R	Tower of London	England	United Kingdom	51.5114	-0.0855
EC3V	London	England	United Kingdom	51.5136	-0.0873
EC4	Blackfriars	England	United Kingdom	51.5125	-0.1225
EC4A	London	England	United Kingdom	51.5085	-0.1257
EC4M	London	England	United Kingdom	51.5085	-0.1257
EC4N	London	England	United Kingdom	51.5144	-0.0941
EC4P	Islington	England	United Kingdom	51.5362	-0.103
EC4R	London	England	United Kingdom	51.5115	-0.0912
EC4V	London	England	United Kingdom	51.5085	-0.1257
EC4Y	London	England	United Kingdom	51.5085	-0.1257
EC50	Islington	England	United Kingdom	51.5362	-0.103
EH1	Edinburgh	Scotland	United Kingdom	55.9521	-3.1965
EH10	Hillend	Scotland	United Kingdom	55.9147	-3.2046
EH11	Edinburgh	Scotland	United Kingdom	55.9326	-3.2531
EH12	Edinburgh	Scotland	United Kingdom	55.9429	-3.285
EH13	Colinton	Scotland	United Kingdom	55.9074	-3.2561
EH14	Currie	Scotland	United Kingdom	55.8964	-3.3084
EH15	Duddingston	Scotland	United Kingdom	55.9425	-3.1293
EH16	Liberton	Scotland	United Kingdom	55.9129	-3.1609
EH17	Kaimes	Scotland	United Kingdom	55.9084	-3.128
EH18	Polton	Scotland	United Kingdom	55.8708	-3.1264
EH19	Bonnyrigg	Scotland	United Kingdom	55.8733	-3.1051
EH2	Edinburgh	Scotland	United Kingdom	55.9521	-3.1965
EH20	Loanhead	Scotland	United Kingdom	55.8795	-3.1587
EH21	Musselburgh	Scotland	United Kingdom	55.9417	-3.0499
EH22	Mayfield	Scotland	United Kingdom	55.9028	-3.0778
EH23	Gorebridge	Scotland	United Kingdom	55.8459	-3.0456
EH24	Rosewell	Scotland	United Kingdom	55.8507	-3.1363
EH25	Roslin	Scotland	United Kingdom	55.8575	-3.169
EH26	Penicuik	Scotland	United Kingdom	55.8317	-3.2242
EH27	Kirknewton	Scotland	United Kingdom	55.8875	-3.419
EH28	Ratho	Scotland	United Kingdom	55.9216	-3.3803
EH29	Kirkliston	Scotland	United Kingdom	55.9536	-3.4029
EH3	Edinburgh	Scotland	United Kingdom	55.9521	-3.1965
EH30	Abercorn	Scotland	United Kingdom	55.9824	-3.3871
EH31	Gullane	Scotland	United Kingdom	56.0354	-2.8295
EH32	Prestonpans	Scotland	United Kingdom	55.9594	-2.9804
EH33	Tranent	Scotland	United Kingdom	55.9444	-2.9541
EH34	Pencaitland	Scotland	United Kingdom	55.9073	-2.8949
EH35	Ormiston	Scotland	United Kingdom	55.913	-2.9398
EH36	Humbie	Scotland	United Kingdom	55.8547	-2.8654
EH37	Pathhead	Scotland	United Kingdom	55.8613	-2.9598
EH38	Heriot	Scotland	United Kingdom	55.7799	-2.9545
EH39	North Berwick	Scotland	United Kingdom	56.0582	-2.7229
EH4	Edinburgh	Scotland	United Kingdom	55.9622	-3.2606
EH40	East Linton	Scotland	United Kingdom	55.9874	-2.6568
EH41	Haddington	Scotland	United Kingdom	55.9561	-2.7833
EH42	Dunbar	Scotland	United Kingdom	56.0006	-2.5142
EH43	Walkerburn	Scotland	United Kingdom	55.6233	-3.0147
EH44	Innerleithen	Scotland	United Kingdom	55.6193	-3.063
EH45	Peebles	Scotland	United Kingdom	55.6519	-3.1888
EH46	West Linton	Scotland	United Kingdom	55.7497	-3.3561
EH47	Whitburn	Scotland	United Kingdom	55.8667	-3.6833
EH48	Bathgate	Scotland	United Kingdom	55.902	-3.644
EH49	Linlithgow	Scotland	United Kingdom	55.9764	-3.6036
EH5	Edinburgh	Scotland	United Kingdom	55.9757	-3.2217
EH51	Bo'ness	Scotland	United Kingdom	56.0167	-3.6167
EH52	Broxburn	Scotland	United Kingdom	55.9341	-3.4713
EH53	East Calder	Scotland	United Kingdom	55.8919	-3.4637
EH54	Livingston	Scotland	United Kingdom	55.9029	-3.5226
EH55	West Calder	Scotland	United Kingdom	55.8519	-3.5698
EH6	Edinburgh	Scotland	United Kingdom	55.9521	-3.1965
EH7	Edinburgh	Scotland	United Kingdom	55.9521	-3.1965
EH8	Edinburgh	Scotland	United Kingdom	55.9489	-3.1632
EH9	Edinburgh	Scotland	United Kingdom	55.9521	-3.1965
EH91	City of Edinburgh	Scotland	United Kingdom	55.9272	-3.2907
EH95	City of Edinburgh	Scotland	United Kingdom	55.9786	-3.2535
EH99	City of Edinburgh	Scotland	United Kingdom	55.9521	-3.1965
EN1	Enfield	England	United Kingdom	51.6515	-0.085
EN10	Broxbourne	England	United Kingdom	51.7471	-0.0192
EN11	Hoddesdon	England	United Kingdom	51.7615	-0.0114
EN2	Enfield	England	United Kingdom	51.6515	-0.085
EN3	Ponders End	England	United Kingdom	51.6445	-0.0465
EN4	Hadley Wood	England	United Kingdom	51.6667	-0.1698
EN5	Barnet	England	United Kingdom	51.65	-0.2
EN6	Potters Bar	England	United Kingdom	51.6935	-0.1783
EN7	Flamstead End	England	United Kingdom	51.7119	-0.0689
EN8	Cheshunt	England	United Kingdom	51.7079	-0.0374
EN9	Waltham Abbey	England	United Kingdom	51.687	-0.0042
EX1	Whipton	England	United Kingdom	50.7401	-3.467
EX10	Sidmouth	England	United Kingdom	50.6909	-3.2397
EX11	Ottery St Mary	England	United Kingdom	50.75	-3.2667
EX12	Seaton	England	United Kingdom	50.7049	-3.07
EX13	Axminster	England	United Kingdom	50.7826	-2.9979
EX14	Honiton	England	United Kingdom	50.7996	-3.189
EX15	Cullompton	England	United Kingdom	50.8553	-3.3927
EX16	Tiverton	England	United Kingdom	50.9	-3.4833
EX17	Crediton	England	United Kingdom	50.7833	-3.65
EX18	Chulmleigh	England	United Kingdom	50.9129	-3.8694
EX19	Winkleigh	England	United Kingdom	50.8558	-3.943
EX2	Exeter	England	United Kingdom	50.7236	-3.5275
EX20	Okehampton	England	United Kingdom	50.7384	-4.0016
EX21	Shebbear	England	United Kingdom	50.8626	-4.2145
EX22	Holsworthy	England	United Kingdom	50.812	-4.3538
EX23	Bude	England	United Kingdom	50.8243	-4.5413
EX24	Colyton	England	United Kingdom	50.7404	-3.0892
EX3	Topsham	England	United Kingdom	50.686	-3.467
EX31	Barnstaple	England	United Kingdom	51.0802	-4.0581
EX32	Bratton Fleming	England	United Kingdom	51.1225	-3.9385
EX33	Braunton	England	United Kingdom	51.1085	-4.1613
EX34	Ilfracombe	England	United Kingdom	51.2093	-4.1134
EX35	Lynton	England	United Kingdom	51.2295	-3.8355
EX36	South Molton	England	United Kingdom	51.0167	-3.8333
EX37	High Bickington	England	United Kingdom	50.9673	-3.9943
EX38	Great Torrington	England	United Kingdom	50.9531	-4.144
EX39	Bideford	England	United Kingdom	51.0168	-4.2083
EX4	Exwick	England	United Kingdom	50.7312	-3.5271
EX5	Bradninch	England	United Kingdom	50.8333	-3.4167
EX6	Exminster	England	United Kingdom	50.6808	-3.4971
EX7	Dawlish	England	United Kingdom	50.5812	-3.4664
EX8	Exmouth	England	United Kingdom	50.6172	-3.4023
EX9	Budleigh Salterton	England	United Kingdom	50.6298	-3.3218
FK1	Falkirk	Scotland	United Kingdom	55.9992	-3.7871
FK10	Alloa	Scotland	United Kingdom	56.1159	-3.79
FK11	Menstrie	Scotland	United Kingdom	56.1514	-3.8547
FK12	Alva	Scotland	United Kingdom	56.1528	-3.805
FK13	Tillicoultry	Scotland	United Kingdom	56.1525	-3.7402
FK14	Dollar	Scotland	United Kingdom	56.1624	-3.6714
FK15	Dunblane	Scotland	United Kingdom	56.1884	-3.9642
FK16	Doune	Scotland	United Kingdom	56.1899	-4.0529
FK17	Callander	Scotland	United Kingdom	56.2441	-4.2164
FK18	Runacraig	Scotland	United Kingdom	56.3246	-4.3291
FK19	Ardveich	Scotland	United Kingdom	56.3271	-4.4312
FK2	Polmont	Scotland	United Kingdom	55.9905	-3.7074
FK20	Crianlarich	Scotland	United Kingdom	56.3924	-4.6169
FK21	Killin	Scotland	United Kingdom	56.4667	-4.3167
FK3	Grangemouth	Scotland	United Kingdom	56.0114	-3.7218
FK4	Bonnybridge	Scotland	United Kingdom	56.0015	-3.8886
FK5	Stenhousemuir	Scotland	United Kingdom	56.0269	-3.8218
FK6	Denny	Scotland	United Kingdom	56.0235	-3.9081
FK7	Bannockburn	Scotland	United Kingdom	56.0898	-3.9109
FK8	Stirling	Scotland	United Kingdom	56.119	-3.9368
FK9	Bridge of Allan	Scotland	United Kingdom	56.154	-3.9463
FY0	Saint Anne's on the Sea	England	United Kingdom	53.75	-3.0167
FY1	Blackpool	England	United Kingdom	53.8167	-3.05
FY2	Bispham	England	United Kingdom	53.8525	-3.0363
FY3	Great Marton	England	United Kingdom	53.8119	-3.0226
FY4	Common Edge	England	United Kingdom	53.7911	-3.0291
FY5	Cleveleys	England	United Kingdom	53.8775	-3.0399
FY6	Poulton-le-Fylde	England	United Kingdom	53.8333	-2.9833
FY7	Fleetwood	England	United Kingdom	53.9253	-3.0109
FY8	St Anne's	England	United Kingdom	53.75	-3.0167
G1	Glasgow	Scotland	United Kingdom	55.8651	-4.2576
G11	Partick	Scotland	United Kingdom	55.8708	-4.3057
G12	Glasgow	Scotland	United Kingdom	55.8804	-4.3007
G13	Glasgow	Scotland	United Kingdom	55.8935	-4.348
G14	Yoker	Scotland	United Kingdom	55.8805	-4.3509
G15	Drumchapel	Scotland	United Kingdom	55.9102	-4.3733
G2	Glasgow	Scotland	United Kingdom	55.8651	-4.2576
G20	Maryhill	Scotland	United Kingdom	55.8906	-4.2904
G21	Springburn	Scotland	United Kingdom	55.8902	-4.2332
G22	Glasgow	Scotland	United Kingdom	55.8651	-4.2576
G23	Glasgow	Scotland	United Kingdom	55.9025	-4.2851
G3	Glasgow	Scotland	United Kingdom	55.8651	-4.2576
G31	Glasgow	Scotland	United Kingdom	55.857	-4.209
G32	Carmyle	Scotland	United Kingdom	55.85	-4.1833
G33	Stepps	Scotland	United Kingdom	55.889	-4.1521
G34	Glasgow	Scotland	United Kingdom	55.8681	-4.1114
G4	Glasgow	Scotland	United Kingdom	55.8651	-4.2576
G40	Glasgow	Scotland	United Kingdom	55.8485	-4.2235
G41	Glasgow	Scotland	United Kingdom	55.8376	-4.2843
G42	Glasgow	Scotland	United Kingdom	55.8322	-4.2576
G43	Pollokshaws	Scotland	United Kingdom	55.8242	-4.2962
G44	Glasgow	Scotland	United Kingdom	55.8143	-4.2561
G45	Castlemilk	Scotland	United Kingdom	55.805	-4.2327
G46	Giffnock	Scotland	United Kingdom	55.8037	-4.2949
G5	Glasgow	Scotland	United Kingdom	55.8651	-4.2576
G51	Govan	Scotland	United Kingdom	55.8633	-4.3124
G52	Glasgow	Scotland	United Kingdom	55.8479	-4.3503
G53	Nitshill	Scotland	United Kingdom	55.8141	-4.3606
G58	Glasgow City	Scotland	United Kingdom	55.8519	-4.2971
G60	Old Kilpatrick	Scotland	United Kingdom	55.9224	-4.4557
G61	Bearsden	Scotland	United Kingdom	55.9154	-4.3328
G62	Milngavie	Scotland	United Kingdom	55.9407	-4.3231
G63	Strathblane	Scotland	United Kingdom	55.986	-4.3066
G64	Bishopbriggs	Scotland	United Kingdom	55.9067	-4.2187
G65	Kilsyth	Scotland	United Kingdom	55.976	-4.0592
G66	Kirkintilloch	Scotland	United Kingdom	55.9393	-4.1526
G67	Cumbernauld	Scotland	United Kingdom	55.9468	-3.9905
G68	Dullatur	Scotland	United Kingdom	55.9679	-4.0106
G69	Moodiesburn	Scotland	United Kingdom	55.915	-4.0833
G70	North Lanarkshire	Scotland	United Kingdom	55.9496	-3.9885
G71	Viewpark	Scotland	United Kingdom	55.8112	-4.076
G72	Cambuslang	Scotland	United Kingdom	55.8097	-4.161
G73	Rutherglen	Scotland	United Kingdom	55.8289	-4.2138
G74	East Kilbride	Scotland	United Kingdom	55.7641	-4.1767
G75	Auldhouse	Scotland	United Kingdom	55.7511	-4.1977
G76	Clarkston	Scotland	United Kingdom	55.7859	-4.2765
G77	Newton Mearns	Scotland	United Kingdom	55.7733	-4.3334
G78	Barrhead	Scotland	United Kingdom	55.7752	-4.4612
G79	South Lanarkshire	Scotland	United Kingdom	55.771	-4.2231
G81	Clydebank	Scotland	United Kingdom	55.9135	-4.4076
G82	Dumbarton	Scotland	United Kingdom	55.9443	-4.5706
G83	Bonhill	Scotland	United Kingdom	55.9794	-4.5638
G84	Helensburgh	Scotland	United Kingdom	56.0061	-4.7265
G9	Glasgow City	Scotland	United Kingdom	55.8667	-4.25
G90	Glasgow City	Scotland	United Kingdom	55.8667	-4.25
GL1	Gloucester	England	United Kingdom	51.8657	-2.2431
GL10	Stonehouse	England	United Kingdom	51.75	-2.2833
GL11	Dursley	England	United Kingdom	51.6814	-2.3533
GL12	Kingswood	England	United Kingdom	51.6258	-2.3672
GL13	Berkeley	England	United Kingdom	51.6911	-2.4592
GL14	Cinderford	England	United Kingdom	51.8242	-2.4987
GL15	Lydney	England	United Kingdom	51.726	-2.5261
GL16	Coleford	England	United Kingdom	51.7953	-2.6135
GL17	Mitcheldean	England	United Kingdom	51.8644	-2.4895
GL18	Newent	England	United Kingdom	51.9336	-2.4081
GL19	Huntley	England	United Kingdom	51.8667	-2.4
GL2	Frampton on Severn	England	United Kingdom	51.7705	-2.3638
GL20	Tewkesbury	England	United Kingdom	51.9924	-2.1601
GL3	Churchdown	England	United Kingdom	51.8774	-2.1709
GL4	Barnwood	England	United Kingdom	51.8639	-2.2009
GL5	Stroud	England	United Kingdom	51.75	-2.2
GL50	Cheltenham	England	United Kingdom	51.9	-2.0833
GL51	Shurdington	England	United Kingdom	51.8626	-2.1206
GL52	Cheltenham	England	United Kingdom	51.9	-2.0833
GL53	Coberley	England	United Kingdom	51.8424	-2.0543
GL54	Winchcombe	England	United Kingdom	51.9536	-1.964
GL55	Chipping Campden	England	United Kingdom	52.0496	-1.7767
GL56	Donnington	England	United Kingdom	51.9514	-1.7214
GL6	Chalford	England	United Kingdom	51.7258	-2.1514
GL7	Cirencester	England	United Kingdom	51.7171	-1.9683
GL8	Tetbury	England	United Kingdom	51.6394	-2.1622
GL9	Hawkesbury Upton	England	United Kingdom	51.5803	-2.3186
GU1	Guildford	England	United Kingdom	51.2354	-0.5743
GU10	Rowledge	England	United Kingdom	51.1953	-0.7868
GU11	Farnborough	England	United Kingdom	51.2484	-0.763
GU12	Aldershot	England	United Kingdom	51.2521	-0.7301
GU13	Fleet	England	United Kingdom	51.2833	-0.8333
GU14	Cove	England	United Kingdom	51.2955	-0.7908
GU15	Camberley	England	United Kingdom	51.337	-0.7426
GU16	Frimley	England	United Kingdom	51.3029	-0.7253
GU17	Blackwater	England	United Kingdom	51.3301	-0.7774
GU18	Lightwater	England	United Kingdom	51.3485	-0.6715
GU19	Bagshot	England	United Kingdom	51.3607	-0.688
GU2	Onslow Village	England	United Kingdom	51.2336	-0.5996
GU20	Windlesham	England	United Kingdom	51.3651	-0.6548
GU21	Knaphill	England	United Kingdom	51.3189	-0.6154
GU22	Woking	England	United Kingdom	51.319	-0.5589
GU23	Send	England	United Kingdom	51.2887	-0.5267
GU24	Pirbright	England	United Kingdom	51.2935	-0.6458
GU25	Virginia Water	England	United Kingdom	51.4034	-0.5665
GU26	Hindhead	England	United Kingdom	51.1138	-0.7335
GU27	Haslemere	England	United Kingdom	51.0902	-0.7078
GU28	Petworth	England	United Kingdom	50.9867	-0.61
GU29	Midhurst	England	United Kingdom	50.9856	-0.74
GU3	Compton	England	United Kingdom	51.2469	-0.6282
GU30	Liphook	England	United Kingdom	51.0772	-0.8032
GU31	Petersfield	England	United Kingdom	51.005	-0.9338
GU32	East Meon	England	United Kingdom	50.9955	-1.0319
GU33	Liss	England	United Kingdom	51.044	-0.8939
GU34	Alton	England	United Kingdom	51.1493	-0.9747
GU35	Bordon	England	United Kingdom	51.1136	-0.8624
GU4	West Clandon	England	United Kingdom	51.2606	-0.5032
GU46	Yateley	England	United Kingdom	51.343	-0.8298
GU47	Sandhurst	England	United Kingdom	51.3468	-0.7866
GU5	Bramley	England	United Kingdom	51.1945	-0.5593
GU51	Fleet	England	United Kingdom	51.2833	-0.8333
GU52	Fleet	England	United Kingdom	51.2833	-0.8333
GU6	Cranleigh	England	United Kingdom	51.1421	-0.4837
GU7	Godalming	England	United Kingdom	51.1846	-0.6173
GU8	Witley	England	United Kingdom	51.1499	-0.6477
GU9	Farnham	England	United Kingdom	51.2143	-0.7959
GU95	Surrey Heath	England	United Kingdom	51.3263	-0.7631
GY1	St Peter Port		United Kingdom	49.4598	-2.5353
GY10	Sark		United Kingdom	49.4333	-2.3562
GY2	St Sampsons	England	United Kingdom	49.4838	-2.5429
GY3	Vale		United Kingdom	49.4819	-2.5377
GY4	St Martin		United Kingdom	49.4371	-2.5548
GY5	Castel		United Kingdom	49.4676	-2.6002
GY6	Vale		United Kingdom	49.4858	-2.5196
GY7	Saint Pierre du Bois		United Kingdom	49.4456	-2.6436
GY8	Forest		United Kingdom	49.4258	-2.5919
GY9	Alderney		United Kingdom	49.7136	-2.1996
HA0	Wembley	England	United Kingdom	51.5524	-0.2969
HA1	Harrow on the Hill	England	United Kingdom	51.5714	-0.3337
HA2	Harrow	England	United Kingdom	51.5783	-0.3321
HA3	Wealdstone	England	United Kingdom	51.594	-0.3336
HA4	Ruislip	England	United Kingdom	51.5734	-0.4234
HA5	Pinner	England	United Kingdom	51.5938	-0.3822
HA6	Northwood	England	United Kingdom	51.6116	-0.4245
HA7	Stanmore	England	United Kingdom	51.6167	-0.3167
HA8	Edgware	England	United Kingdom	51.6128	-0.2754
HA9	Brent	England	United Kingdom	51.5531	-0.3023
HD1	Huddersfield	England	United Kingdom	53.649	-1.7842
HD2	Huddersfield	England	United Kingdom	53.649	-1.7842
HD3	Outlane	England	United Kingdom	53.6577	-1.8734
HD4	Almondbury	England	United Kingdom	53.6364	-1.745
HD5	Kirkheaton	England	United Kingdom	53.6572	-1.7286
HD6	Brighouse	England	United Kingdom	53.7032	-1.7843
HD7	New Mill	England	United Kingdom	53.6239	-1.8779
HD8	Clayton West	England	United Kingdom	53.595	-1.6111
HD9	Holmfirth	England	United Kingdom	53.5697	-1.7878
HG1	Harrogate	England	United Kingdom	53.9908	-1.5373
HG2	Harrogate	England	United Kingdom	53.9908	-1.5373
HG3	Pannal	England	United Kingdom	53.9603	-1.5357
HG4	Ripon	England	United Kingdom	54.1352	-1.5212
HG5	Knaresborough	England	United Kingdom	54.0091	-1.4685
HP1	Bourne End	England	United Kingdom	51.7551	-0.4882
HP10	Flackwell Heath	England	United Kingdom	51.5959	-0.6874
HP11	Wycombe Marsh	England	United Kingdom	51.6242	-0.7453
HP12	Booker	England	United Kingdom	51.6143	-0.7944
HP13	High Wycombe	England	United Kingdom	51.6291	-0.7493
HP14	Stokenchurch	England	United Kingdom	51.6583	-0.8974
HP15	Great Kingshill	England	United Kingdom	51.6586	-0.7111
HP16	Great Missenden	England	United Kingdom	51.7042	-0.708
HP17	Haddenham	England	United Kingdom	51.7733	-0.9263
HP18	Long Crendon	England	United Kingdom	51.7729	-0.9968
HP19	Aylesbury	England	United Kingdom	51.8167	-0.8146
HP2	Gaddesden Row	England	United Kingdom	51.7639	-0.4531
HP20	Aylesbury	England	United Kingdom	51.8167	-0.8146
HP21	Walton	England	United Kingdom	51.8058	-0.806
HP22	Wendover	England	United Kingdom	51.763	-0.7415
HP23	Tring	England	United Kingdom	51.7947	-0.6582
HP27	Princes Risborough	England	United Kingdom	51.7255	-0.8314
HP3	Hemel Hempstead	England	United Kingdom	51.7537	-0.4752
HP4	Berkhamsted	England	United Kingdom	51.7604	-0.5653
HP5	Chesham	England	United Kingdom	51.7	-0.6
HP6	Chesham Bois	England	United Kingdom	51.6859	-0.606
HP7	Amersham	England	United Kingdom	51.6667	-0.6167
HP8	Chalfont St Giles	England	United Kingdom	51.6318	-0.5703
HP9	Beaconsfield	England	United Kingdom	51.6122	-0.6473
HR1	Hereford	England	United Kingdom	52.0568	-2.7148
HR2	Longtown	England	United Kingdom	51.95	-2.9833
HR3	Clyro	Wales	United Kingdom	52.0853	-3.1492
HR4	Credenhill	England	United Kingdom	52.0835	-2.808
HR5	Kington	England	United Kingdom	52.2041	-3.0255
HR6	Leominster	England	United Kingdom	52.2258	-2.7449
HR7	Bromyard	England	United Kingdom	52.1902	-2.5087
HR8	Ledbury	England	United Kingdom	52.0364	-2.4263
HR9	Weston under Penyard	England	United Kingdom	51.9078	-2.5369
HS1	Stornoway	Scotland	United Kingdom	58.2092	-6.3865
HS2	Pabail Iarach	Scotland	United Kingdom	58.2171	-6.3953
HS3	Abhainnsuidhe	Scotland	United Kingdom	57.8781	-6.8471
HS4	Kennavay	Scotland	United Kingdom	57.8708	-6.6964
HS5	Strannda	Scotland	United Kingdom	57.7657	-7.0115
HS6	Baile Raghaill	Scotland	United Kingdom	57.6019	-7.3013
HS7	Griminis	Scotland	United Kingdom	57.4465	-7.3401
HS8	Baghasdal	Scotland	United Kingdom	57.275	-7.3417
HS9	Castlebay	Scotland	United Kingdom	56.955	-7.4892
HU1	Kingston upon Hull	England	United Kingdom	53.7446	-0.3353
HU10	Kirk Ella	England	United Kingdom	53.754	-0.4549
HU11	Goxhill	England	United Kingdom	53.8273	-0.2206
HU12	Hedon	England	United Kingdom	53.7396	-0.1966
HU13	Hessle	England	United Kingdom	53.7245	-0.4384
HU14	North Ferriby	England	United Kingdom	53.7212	-0.5052
HU15	Brough	England	United Kingdom	53.7481	-0.6189
HU16	Skidby	England	United Kingdom	53.7892	-0.4613
HU17	Beverley	England	United Kingdom	53.8459	-0.4233
HU18	Hornsea	England	United Kingdom	53.9104	-0.1681
HU19	Withernsea	England	United Kingdom	53.7311	0.0335
HU2	Hull	England	United Kingdom	53.7446	-0.3353
HU20	Little Weighton	England	United Kingdom	53.7902	-0.5068
HU3	Hull	England	United Kingdom	53.7446	-0.3353
HU4	Hull	England	United Kingdom	53.7446	-0.3353
HU5	Hull	England	United Kingdom	53.7603	-0.3758
HU6	Dunswell	England	United Kingdom	53.8011	-0.3714
HU7	Wawne	England	United Kingdom	53.8171	-0.3484
HU8	Hull	England	United Kingdom	53.7693	-0.2998
HU9	Marfleet	England	United Kingdom	53.7495	-0.2726
HX1	Halifax	England	United Kingdom	53.7167	-1.85
HX2	Wainstalls	England	United Kingdom	53.7187	-1.9458
HX3	Southowram	England	United Kingdom	53.7099	-1.8318
HX4	Holywell Green	England	United Kingdom	53.678	-1.8923
HX5	Elland	England	United Kingdom	53.6851	-1.8388
HX6	Sowerby Bridge	England	United Kingdom	53.709	-1.9093
HX7	Hebden Bridge	England	United Kingdom	53.7409	-2.0134
IG1	Ilford	England	United Kingdom	51.5576	0.0728
IG10	Loughton	England	United Kingdom	51.646	0.0538
IG11	Barking	England	United Kingdom	51.5333	0.0833
IG2	Redbridge	England	United Kingdom	51.5759	0.0815
IG3	Seven Kings	England	United Kingdom	51.564	0.0963
IG4	Ilford	England	United Kingdom	51.5796	0.0516
IG5	Ilford	England	United Kingdom	51.5905	0.0637
IG6	Barkingside	England	United Kingdom	51.5877	0.0815
IG7	Chigwell	England	United Kingdom	51.62	0.076
IG8	Woodford Green	England	United Kingdom	51.6094	0.0233
IG9	Buckhurst Hill	England	United Kingdom	51.6241	0.0326
IM1	Douglas		United Kingdom	54.15	-4.4833
IM2	Douglas		United Kingdom	54.15	-4.4833
IM3	Onchan		United Kingdom	54.1733	-4.4532
IM4	Union Mills		United Kingdom	54.1696	-4.5202
IM5	Knockaloe Moar		United Kingdom	54.1985	-4.7048
IM6	Orrisdale		United Kingdom	54.1798	-4.5659
IM7	Churchtown		United Kingdom	54.3815	-4.4273
IM8	Ramsey		United Kingdom	54.3227	-4.3853
IM9	The Howe		United Kingdom	54.084	-4.6943
IP1	Ipswich	England	United Kingdom	52.0592	1.1555
IP10	Bucklesham	England	United Kingdom	52.0301	1.2693
IP11	Felixstowe	England	United Kingdom	51.9638	1.3511
IP12	Woodbridge	England	United Kingdom	52.0933	1.3204
IP13	Framlingham	England	United Kingdom	52.2212	1.342
IP14	Stowmarket	England	United Kingdom	52.1889	0.9977
IP15	Aldeburgh	England	United Kingdom	52.1526	1.6012
IP16	Leiston	England	United Kingdom	52.2061	1.5776
IP17	Saxmundham	England	United Kingdom	52.215	1.488
IP18	Southwold	England	United Kingdom	52.3275	1.6798
IP19	Halesworth	England	United Kingdom	52.3464	1.5029
IP2	Chantry	England	United Kingdom	52.0452	1.1247
IP20	Harleston	England	United Kingdom	52.403	1.2966
IP21	Dickleburgh	England	United Kingdom	52.3965	1.185
IP22	Diss	England	United Kingdom	52.3768	1.1091
IP23	Eye	England	United Kingdom	52.3205	1.1462
IP24	Thetford	England	United Kingdom	52.4167	0.75
IP25	Watton	England	United Kingdom	52.5667	0.8333
IP26	Feltwell	England	United Kingdom	52.4858	0.5194
IP27	Lakenheath	England	United Kingdom	52.4176	0.5221
IP28	Mildenhall	England	United Kingdom	52.3445	0.5109
IP29	Boxted	England	United Kingdom	52.1167	0.6667
IP3	Ipswich	England	United Kingdom	52.0417	1.1866
IP30	Elmswell	England	United Kingdom	52.2362	0.9125
IP31	Thurston	England	United Kingdom	52.2524	0.8075
IP32	Bury St. Edmunds	England	United Kingdom	52.2463	0.7111
IP33	Bury St Edmunds	England	United Kingdom	52.2463	0.7111
IP4	Ipswich	England	United Kingdom	52.0592	1.1555
IP5	Kesgrave	England	United Kingdom	52.0624	1.2365
IP6	Needham Market	England	United Kingdom	52.1555	1.0516
IP7	Hadleigh	England	United Kingdom	52.045	0.953
IP8	Bramford	England	United Kingdom	52.0763	1.0969
IP9	Shotley Gate	England	United Kingdom	51.9579	1.2687
IP98	Diss	England	United Kingdom	52.3768	1.1091
IV1	Westhill	Scotland	United Kingdom	57.4833	-4.2328
IV10	Fortrose	Scotland	United Kingdom	57.5809	-4.1326
IV11	Cromarty	Scotland	United Kingdom	57.6809	-4.0341
IV12	Nairn	Scotland	United Kingdom	57.5809	-3.8797
IV13	Balvraid	Scotland	United Kingdom	57.3427	-4.0218
IV14	Strathpeffer	Scotland	United Kingdom	57.5852	-4.5419
IV15	Dingwall	Scotland	United Kingdom	57.5953	-4.4272
IV16	Evanton	Scotland	United Kingdom	57.6638	-4.34
IV17	Alness	Scotland	United Kingdom	57.696	-4.2551
IV18	Invergordon	Scotland	United Kingdom	57.6886	-4.1674
IV19	Tain	Scotland	United Kingdom	57.809	-4.0599
IV2	Inverness	Scotland	United Kingdom	57.4791	-4.224
IV20	Balintore	Scotland	United Kingdom	57.7556	-3.9123
IV21	Shieldaig	Scotland	United Kingdom	57.7	-5.6833
IV22	Poolewe	Scotland	United Kingdom	57.7644	-5.6041
IV23	Badrallach	Scotland	United Kingdom	57.8667	-5.2833
IV24	Kyloag	Scotland	United Kingdom	57.8804	-4.3541
IV25	Dornoch	Scotland	United Kingdom	57.8805	-4.0288
IV26	Ullapool	Scotland	United Kingdom	57.8987	-5.1604
IV27	Lairg	Scotland	United Kingdom	58.0237	-4.3996
IV28	West Langwell	Scotland	United Kingdom	58.05	-4.2
IV3	Drumnadrochit	Scotland	United Kingdom	57.4768	-4.2472
IV30	Elgin	Scotland	United Kingdom	57.65	-3.3333
IV31	Lossiemouth	Scotland	United Kingdom	57.7214	-3.2834
IV32	Fochabers	Scotland	United Kingdom	57.6144	-3.0995
IV36	Forres	Scotland	United Kingdom	57.61	-3.6212
IV4	Beauly	Scotland	United Kingdom	57.484	-4.4587
IV40	Kyle of Lochalsh	Scotland	United Kingdom	57.2839	-5.7112
IV41	Kyleakin	Scotland	United Kingdom	57.2707	-5.7409
IV42	Breakish	Scotland	United Kingdom	57.239	-5.8543
IV43	Duisdealmor	Scotland	United Kingdom	57.1741	-5.841
IV44	Kilmore	Scotland	United Kingdom	57.1	-5.8833
IV45	Calligarry	Scotland	United Kingdom	57.05	-5.9
IV46	Ord	Scotland	United Kingdom	57.1119	-5.984
IV47	Drynoch	Scotland	United Kingdom	57.3023	-6.3068
IV48	Sconser	Scotland	United Kingdom	57.3134	-6.1115
IV49	Broadford	Scotland	United Kingdom	57.2418	-5.9111
IV5	Kirkhill	Scotland	United Kingdom	57.4766	-4.4132
IV51	Portree	Scotland	United Kingdom	57.4129	-6.1942
IV52	Plockton	Scotland	United Kingdom	57.3376	-5.6513
IV53	Stromeferry	Scotland	United Kingdom	57.3524	-5.5521
IV54	Milton	Scotland	United Kingdom	57.4308	-5.6182
IV55	Balmore	Scotland	United Kingdom	57.4563	-6.6099
IV56	Bracadale	Scotland	United Kingdom	57.3596	-6.4067
IV6	Muir of Ord	Scotland	United Kingdom	57.5198	-4.4594
IV63	Drumnadrochit	Scotland	United Kingdom	57.3053	-4.5319
IV7	Conon Bridge	Scotland	United Kingdom	57.5663	-4.4368
IV8	Belmaduthy	Scotland	United Kingdom	57.5667	-4.2667
IV9	Avoch	Scotland	United Kingdom	57.569	-4.1768
IV99	Highland	Scotland	United Kingdom	57.4813	-4.224
JE1	St Helier		United Kingdom	49.188	-2.1049
JE2	St Helier		United Kingdom	49.188	-2.1049
JE3	St Lawrence		United Kingdom	49.2158	-2.1414
JE4	Jersey		United Kingdom	49.2167	-2.1167
KA1	Symington	Scotland	United Kingdom	55.5333	-4.5667
KA10	Troon	Scotland	United Kingdom	55.5436	-4.6634
KA11	Dreghorn	Scotland	United Kingdom	55.6	-4.6167
KA12	Irvine	Scotland	United Kingdom	55.6194	-4.6551
KA13	Kilwinning	Scotland	United Kingdom	55.6533	-4.7067
KA14	Glengarnock	Scotland	United Kingdom	55.7393	-4.6776
KA15	Beith	Scotland	United Kingdom	55.7492	-4.6368
KA16	Newmilns	Scotland	United Kingdom	55.6075	-4.3242
KA17	Darvel	Scotland	United Kingdom	55.6098	-4.2814
KA18	Cumnock	Scotland	United Kingdom	55.4545	-4.2664
KA19	Maybole	Scotland	United Kingdom	55.355	-4.6803
KA2	Crosshouse	Scotland	United Kingdom	55.6126	-4.5509
KA20	Stevenston	Scotland	United Kingdom	55.6397	-4.7534
KA21	Saltcoats	Scotland	United Kingdom	55.6362	-4.7859
KA22	Ardrossan	Scotland	United Kingdom	55.6502	-4.8066
KA23	West Kilbride	Scotland	United Kingdom	55.6833	-4.85
KA24	Dalry	Scotland	United Kingdom	55.7096	-4.7217
KA25	Kilbirnie	Scotland	United Kingdom	55.7508	-4.6879
KA26	Girvan	Scotland	United Kingdom	55.2425	-4.8555
KA27	Lamlash	Scotland	United Kingdom	55.5336	-5.1296
KA28	Millport	Scotland	United Kingdom	55.7535	-4.9256
KA29	Fairlie	Scotland	United Kingdom	55.756	-4.8556
KA3	Kilmarnock	Scotland	United Kingdom	55.6117	-4.4958
KA30	Largs	Scotland	United Kingdom	55.7963	-4.8634
KA4	Galston	Scotland	United Kingdom	55.6009	-4.3817
KA5	Mauchline	Scotland	United Kingdom	55.516	-4.3793
KA6	Drongan	Scotland	United Kingdom	55.4163	-4.505
KA7	Ayr	Scotland	United Kingdom	55.4627	-4.6339
KA8	Whitletts	Scotland	United Kingdom	55.4718	-4.6124
KA9	Prestwick	Scotland	United Kingdom	55.4833	-4.6167
KT1	Kingston upon Thames	England	United Kingdom	51.4126	-0.2974
KT10	Esher	England	United Kingdom	51.3697	-0.3669
KT11	Cobham	England	United Kingdom	51.33	-0.4113
KT12	Walton-on-Thames	England	United Kingdom	51.3853	-0.4207
KT13	Weybridge	England	United Kingdom	51.3722	-0.453
KT14	West Byfleet	England	United Kingdom	51.3395	-0.4934
KT15	Addlestone	England	United Kingdom	51.3714	-0.4935
KT16	Chertsey	England	United Kingdom	51.3881	-0.5078
KT17	Ewell	England	United Kingdom	51.3495	-0.2494
KT18	Headley	England	United Kingdom	51.2788	-0.2763
KT19	Epsom	England	United Kingdom	51.3305	-0.2701
KT2	Norbiton	England	United Kingdom	51.4186	-0.2904
KT20	Tadworth	England	United Kingdom	51.2917	-0.2358
KT21	Ashtead	England	United Kingdom	51.3087	-0.2997
KT22	Leatherhead	England	United Kingdom	51.2965	-0.3338
KT23	Great Bookham	England	United Kingdom	51.2792	-0.3742
KT24	East Horsley	England	United Kingdom	51.2736	-0.4321
KT3	New Malden	England	United Kingdom	51.3992	-0.2556
KT4	Worcester Park	England	United Kingdom	51.3799	-0.2444
KT5	Surbiton	England	United Kingdom	51.3915	-0.2982
KT6	Surbiton	England	United Kingdom	51.3915	-0.2982
KT7	Thames Ditton	England	United Kingdom	51.3896	-0.3393
KT8	East Molesey	England	United Kingdom	51.3987	-0.3492
KT9	Chessington	England	United Kingdom	51.3624	-0.3043
KW1	Wick	Scotland	United Kingdom	58.4422	-3.0927
KW10	Golspie	Scotland	United Kingdom	57.9727	-3.978
KW11	Rhifail	Scotland	United Kingdom	58.3079	-4.1362
KW12	Halkirk	Scotland	United Kingdom	58.5123	-3.4915
KW13	Forsinain	Scotland	United Kingdom	58.457	-3.897
KW14	Thurso	Scotland	United Kingdom	58.5927	-3.5259
KW15	Kirkwall	Scotland	United Kingdom	58.9848	-2.9587
KW16	Stromness	Scotland	United Kingdom	58.965	-3.296
KW17	Pierowall	Scotland	United Kingdom	59.3194	-2.9905
KW2	Ulbster	Scotland	United Kingdom	58.3542	-3.1568
KW3	Swiney	Scotland	United Kingdom	58.3	-3.3167
KW5	Stemster	Scotland	United Kingdom	58.2871	-3.3831
KW6	Knockally	Scotland	United Kingdom	58.25	-3.4443
KW7	Badbea	Scotland	United Kingdom	58.1868	-3.5016
KW8	Helmsdale	Scotland	United Kingdom	58.1168	-3.6533
KW9	Brora	Scotland	United Kingdom	58.0099	-3.8518
KY1	Kirkcaldy	Scotland	United Kingdom	56.1098	-3.1615
KY10	Anstruther	Scotland	United Kingdom	56.2231	-2.7023
KY11	Rosyth	Scotland	United Kingdom	56.0369	-3.438
KY12	Dunfermline	Scotland	United Kingdom	56.0716	-3.4589
KY13	Kinross	Scotland	United Kingdom	56.2047	-3.4214
KY14	Auchtermuchty	Scotland	United Kingdom	56.2916	-3.2343
KY15	Cupar	Scotland	United Kingdom	56.3188	-3.012
KY16	Leuchars	Scotland	United Kingdom	56.3817	-2.8825
KY2	Cluny	Scotland	United Kingdom	56.1236	-3.1842
KY3	Burntisland	Scotland	United Kingdom	56.0625	-3.2318
KY4	Cowdenbeath	Scotland	United Kingdom	56.1119	-3.3443
KY5	Lochgelly	Scotland	United Kingdom	56.1283	-3.3096
KY6	Leslie	Scotland	United Kingdom	56.2	-3.2167
KY7	Glenrothes	Scotland	United Kingdom	56.1951	-3.1732
KY8	Methil	Scotland	United Kingdom	56.1854	-3.0216
KY9	Elie	Scotland	United Kingdom	56.1926	-2.8223
KY99	Fife	Scotland	United Kingdom	56.0548	-3.4377
L1	Liverpool	England	United Kingdom	53.4106	-2.9779
L10	Aintree	England	United Kingdom	53.4754	-2.952
L11	Liverpool	England	United Kingdom	53.4481	-2.9155
L12	West Derby	England	United Kingdom	53.4328	-2.9096
L13	Liverpool	England	United Kingdom	53.4179	-2.9206
L14	Knotty Ash	England	United Kingdom	53.4162	-2.8965
L15	Liverpool	England	United Kingdom	53.3975	-2.9206
L16	Childwall	England	United Kingdom	53.3972	-2.897
L17	Aigburth	England	United Kingdom	53.3653	-2.9178
L18	Allerton	England	United Kingdom	53.3805	-2.9086
L19	Garston	England	United Kingdom	53.3333	-2.9
L2	Liverpool	England	United Kingdom	53.4106	-2.9779
L20	Bootle	England	United Kingdom	53.4667	-3.0167
L21	Litherland	England	United Kingdom	53.4699	-2.9981
L22	Waterloo	England	United Kingdom	53.4667	-3.0167
L23	Thornton	England	United Kingdom	53.5	-3
L24	Speke	England	United Kingdom	53.3407	-2.841
L25	Woolton	England	United Kingdom	53.374	-2.87
L26	Halewood	England	United Kingdom	53.3596	-2.8315
L27	Liverpool	England	United Kingdom	53.3877	-2.8383
L28	Liverpool	England	United Kingdom	53.4355	-2.8658
L29	Lunt	England	United Kingdom	53.5041	-2.972
L3	Liverpool	England	United Kingdom	53.4106	-2.9779
L30	Ford	England	United Kingdom	53.4841	-2.9725
L31	Maghull	England	United Kingdom	53.5162	-2.9412
L32	Kirkby	England	United Kingdom	53.4833	-2.9
L33	Liverpool	England	United Kingdom	53.4898	-2.8764
L34	Prescot	England	United Kingdom	53.4295	-2.8003
L35	Whiston	England	United Kingdom	53.42	-2.7891
L36	Huyton	England	United Kingdom	53.4115	-2.8394
L37	Formby	England	United Kingdom	53.5536	-3.0682
L38	Hightown	England	United Kingdom	53.5167	-3.05
L39	Ormskirk	England	United Kingdom	53.5668	-2.8818
L4	Liverpool	England	United Kingdom	53.4378	-2.9611
L40	Burscough	England	United Kingdom	53.5964	-2.8397
L5	Liverpool	England	United Kingdom	53.4106	-2.9779
L6	Liverpool	England	United Kingdom	53.4106	-2.9779
L67	Liverpool	England	United Kingdom	53.4106	-2.9779
L68	Sefton	England	United Kingdom	53.4731	-2.9607
L69	Non-geographic	England	United Kingdom	53.4069	-2.9746
L7	Liverpool	England	United Kingdom	53.4106	-2.9779
L70	Liverpool	England	United Kingdom	53.4106	-2.9779
L71	Liverpool	England	United Kingdom	53.4106	-2.9779
L72	Sefton	England	United Kingdom	53.5041	-2.972
L73	Liverpool	England	United Kingdom	53.4106	-2.9779
L74	Liverpool	England	United Kingdom	53.4106	-2.9779
L75	Liverpool	England	United Kingdom	53.4106	-2.9779
L8	Liverpool	England	United Kingdom	53.4106	-2.9779
L80	Sefton	England	United Kingdom	53.4692	-2.9691
L9	Walton	England	United Kingdom	53.4616	-2.9534
LA1	Lancaster	England	United Kingdom	54.0465	-2.7997
LA10	Sedbergh	England	United Kingdom	54.3212	-2.5251
LA11	Grange-over-Sands	England	United Kingdom	54.1965	-2.9043
LA12	Ulverston	England	United Kingdom	54.1959	-3.0963
LA13	Dendron	England	United Kingdom	54.1182	-3.1984
LA14	Vickerstown	England	United Kingdom	54.1048	-3.2495
LA15	Dalton-in-Furness	England	United Kingdom	54.15	-3.1667
LA16	Askam in Furness	England	United Kingdom	54.1833	-3.2167
LA17	Soutergate	England	United Kingdom	54.2229	-3.186
LA18	Millom	England	United Kingdom	54.2107	-3.272
LA19	Corney	England	United Kingdom	54.3117	-3.3661
LA2	Galgate	England	United Kingdom	53.9833	-2.7833
LA20	Broughton in Furness	England	United Kingdom	54.2771	-3.2112
LA21	Coniston	England	United Kingdom	54.3667	-3.0667
LA22	Ambleside	England	United Kingdom	54.4326	-2.9617
LA23	Windermere	England	United Kingdom	54.3809	-2.9071
LA3	Heysham	England	United Kingdom	54.0437	-2.8932
LA4	Morecambe	England	United Kingdom	54.0684	-2.8611
LA5	Carnforth	England	United Kingdom	54.1167	-2.7667
LA6	Kirkby Lonsdale	England	United Kingdom	54.2026	-2.5983
LA7	Milnthorpe	England	United Kingdom	54.2167	-2.7667
LA8	Staveley	England	United Kingdom	54.3766	-2.8179
LA9	Kendal	England	United Kingdom	54.3268	-2.7476
LD1	Llandrindod Wells	Wales	United Kingdom	52.2416	-3.3787
LD2	Builth Wells	Wales	United Kingdom	52.1494	-3.4047
LD3	Brecon	Wales	United Kingdom	51.9461	-3.3889
LD4	Llangammarch Wells	Wales	United Kingdom	52.1122	-3.5549
LD5	Llanwrtyd Wells	Wales	United Kingdom	52.1066	-3.6392
LD6	Rhayader	Wales	United Kingdom	52.3015	-3.5115
LD7	Knighton	Wales	United Kingdom	52.35	-3.05
LD8	Presteigne	Wales	United Kingdom	52.2718	-3.0058
LE1	Leicester	England	United Kingdom	52.6386	-1.1317
LE10	Hinckley	England	United Kingdom	52.5389	-1.3761
LE11	Loughborough	England	United Kingdom	52.7667	-1.2
LE12	Mountsorrel	England	United Kingdom	52.7167	-1.15
LE13	Melton Mowbray	England	United Kingdom	52.7659	-0.8869
LE14	Stapleford	England	United Kingdom	52.7554	-0.7994
LE15	Oakham	England	United Kingdom	52.6667	-0.7333
LE16	Market Harborough	England	United Kingdom	52.4776	-0.9205
LE17	Lutterworth	England	United Kingdom	52.4563	-1.2022
LE18	Wigston	England	United Kingdom	52.5813	-1.0925
LE19	Leicester	England	United Kingdom	52.5846	-1.2053
LE2	Oadby	England	United Kingdom	52.6062	-1.0835
LE21	City of Leicester	England	United Kingdom	52.6323	-1.1249
LE3	Braunstone	England	United Kingdom	52.6184	-1.179
LE4	Birstall	England	United Kingdom	52.6667	-1.1167
LE41	City of Leicester	England	United Kingdom	52.6646	-1.1087
LE5	Humberstone	England	United Kingdom	52.6474	-1.0865
LE55	Ashby-de-la-Zouch	England	United Kingdom	52.7432	-1.4412
LE6	Groby	England	United Kingdom	52.6602	-1.226
LE65	Packington	England	United Kingdom	52.7285	-1.4662
LE67	Coalville	England	United Kingdom	52.7225	-1.3702
LE7	Syston	England	United Kingdom	52.6833	-1.0667
LE8	Whetstone	England	United Kingdom	52.5667	-1.1833
LE87	Whetstone	England	United Kingdom	52.6275	-1.1329
LE9	Earl Shilton	England	United Kingdom	52.5768	-1.3154
LE94	Harborough	England	United Kingdom	52.4837	-0.9055
LE95	Braunstone	England	United Kingdom	52.6184	-1.179
LL11	Brymbo	Wales	United Kingdom	53.0667	-3.0667
LL12	Gresford	Wales	United Kingdom	53.0854	-2.9706
LL13	Wrexham	Wales	United Kingdom	53.0466	-2.9913
LL14	Chirk	Wales	United Kingdom	52.9359	-3.0574
LL15	Ruthin	Wales	United Kingdom	53.1137	-3.3178
LL16	Denbigh	Wales	United Kingdom	53.1833	-3.4167
LL17	Plas-yn-Cefn	Wales	United Kingdom	53.2558	-3.4142
LL18	Rhyl	Wales	United Kingdom	53.3193	-3.4923
LL19	Prestatyn	Wales	United Kingdom	53.3375	-3.4078
LL20	Llangollen	Wales	United Kingdom	52.9683	-3.1713
LL21	Four Crosses	Wales	United Kingdom	52.9899	-3.4098
LL22	Abergele	Wales	United Kingdom	53.2844	-3.5822
LL23	Bala	Wales	United Kingdom	52.9111	-3.5972
LL24	Betws-y-coed	Wales	United Kingdom	53.0938	-3.8067
LL25	Pentre-bont	Wales	United Kingdom	53.0539	-3.8886
LL26	Llanrwst	Wales	United Kingdom	53.1402	-3.7953
LL27	Trefriw	Wales	United Kingdom	53.1514	-3.8257
LL28	Mochdre	Wales	United Kingdom	53.2833	-3.75
LL29	Colwyn Bay	Wales	United Kingdom	53.2948	-3.7267
LL30	Llandudno	Wales	United Kingdom	53.325	-3.8315
LL31	Deganwy	Wales	United Kingdom	53.3045	-3.8273
LL32	Conwy	Wales	United Kingdom	53.2808	-3.8304
LL33	Llanfairfechan	Wales	United Kingdom	53.2578	-3.9742
LL34	Penmaenmawr	Wales	United Kingdom	53.2667	-3.9333
LL35	Aberdyfi	Wales	United Kingdom	52.5444	-4.0454
LL36	Tywyn	Wales	United Kingdom	52.5858	-4.0928
LL37	Llwyngwril	Wales	United Kingdom	52.6677	-4.0842
LL38	Fairbourne	Wales	United Kingdom	52.6968	-4.0561
LL39	Arthog	Wales	United Kingdom	52.7116	-4.0097
LL40	Dolgellau	Wales	United Kingdom	52.7422	-3.8861
LL41	Trawsfynydd	Wales	United Kingdom	52.9021	-3.9229
LL42	Barmouth	Wales	United Kingdom	52.7238	-4.0575
LL43	Tal-y-bont	Wales	United Kingdom	52.7745	-4.0927
LL44	Dyffryn Ardudwy	Wales	United Kingdom	52.7909	-4.0972
LL45	Llanbedr	Wales	United Kingdom	52.8167	-4.1
LL46	Harlech	Wales	United Kingdom	52.8594	-4.1083
LL47	Ynys	Wales	United Kingdom	52.9034	-4.0649
LL48	Penrhyndeudraeth	Wales	United Kingdom	52.9333	-4.0667
LL49	Porthmadog	Wales	United Kingdom	52.9292	-4.1314
LL51	Garn-Dolbenmaen	Wales	United Kingdom	52.9737	-4.2402
LL52	Criccieth	Wales	United Kingdom	52.9205	-4.2346
LL53	Pwllheli	Wales	United Kingdom	52.8899	-4.4145
LL54	Penygroes	Wales	United Kingdom	52.9894	-4.2259
LL55	Caernarfon	Wales	United Kingdom	53.1413	-4.2702
LL56	Y Felinheli	Wales	United Kingdom	53.1874	-4.2048
LL57	Bangor	Wales	United Kingdom	53.2265	-4.1346
LL58	Beaumaris	Wales	United Kingdom	53.2632	-4.0923
LL59	Menai Bridge	Wales	United Kingdom	53.2277	-4.1693
LL60	Gaerwen	Wales	United Kingdom	53.2211	-4.2736
LL61	Llanfairpwllgwyngyll	Wales	United Kingdom	53.2214	-4.2033
LL62	Aberffraw	Wales	United Kingdom	53.2108	-4.386
LL63	Tycroes	Wales	United Kingdom	53.2191	-4.4704
LL64	Rhosneigr	Wales	United Kingdom	53.2319	-4.5148
LL65	Holyhead	Wales	United Kingdom	53.3062	-4.6321
LL66	Rhosgoch	Wales	United Kingdom	53.3769	-4.3909
LL67	Llanfechell	Wales	United Kingdom	53.3919	-4.4561
LL68	Amlwch	Wales	United Kingdom	53.4099	-4.3471
LL69	Penysarn	Wales	United Kingdom	53.3898	-4.317
LL70	Nebo	Wales	United Kingdom	53.3638	-4.288
LL71	Llanerchymedd	Wales	United Kingdom	53.3305	-4.377
LL72	Moelfre	Wales	United Kingdom	53.35	-4.2333
LL73	Llanallgo	Wales	United Kingdom	53.344	-4.2477
LL74	Benllech	Wales	United Kingdom	53.3204	-4.2261
LL75	Pentraeth	Wales	United Kingdom	53.2837	-4.2178
LL76	Llanbedrgoch	Wales	United Kingdom	53.3003	-4.2364
LL77	Llangefni	Wales	United Kingdom	53.2556	-4.3106
LL78	Marian-glas	Wales	United Kingdom	53.3359	-4.2463
LN1	Burton	England	United Kingdom	53.2667	-0.5667
LN10	Woodhall Spa	England	United Kingdom	53.1522	-0.2145
LN11	Louth	England	United Kingdom	53.3666	-0.0044
LN12	Mablethorpe	England	United Kingdom	53.3409	0.261
LN13	Alford	England	United Kingdom	53.25	0.1833
LN2	Lincoln	England	United Kingdom	53.2268	-0.5379
LN3	Reepham	England	United Kingdom	53.2333	-0.4333
LN4	Washingborough	England	United Kingdom	53.2242	-0.4749
LN5	Waddington	England	United Kingdom	53.1667	-0.5333
LN6	Skellingthorpe	England	United Kingdom	53.2353	-0.619
LN7	Caistor	England	United Kingdom	53.4967	-0.3154
LN8	Market Rasen	England	United Kingdom	53.3876	-0.3378
LN9	Horncastle	England	United Kingdom	53.2078	-0.1172
LS1	Leeds	England	United Kingdom	53.7965	-1.5478
LS10	Middleton	England	United Kingdom	53.7496	-1.5494
LS11	Beeston	England	United Kingdom	53.7667	-1.5667
LS12	New Farnley	England	United Kingdom	53.7913	-1.5972
LS13	Leeds	England	United Kingdom	53.8107	-1.6354
LS14	Thorner	England	United Kingdom	53.8609	-1.4268
LS15	Scholes	England	United Kingdom	53.8235	-1.4281
LS16	Bramhope	England	United Kingdom	53.8849	-1.6164
LS17	Bardsey	England	United Kingdom	53.8849	-1.4454
LS18	Horsforth	England	United Kingdom	53.838	-1.6404
LS19	Yeadon	England	United Kingdom	53.8644	-1.6874
LS2	Leeds	England	United Kingdom	53.7965	-1.5478
LS20	Guiseley	England	United Kingdom	53.8756	-1.7123
LS21	Otley	England	United Kingdom	53.9055	-1.6938
LS22	Wetherby	England	United Kingdom	53.9284	-1.3867
LS23	Boston Spa	England	United Kingdom	53.9042	-1.3452
LS24	Tadcaster	England	United Kingdom	53.8832	-1.2634
LS25	Kippax	England	United Kingdom	53.7669	-1.371
LS26	Swillington	England	United Kingdom	53.7685	-1.4175
LS27	Morley	England	United Kingdom	53.7401	-1.5988
LS28	Pudsey	England	United Kingdom	53.7954	-1.6613
LS29	Ilkley	England	United Kingdom	53.9245	-1.8233
LS3	Leeds	England	United Kingdom	53.7965	-1.5478
LS4	Leeds	England	United Kingdom	53.8103	-1.5846
LS5	Kirkstall	England	United Kingdom	53.8158	-1.6022
LS6	Leeds	England	United Kingdom	53.8201	-1.5704
LS7	Chapel Allerton	England	United Kingdom	53.829	-1.5383
LS8	Gledhow	England	United Kingdom	53.8245	-1.5099
LS88	Leeds	England	United Kingdom	53.7657	-1.5012
LS9	Halton	England	United Kingdom	53.7995	-1.5107
LS98	Leeds	England	United Kingdom	53.7965	-1.5478
LS99	Leeds	England	United Kingdom	53.7965	-1.5478
LU1	Luton	England	United Kingdom	51.8797	-0.4175
LU2	Peter's Green	England	United Kingdom	51.9114	-0.382
LU3	Streatley	England	United Kingdom	51.9463	-0.4437
LU4	Chalton	England	United Kingdom	51.9279	-0.5015
LU5	Toddington	England	United Kingdom	51.9492	-0.5328
LU6	Dunstable	England	United Kingdom	51.8857	-0.5229
LU7	Leighton Buzzard	England	United Kingdom	51.9172	-0.658
M1	Manchester	England	United Kingdom	53.4809	-2.2374
M11	Manchester	England	United Kingdom	53.479	-2.1818
M12	Levenshulme	England	United Kingdom	53.4442	-2.1916
M13	Rusholm	England	United Kingdom	53.4698	-2.2295
M14	Manchester	England	United Kingdom	53.4482	-2.2257
M15	Manchester	England	United Kingdom	53.4809	-2.2374
M16	Manchester	England	United Kingdom	53.4551	-2.2645
M17	Trafford Park	England	United Kingdom	53.4688	-2.3119
M18	Gorton	England	United Kingdom	53.4667	-2.1667
M19	Burnage	England	United Kingdom	53.4327	-2.1997
M2	Manchester	England	United Kingdom	53.4809	-2.2374
M20	Didsbury	England	United Kingdom	53.417	-2.2315
M21	Chorlton-cum-Hardy	England	United Kingdom	53.4351	-2.2631
M22	Moss Nook	England	United Kingdom	53.3861	-2.2599
M23	Baguley	England	United Kingdom	53.3947	-2.279
M24	Middleton	England	United Kingdom	53.55	-2.2
M25	Prestwich	England	United Kingdom	53.5333	-2.2833
M26	Radcliffe	England	United Kingdom	53.55	-2.3333
M27	Swinton	England	United Kingdom	53.5109	-2.335
M28	Walkden	England	United Kingdom	53.5167	-2.4
M29	Tyldesley	England	United Kingdom	53.5139	-2.4675
M3	Manchester	England	United Kingdom	53.4809	-2.2374
M30	Eccles	England	United Kingdom	53.4833	-2.3333
M31	Partington	England	United Kingdom	53.4188	-2.4282
M32	Stretford	England	United Kingdom	53.45	-2.3167
M33	Sale	England	United Kingdom	53.4252	-2.3244
M34	Denton	England	United Kingdom	53.4568	-2.1182
M35	Failsworth	England	United Kingdom	53.5048	-2.1657
M38	Little Hulton	England	United Kingdom	53.5333	-2.4167
M4	Manchester	England	United Kingdom	53.4809	-2.2374
M40	Manchester	England	United Kingdom	53.5041	-2.191
M41	Urmston	England	United Kingdom	53.4485	-2.3542
M43	Droylsden	England	United Kingdom	53.48	-2.1454
M44	Irlam	England	United Kingdom	53.4425	-2.4232
M45	Whitefield	England	United Kingdom	53.55	-2.3
M46	Atherton	England	United Kingdom	53.5237	-2.4935
M5	Salford	England	United Kingdom	53.4792	-2.2859
M50	Salford	England	United Kingdom	53.4767	-2.2932
M6	Salford	England	United Kingdom	53.4926	-2.2991
M60	Manchester	England	United Kingdom	53.4809	-2.2374
M61	Manchester	England	United Kingdom	53.4809	-2.2374
M7	Broughton	England	United Kingdom	53.5056	-2.2623
M8	Cheetham Hill	England	United Kingdom	53.4986	-2.2385
M9	Manchester	England	United Kingdom	53.522	-2.2139
M90	Ringway	England	United Kingdom	53.3635	-2.278
M99	Manchester	England	United Kingdom	53.4809	-2.2374
ME1	Rochester	England	United Kingdom	51.3876	0.5055
ME10	Sittingbourne	England	United Kingdom	51.3413	0.7328
ME11	Queenborough	England	United Kingdom	51.4162	0.7477
ME12	Sheerness	England	United Kingdom	51.4395	0.7603
ME13	Faversham	England	United Kingdom	51.3148	0.8886
ME14	Maidstone	England	United Kingdom	51.2667	0.5167
ME15	West Farleigh	England	United Kingdom	51.2484	0.4607
ME16	East Barming	England	United Kingdom	51.2738	0.497
ME17	Lenham	England	United Kingdom	51.237	0.7189
ME18	Wateringbury	England	United Kingdom	51.2554	0.4232
ME19	West Malling	England	United Kingdom	51.2927	0.4091
ME2	Strood	England	United Kingdom	51.3959	0.4936
ME20	Aylesford	England	United Kingdom	51.3037	0.4794
ME3	Hoo	England	United Kingdom	51.4175	0.5652
ME4	Chatham	England	United Kingdom	51.3789	0.5279
ME5	Luton	England	United Kingdom	51.369	0.5473
ME6	Snodland	England	United Kingdom	51.3297	0.443
ME7	Gillingham	England	United Kingdom	51.3891	0.5486
ME8	Rainham	England	United Kingdom	51.3632	0.6089
ME9	Iwade	England	United Kingdom	51.3775	0.7293
ME99	Maidstone	England	United Kingdom	51.2667	0.5167
MK1	Milton Keynes	England	United Kingdom	52.0075	-0.7271
MK10	Milton Keynes Village	England	United Kingdom	52.0386	-0.6987
MK11	Stony Stratford	England	United Kingdom	52.0568	-0.8528
MK12	Wolverton	England	United Kingdom	52.0625	-0.8166
MK13	Bradwell	England	United Kingdom	52.0486	-0.7877
MK14	Great Linford	England	United Kingdom	52.0656	-0.7591
MK15	Willen	England	United Kingdom	52.0641	-0.7231
MK16	Newport Pagnell	England	United Kingdom	52.0873	-0.7222
MK17	Woburn Sands	England	United Kingdom	52.0158	-0.6498
MK18	Buckingham	England	United Kingdom	51.9997	-0.9878
MK19	Deanshanger	England	United Kingdom	52.05	-0.8866
MK2	Fenny Stratford	England	United Kingdom	51.9968	-0.718
MK3	Bletchley	England	United Kingdom	51.9933	-0.7347
MK4	Milton Keynes	England	United Kingdom	52.0045	-0.7823
MK40	Bedford	England	United Kingdom	52.1346	-0.4663
MK41	Clapham	England	United Kingdom	52.1608	-0.4953
MK42	Kempston	England	United Kingdom	52.116	-0.5004
MK43	Cranfield	England	United Kingdom	52.0687	-0.6088
MK44	Great Barford	England	United Kingdom	52.1579	-0.3524
MK45	Ampthill	England	United Kingdom	52.0269	-0.4957
MK46	Olney	England	United Kingdom	52.1535	-0.702
MK5	Shenley Church End	England	United Kingdom	52.0252	-0.7899
MK6	Milton Keynes	England	United Kingdom	52.0417	-0.7558
MK7	Walton	England	United Kingdom	52.0172	-0.6909
MK77	Abbey Hill	England	United Kingdom	52.0421	-0.8189
MK8	Milton Keynes	England	United Kingdom	52.0338	-0.8028
MK9	Milton Keynes	England	United Kingdom	52.0417	-0.7558
ML1	Motherwell	Scotland	United Kingdom	55.7892	-3.9919
ML10	Strathaven	Scotland	United Kingdom	55.6771	-4.0668
ML11	Lanark	Scotland	United Kingdom	55.6737	-3.7817
ML12	Biggar	Scotland	United Kingdom	55.6167	-3.5167
ML2	Wishaw	Scotland	United Kingdom	55.7667	-3.9167
ML3	Hamilton	Scotland	United Kingdom	55.7667	-4.0333
ML4	Bellshill	Scotland	United Kingdom	55.8167	-4.0167
ML5	Coatbridge	Scotland	United Kingdom	55.8622	-4.0247
ML6	Airdrie	Scotland	United Kingdom	55.866	-3.9803
ML7	Shotts	Scotland	United Kingdom	55.8195	-3.7975
ML8	Dalserf	Scotland	United Kingdom	55.7315	-3.8434
ML9	Larkhall	Scotland	United Kingdom	55.7333	-3.9667
N1	Islington	England	United Kingdom	51.5362	-0.103
N10	Muswell Hill	England	United Kingdom	51.5905	-0.1421
N11	Friern Barnet	England	United Kingdom	51.6133	-0.1585
N12	Woodside Park	England	United Kingdom	51.6077	-0.166
N13	Palmers Green	England	United Kingdom	51.6179	-0.1101
N14	East Barnet	England	United Kingdom	51.6357	-0.156
N15	Stamford Hill	England	United Kingdom	51.5843	-0.073
N16	Stamford Hill	England	United Kingdom	51.5625	-0.074
N17	Tottenham	England	United Kingdom	51.6037	-0.0679
N18	Edmonton	England	United Kingdom	51.6256	-0.058
N19	Archway	England	United Kingdom	51.5649	-0.1351
N1C	Islington	England	United Kingdom	51.5362	-0.103
N1P	Islington	England	United Kingdom	51.5362	-0.103
N2	Muswell Hill	England	United Kingdom	51.5905	-0.1421
N20	Totteridge	England	United Kingdom	51.6333	-0.2
N21	Southgate	England	United Kingdom	51.6167	-0.1
N22	Wood Green	England	United Kingdom	51.6	-0.1167
N3	Finchley	England	United Kingdom	51.601	-0.1952
N4	Harringay	England	United Kingdom	51.5693	-0.1069
N5	Highbury	England	United Kingdom	51.55	-0.1
N6	Highgate	England	United Kingdom	51.5657	-0.159
N7	Islington	England	United Kingdom	51.5362	-0.103
N8	Harringay	England	United Kingdom	51.5835	-0.1097
N81	Newham	England	United Kingdom	51.5663	-0.0768
N9	Jubilee	England	United Kingdom	51.6285	-0.0581
NE1	Newcastle upon Tyne	England	United Kingdom	54.9733	-1.614
NE10	Felling	England	United Kingdom	54.953	-1.5715
NE11	Lamesley	England	United Kingdom	54.9157	-1.6095
NE12	Forest Hall	England	United Kingdom	55.022	-1.5709
NE13	Dinnington	England	United Kingdom	55.0543	-1.6754
NE15	Newburn	England	United Kingdom	54.9876	-1.7441
NE16	Whickham	England	United Kingdom	54.9456	-1.6764
NE17	Chopwell	England	United Kingdom	54.9135	-1.8176
NE18	Ouston	England	United Kingdom	55.038	-1.8652
NE19	Otterburn	England	United Kingdom	55.2167	-2.1667
NE2	Heaton	England	United Kingdom	54.9833	-1.5833
NE20	Darras Hall	England	United Kingdom	55.0356	-1.7642
NE21	Blaydon	England	United Kingdom	54.9646	-1.7139
NE22	Bedlington	England	United Kingdom	55.1306	-1.5932
NE23	Cramlington	England	United Kingdom	55.0865	-1.586
NE24	Blyth	England	United Kingdom	55.1271	-1.5086
NE25	Seaton Delaval	England	United Kingdom	55.072	-1.5261
NE26	Whitley Bay	England	United Kingdom	55.0397	-1.4471
NE27	Shiremoor	England	United Kingdom	55.0354	-1.5095
NE28	Wallsend	England	United Kingdom	54.9911	-1.534
NE29	North Shields	England	United Kingdom	55.0165	-1.4493
NE3	Gosforth	England	United Kingdom	55	-1.6167
NE30	Tynemouth	England	United Kingdom	55.0179	-1.4256
NE31	Hebburn	England	United Kingdom	54.973	-1.5155
NE32	Jarrow	England	United Kingdom	54.9804	-1.4842
NE33	South Shields	England	United Kingdom	54.9986	-1.4323
NE34	Harton	England	United Kingdom	54.9667	-1.4
NE35	Boldon Colliery	England	United Kingdom	54.9503	-1.469
NE36	East Boldon	England	United Kingdom	54.9445	-1.4281
NE37	Washington	England	United Kingdom	54.9	-1.5167
NE38	Washington	England	United Kingdom	54.9	-1.5167
NE39	Rowlands Gill	England	United Kingdom	54.9192	-1.7449
NE4	Blakelaw	England	United Kingdom	54.974	-1.6447
NE40	Ryton	England	United Kingdom	54.974	-1.7631
NE41	Wylam	England	United Kingdom	54.9765	-1.8219
NE42	Prudhoe	England	United Kingdom	54.9615	-1.8517
NE43	Stocksfield	England	United Kingdom	54.9463	-1.9172
NE44	Riding Mill	England	United Kingdom	54.9487	-1.9732
NE45	Corbridge	England	United Kingdom	54.9736	-2.018
NE46	Hexham	England	United Kingdom	54.9699	-2.104
NE47	Haydon Bridge	England	United Kingdom	54.9749	-2.2468
NE48	Bellingham	England	United Kingdom	55.1446	-2.2538
NE49	Haltwhistle	England	United Kingdom	54.971	-2.4568
NE5	Wallbottle	England	United Kingdom	54.996	-1.6889
NE6	Walker	England	United Kingdom	54.9775	-1.5656
NE61	Morpeth	England	United Kingdom	55.1677	-1.6912
NE62	Stakeford	England	United Kingdom	55.1615	-1.5933
NE63	Ashington	England	United Kingdom	55.1639	-1.5864
NE64	Newbiggin-by-the-Sea	England	United Kingdom	55.1853	-1.5147
NE65	Amble	England	United Kingdom	55.3333	-1.5833
NE66	Alnwick	England	United Kingdom	55.4132	-1.7056
NE67	Beadnell	England	United Kingdom	55.5567	-1.6325
NE68	Seahouses	England	United Kingdom	55.5806	-1.655
NE69	Bamburgh	England	United Kingdom	55.6065	-1.717
NE7	Longbenton	England	United Kingdom	55.0178	-1.5694
NE70	Belford	England	United Kingdom	55.6	-1.8333
NE71	Wooler	England	United Kingdom	55.5475	-2.0119
NE8	Gateshead	England	United Kingdom	54.9621	-1.6017
NE82	Gateshead	England	United Kingdom	54.9621	-1.6017
NE83	Gateshead	England	United Kingdom	54.9346	-1.6151
NE85	Sunderland	England	United Kingdom	54.9287	-1.5747
NE88	Gateshead	England	United Kingdom	54.9621	-1.6017
NE9	Wrekenton	England	United Kingdom	54.9313	-1.5855
NE92	Gateshead	England	United Kingdom	54.9621	-1.6017
NE98	Newcastle upon Tyne	England	United Kingdom	54.9733	-1.614
NE99	Newcastle upon Tyne (PO Boxes)	England	United Kingdom	54.9658	-1.6058
NG1	Nottingham	England	United Kingdom	52.9536	-1.1505
NG10	Long Eaton	England	United Kingdom	52.8986	-1.2714
NG11	Ruddington	England	United Kingdom	52.8925	-1.1495
NG12	Radcliffe on Trent	England	United Kingdom	52.948	-1.0386
NG13	Bingham	England	United Kingdom	52.9498	-0.9591
NG14	Calverton	England	United Kingdom	53.0373	-1.0826
NG15	Hucknall	England	United Kingdom	53.0333	-1.2
NG16	Eastwood	England	United Kingdom	53	-1.3
NG17	Sutton in Ashfield	England	United Kingdom	53.1254	-1.2613
NG18	Mansfield	England	United Kingdom	53.1333	-1.2
NG19	Mansfield Woodhouse	England	United Kingdom	53.165	-1.1938
NG2	West Bridgford	England	United Kingdom	52.9298	-1.1254
NG20	Shirebrook	England	United Kingdom	53.2033	-1.2134
NG21	Rainworth	England	United Kingdom	53.1188	-1.1185
NG22	Boughton	England	United Kingdom	53.2	-0.9833
NG23	Long Bennington	England	United Kingdom	52.9931	-0.758
NG24	Farndon	England	United Kingdom	53.05	-0.85
NG25	Southwell	England	United Kingdom	53.078	-0.9554
NG3	Nottingham	England	United Kingdom	52.9536	-1.1505
NG31	Grantham	England	United Kingdom	52.9115	-0.6418
NG32	Syston	England	United Kingdom	52.9578	-0.6188
NG33	South Witham	England	United Kingdom	52.7648	-0.6281
NG34	Sleaford	England	United Kingdom	52.9983	-0.4094
NG4	Gedling	England	United Kingdom	52.9757	-1.0787
NG5	Arnold	England	United Kingdom	53	-1.1333
NG6	Old Basford	England	United Kingdom	52.9989	-1.1971
NG7	Nottingham	England	United Kingdom	52.9536	-1.1505
NG70	Mansfield	England	United Kingdom	53.1333	-1.2
NG8	Bilborough	England	United Kingdom	52.9648	-1.2132
NG80	Ruddington	England	United Kingdom	52.8925	-1.1495
NG9	Stapleford	England	United Kingdom	52.9316	-1.2706
NG90	City of Nottingham	England	United Kingdom	52.9263	-1.1915
NN1	Northampton	England	United Kingdom	52.25	-0.8833
NN10	Rushden	England	United Kingdom	52.2893	-0.6018
NN11	Daventry	England	United Kingdom	52.2569	-1.1607
NN12	Towcester	England	United Kingdom	52.1336	-0.9906
NN13	Brackley	England	United Kingdom	52.0333	-1.15
NN14	Desborough	England	United Kingdom	52.4418	-0.8213
NN15	Burton Latimer	England	United Kingdom	52.3637	-0.6785
NN16	Kettering	England	United Kingdom	52.3984	-0.7257
NN17	Corby	England	United Kingdom	52.4964	-0.6894
NN18	Little Oakley	England	United Kingdom	52.4783	-0.7137
NN2	Boughton	England	United Kingdom	52.2833	-0.9
NN29	Irchester	England	United Kingdom	52.2811	-0.6451
NN3	Moulton	England	United Kingdom	52.2898	-0.8523
NN4	Hardingstone	England	United Kingdom	52.2136	-0.8858
NN5	Dallington	England	United Kingdom	52.2333	-0.9167
NN6	Earls Barton	England	United Kingdom	52.2663	-0.7525
NN7	Weedon Bec	England	United Kingdom	52.2291	-1.0827
NN8	Wellingborough	England	United Kingdom	52.3027	-0.6945
NN9	Raunds	England	United Kingdom	52.3443	-0.5366
NP10	Newport	Wales	United Kingdom	51.5877	-2.9984
NP11	Newport	Wales	United Kingdom	51.6439	-3.1317
NP12	Blackwood	Wales	United Kingdom	51.6678	-3.2075
NP13	Abertillery	Wales	United Kingdom	51.7298	-3.1343
NP15	Usk	Wales	United Kingdom	51.7035	-2.9033
NP16	Chepstow	Wales	United Kingdom	51.6409	-2.6768
NP18	Newport	Wales	United Kingdom	51.6084	-2.9435
NP19	Newport	Wales	United Kingdom	51.5888	-2.9638
NP20	Newport	Wales	United Kingdom	51.5877	-2.9984
NP22	Tredegar	Wales	United Kingdom	51.7725	-3.2468
NP23	Ebbw Vale	Wales	United Kingdom	51.7771	-3.2079
NP24	New Tredegar	Wales	United Kingdom	51.7205	-3.2413
NP25	Monmouth	Wales	United Kingdom	51.8127	-2.7136
NP26	Caldicot	Wales	United Kingdom	51.5866	-2.7574
NP4	Pontypool	Wales	United Kingdom	51.7011	-3.0444
NP44	Cwmbran	Wales	United Kingdom	51.6545	-3.0228
NP7	Abergavenny	Wales	United Kingdom	51.821	-3.0174
NP8	Crickhowell	Wales	United Kingdom	51.8599	-3.1377
NR1	Lakenham	England	United Kingdom	52.6271	1.3072
NR10	Horsford	England	United Kingdom	52.7015	1.2402
NR11	Aylsham	England	United Kingdom	52.7967	1.2511
NR12	Stalham	England	United Kingdom	52.7708	1.5178
NR13	Brundall	England	United Kingdom	52.6243	1.4351
NR14	Loddon	England	United Kingdom	52.5327	1.4818
NR15	Long Stratton	England	United Kingdom	52.488	1.2348
NR16	East Harling	England	United Kingdom	52.4384	0.9335
NR17	Attleborough	England	United Kingdom	52.5178	1.0157
NR18	Kimberley	England	United Kingdom	52.5833	1.05
NR19	East Dereham	England	United Kingdom	52.6833	0.9333
NR2	Norwich	England	United Kingdom	52.6278	1.2983
NR20	Mattishall	England	United Kingdom	52.659	1.0325
NR21	Fakenham	England	United Kingdom	52.83	0.8477
NR22	Little Walsingham	England	United Kingdom	52.895	0.8738
NR23	Wells-next-the-Sea	England	United Kingdom	52.9516	0.8511
NR24	Briston	England	United Kingdom	52.8537	1.059
NR25	Holt	England	United Kingdom	52.9059	1.0886
NR26	Sheringham	England	United Kingdom	52.9408	1.2093
NR27	Cromer	England	United Kingdom	52.9312	1.2989
NR28	North Walsham	England	United Kingdom	52.8212	1.3875
NR29	Hemsby	England	United Kingdom	52.6971	1.6918
NR3	Norwich	England	United Kingdom	52.6278	1.2983
NR30	Great Yarmouth	England	United Kingdom	52.6083	1.7305
NR31	Bradwell	England	United Kingdom	52.58	1.7004
NR32	Lowestoft	England	United Kingdom	52.4752	1.7516
NR33	Kessingland	England	United Kingdom	52.4199	1.7088
NR34	Beccles	England	United Kingdom	52.4594	1.5647
NR35	Bungay	England	United Kingdom	52.4543	1.4382
NR4	Cringleford	England	United Kingdom	52.6048	1.2433
NR5	Bowthorpe	England	United Kingdom	52.6388	1.2189
NR6	Hellesdon	England	United Kingdom	52.6627	1.2784
NR7	Sprowston	England	United Kingdom	52.6528	1.3246
NR8	Costessey	England	United Kingdom	52.6591	1.2097
NR9	Hethersett	England	United Kingdom	52.5976	1.1736
NR99	Norwich	England	United Kingdom	52.6278	1.2983
NW1	Camden Town	England	United Kingdom	51.5406	-0.1433
NW10	Willesden	England	United Kingdom	51.5333	-0.2333
NW11	Golders Green	England	United Kingdom	51.5763	-0.2003
NW1W	Camden	England	United Kingdom	51.5308	-0.1354
NW2	Cricklewood	England	United Kingdom	51.5567	-0.2155
NW26	Camden	England	United Kingdom	51.5308	-0.1354
NW3	Chalk Farm	England	United Kingdom	51.5431	-0.1499
NW4	Hendon	England	United Kingdom	51.6	-0.2167
NW5	Gospel Oak	England	United Kingdom	51.5517	-0.1413
NW6	Kilburn	England	United Kingdom	51.553	-0.1916
NW7	Mill Hill	England	United Kingdom	51.6143	-0.2482
NW8	Abbey Road	England	United Kingdom	51.5299	-0.1747
NW9	West Hendon	England	United Kingdom	51.5894	-0.2569
OL1	Oldham	England	United Kingdom	53.5405	-2.1183
OL10	Heywood	England	United Kingdom	53.5925	-2.2194
OL11	Slattocks	England	United Kingdom	53.5833	-2.1833
OL12	Wardle	England	United Kingdom	53.65	-2.1333
OL13	Bacup	England	United Kingdom	53.7034	-2.2007
OL14	Todmorden	England	United Kingdom	53.7143	-2.097
OL15	Littleborough	England	United Kingdom	53.6458	-2.0968
OL16	Rochdale	England	United Kingdom	53.6177	-2.1552
OL2	Royton	England	United Kingdom	53.5651	-2.1227
OL3	Uppermill	England	United Kingdom	53.5558	-2.0102
OL4	Lees	England	United Kingdom	53.5333	-2.0667
OL5	Mossley	England	United Kingdom	53.5145	-2.0346
OL6	Hurst	England	United Kingdom	53.4941	-2.0866
OL7	Ashton-under-Lyne	England	United Kingdom	53.4888	-2.0989
OL8	Bardsley	England	United Kingdom	53.526	-2.1173
OL9	Chadderton	England	United Kingdom	53.5405	-2.1183
OL95	Oldham	England	United Kingdom	53.5405	-2.1183
OX1	Oxford	England	United Kingdom	51.7522	-1.256
OX10	Wallingford	England	United Kingdom	51.5998	-1.1248
OX11	Didcot	England	United Kingdom	51.6093	-1.2421
OX12	Wantage	England	United Kingdom	51.5885	-1.4256
OX13	Kingston Bagpuize	England	United Kingdom	51.6815	-1.4204
OX14	Abingdon	England	United Kingdom	51.6711	-1.2828
OX15	Bloxham	England	United Kingdom	52.0204	-1.3732
OX16	Banbury	England	United Kingdom	52.0632	-1.3422
OX17	Claydon	England	United Kingdom	52.0741	-1.2896
OX18	Carterton	England	United Kingdom	51.7591	-1.5943
OX2	Wolvercote	England	United Kingdom	51.7657	-1.2797
OX20	Woodstock	England	United Kingdom	51.8485	-1.3513
OX25	Bicester	England	United Kingdom	51.9	-1.1536
OX26	Bicester	England	United Kingdom	51.9	-1.1536
OX27	Bicester	England	United Kingdom	51.9	-1.1536
OX28	Witney	England	United Kingdom	51.7836	-1.4854
OX29	Witney	England	United Kingdom	51.7836	-1.4854
OX3	Marston	England	United Kingdom	51.7805	-1.2448
OX33	Wheatley	England	United Kingdom	51.7473	-1.1394
OX39	Chinnor	England	United Kingdom	51.7018	-0.9116
OX4	Cowley	England	United Kingdom	51.7321	-1.2063
OX44	Chalgrove	England	United Kingdom	51.6648	-1.0764
OX49	Watlington	England	United Kingdom	51.6433	-1.0045
OX5	Kidlington	England	United Kingdom	51.8217	-1.2886
OX6	Bicester	England	United Kingdom	51.9	-1.1536
OX7	Chipping Norton	England	United Kingdom	51.9411	-1.5453
OX8	Witney	England	United Kingdom	51.7836	-1.4854
OX9	Thame	England	United Kingdom	51.7484	-0.9762
PA1	Paisley	Scotland	United Kingdom	55.8317	-4.4325
PA10	Kilbarchan	Scotland	United Kingdom	55.8362	-4.5536
PA11	Bridge of Weir	Scotland	United Kingdom	55.85	-4.5833
PA12	Lochwinnoch	Scotland	United Kingdom	55.7952	-4.6303
PA13	Kilmacolm	Scotland	United Kingdom	55.8947	-4.6264
PA14	Port Glasgow	Scotland	United Kingdom	55.9346	-4.6895
PA15	Greenock	Scotland	United Kingdom	55.9484	-4.7612
PA16	Greenock	Scotland	United Kingdom	55.9484	-4.7612
PA17	Skelmorlie	Scotland	United Kingdom	55.8695	-4.8847
PA18	Wemyss Bay	Scotland	United Kingdom	55.8761	-4.8895
PA19	Gourock	Scotland	United Kingdom	55.9616	-4.8179
PA2	Paisley	Scotland	United Kingdom	55.8317	-4.4325
PA20	Rothesay	Scotland	United Kingdom	55.8365	-5.0551
PA21	Tighnabruaich	Scotland	United Kingdom	55.9061	-5.2336
PA22	Ballochandrain	Scotland	United Kingdom	55.9979	-5.174
PA23	Dunoon	Scotland	United Kingdom	55.947	-4.923
PA24	Ardnahein	Scotland	United Kingdom	56.1584	-4.9045
PA25	Hazelbank	Scotland	United Kingdom	56.2145	-5.0422
PA26	Clachan	Scotland	United Kingdom	56.2588	-4.9369
PA27	Glenbranter	Scotland	United Kingdom	56.1365	-5.1062
PA28	Campbeltown	Scotland	United Kingdom	55.4258	-5.6076
PA29	Tarbert	Scotland	United Kingdom	55.8628	-5.4162
PA3	Linwood	Scotland	United Kingdom	55.8516	-4.446
PA30	Ardrishaig	Scotland	United Kingdom	56.0157	-5.4481
PA31	Lochgilphead	Scotland	United Kingdom	56.038	-5.4321
PA32	Inveraray	Scotland	United Kingdom	56.2305	-5.0747
PA33	Lochawe	Scotland	United Kingdom	56.4113	-5.1131
PA34	Oban	Scotland	United Kingdom	56.4153	-5.4718
PA35	Cadderlie	Scotland	United Kingdom	56.4043	-5.2267
PA36	Auch	Scotland	United Kingdom	56.5368	-4.7541
PA37	Dunbeg	Scotland	United Kingdom	56.4665	-5.3705
PA38	Kinlochlaich	Scotland	United Kingdom	56.5932	-5.3326
PA4	Renfrew	Scotland	United Kingdom	55.872	-4.3925
PA41	Tarbert	Scotland	United Kingdom	55.6745	-5.7426
PA42	Port Ellen	Scotland	United Kingdom	55.6333	-6.1833
PA43	Bowmore	Scotland	United Kingdom	55.7558	-6.2843
PA44	Cattadale	Scotland	United Kingdom	55.8388	-6.3014
PA45	Ballygrant	Scotland	United Kingdom	55.819	-6.1593
PA46	Port Askaig	Scotland	United Kingdom	55.8484	-6.1052
PA47	Portnahaven	Scotland	United Kingdom	55.6808	-6.508
PA48	Kilchiaran	Scotland	United Kingdom	55.7382	-6.3847
PA49	Aruadh	Scotland	United Kingdom	55.7747	-6.3973
PA5	Johnstone	Scotland	United Kingdom	55.8291	-4.516
PA6	Houston	Scotland	United Kingdom	55.8686	-4.552
PA60	Tarbert	Scotland	United Kingdom	55.8665	-5.9289
PA61	Balnahard	Scotland	United Kingdom	56.0708	-6.2084
PA62	Lochbuie	Scotland	United Kingdom	56.356	-5.8731
PA63	Croggan	Scotland	United Kingdom	56.3822	-5.7163
PA64	Lochdon	Scotland	United Kingdom	56.4333	-5.6833
PA65	Garmony	Scotland	United Kingdom	56.4678	-5.6992
PA66	Aridhglas	Scotland	United Kingdom	56.3281	-6.3545
PA67	Scoor	Scotland	United Kingdom	56.3139	-6.2327
PA68	Balnahard	Scotland	United Kingdom	56.4343	-6.143
PA69	Argyll and Bute	Scotland	United Kingdom	56.3795	-6.0777
PA7	Bishopton	Scotland	United Kingdom	55.9097	-4.5056
PA70	Pennyghael	Scotland	United Kingdom	56.3642	-6.0345
PA71	Knock	Scotland	United Kingdom	56.4667	-5.9833
PA72	Ardnacross	Scotland	United Kingdom	56.5056	-5.9556
PA73	Kilbrenan	Scotland	United Kingdom	56.4981	-6.1548
PA74	Tostarie	Scotland	United Kingdom	56.5167	-6.2333
PA75	Tobermory	Scotland	United Kingdom	56.622	-6.0723
PA76	Ruanaich	Scotland	United Kingdom	56.3339	-6.3949
PA77	Caolas	Scotland	United Kingdom	56.5406	-6.7428
PA78	Arnabost	Scotland	United Kingdom	56.65	-6.55
PA8	Erskine	Scotland	United Kingdom	55.9005	-4.4503
PA80	Castlebay	Scotland	United Kingdom	56.5662	-5.7843
PA9	Howwood	Scotland	United Kingdom	55.8	-4.55
PE1	Peterborough	England	United Kingdom	52.5736	-0.2478
PE10	Bourne	England	United Kingdom	52.7667	-0.3833
PE11	Spalding	England	United Kingdom	52.7871	-0.1514
PE12	Holbeach	England	United Kingdom	52.804	0.0144
PE13	Wisbech	England	United Kingdom	52.6662	0.1594
PE14	Upwell	England	United Kingdom	52.6025	0.2219
PE15	March	England	United Kingdom	52.5513	0.0883
PE16	Chatteris	England	United Kingdom	52.454	0.0501
PE19	Eaton Socon	England	United Kingdom	52.2175	-0.2892
PE2	Alwalton	England	United Kingdom	52.5584	-0.2625
PE20	Kirton	England	United Kingdom	52.9277	-0.0601
PE21	Boston	England	United Kingdom	52.9763	-0.0266
PE22	Sibsey	England	United Kingdom	53.0386	0.0158
PE23	Spilsby	England	United Kingdom	53.1736	0.0937
PE24	Burgh le Marsh	England	United Kingdom	53.1616	0.2448
PE25	Skegness	England	United Kingdom	53.1436	0.3363
PE26	Huntingdon	England	United Kingdom	52.4536	-0.1162
PE27	St. Ives	England	United Kingdom	52.3325	-0.075
PE28	Huntingdon	England	United Kingdom	52.3305	-0.1865
PE29	Huntingdon	England	United Kingdom	52.3305	-0.1865
PE3	Longthorpe	England	United Kingdom	52.567	-0.283
PE30	King's Lynn	England	United Kingdom	52.7517	0.3952
PE31	Heacham	England	United Kingdom	52.9078	0.4939
PE32	Grimston	England	United Kingdom	52.7731	0.5485
PE33	Stoke Ferry	England	United Kingdom	52.5705	0.5132
PE34	Terrington St Clement	England	United Kingdom	52.75	0.3
PE35	Sandringham	England	United Kingdom	52.8309	0.507
PE36	Hunstanton	England	United Kingdom	52.95	0.5
PE37	Swaffham	England	United Kingdom	52.6469	0.6887
PE38	Downham Market	England	United Kingdom	52.6029	0.379
PE4	Walton	England	United Kingdom	52.6	-0.2667
PE5	Castor	England	United Kingdom	52.5732	-0.346
PE6	Market Deeping	England	United Kingdom	52.6765	-0.3163
PE7	Whittlesey	England	United Kingdom	52.558	-0.1302
PE8	Oundle	England	United Kingdom	52.4809	-0.4673
PE9	Stamford	England	United Kingdom	52.65	-0.4833
PE99	City of Peterborough	England	United Kingdom	52.614	-0.2872
PH1	Perth	Scotland	United Kingdom	56.3952	-3.4314
PH10	Craigie	Scotland	United Kingdom	56.6081	-3.3607
PH11	Alyth	Scotland	United Kingdom	56.6221	-3.2301
PH12	Newtyle	Scotland	United Kingdom	56.5587	-3.1458
PH13	Coupar Angus	Scotland	United Kingdom	56.5455	-3.2677
PH14	Inchture	Scotland	United Kingdom	56.4455	-3.1696
PH15	Aberfeldy	Scotland	United Kingdom	56.62	-3.8645
PH16	Pitlochry	Scotland	United Kingdom	56.7051	-3.7343
PH17	Rannoch School	Scotland	United Kingdom	56.6759	-4.4025
PH18	Pitagowan	Scotland	United Kingdom	56.758	-3.9288
PH19	Dalwhinnie	Scotland	United Kingdom	56.9347	-4.2417
PH2	Bridge of Earn	Scotland	United Kingdom	56.3484	-3.4065
PH20	Newtonmore	Scotland	United Kingdom	57.0657	-4.121
PH21	Kingussie	Scotland	United Kingdom	57.08	-4.0523
PH22	Aviemore	Scotland	United Kingdom	57.1955	-3.8259
PH23	Bogroy	Scotland	United Kingdom	57.2763	-3.8279
PH24	Boat of Garten	Scotland	United Kingdom	57.2503	-3.7556
PH25	Nethy Bridge	Scotland	United Kingdom	57.2649	-3.6561
PH26	Lettoch	Scotland	United Kingdom	57.3297	-3.6068
PH3	Auchterarder	Scotland	United Kingdom	56.2961	-3.7069
PH30	Luibeilt	Scotland	United Kingdom	56.7922	-4.6016
PH31	Roughburn	Scotland	United Kingdom	56.896	-4.7679
PH32	Fort Augustus	Scotland	United Kingdom	57.1431	-4.6822
PH33	Fort William	Scotland	United Kingdom	56.8165	-5.1121
PH34	Spean Bridge	Scotland	United Kingdom	56.8916	-4.9198
PH35	Tomdoun	Scotland	United Kingdom	57.0741	-4.9141
PH36	Acharacle	Scotland	United Kingdom	56.7495	-5.8038
PH37	Glenaladale	Scotland	United Kingdom	56.8218	-5.5266
PH38	Inverailort	Scotland	United Kingdom	56.8706	-5.6722
PH39	Portnaluchaig	Scotland	United Kingdom	56.9098	-5.8459
PH4	Blackford	Scotland	United Kingdom	56.25	-3.7667
PH40	Lettermorar	Scotland	United Kingdom	56.9704	-5.776
PH41	Mallaig	Scotland	United Kingdom	57.0029	-5.8308
PH42	Galmisdale	Scotland	United Kingdom	56.9019	-6.1427
PH43	Kilmory	Scotland	United Kingdom	57.0154	-6.2815
PH44	A'Chill	Scotland	United Kingdom	57.0568	-6.5037
PH49	Highland	Scotland	United Kingdom	56.6745	-5.1134
PH5	Muthill	Scotland	United Kingdom	56.3321	-3.8329
PH50	Highland	Scotland	United Kingdom	56.7145	-4.965
PH6	Comrie	Scotland	United Kingdom	56.3791	-3.9949
PH7	Crieff	Scotland	United Kingdom	56.3727	-3.8389
PH8	Dunkeld	Scotland	United Kingdom	56.5655	-3.5856
PH9	Edradynate	Scotland	United Kingdom	56.6413	-3.6716
PL1	Devonport	England	United Kingdom	50.3781	-4.1753
PL10	Millbrook	England	United Kingdom	50.3498	-4.2134
PL11	Torpoint	England	United Kingdom	50.3751	-4.1957
PL12	Saltash	England	United Kingdom	50.4096	-4.2251
PL13	Polperro	England	United Kingdom	50.3317	-4.5206
PL14	Liskeard	England	United Kingdom	50.4545	-4.4652
PL15	Launceston	England	United Kingdom	50.637	-4.3601
PL16	Lifton	England	United Kingdom	50.6436	-4.2822
PL17	Callington	England	United Kingdom	50.5015	-4.3131
PL18	Gunnislake	England	United Kingdom	50.5244	-4.2133
PL19	Tavistock	England	United Kingdom	50.5494	-4.1442
PL2	Plymouth	England	United Kingdom	50.3715	-4.143
PL20	Horrabridge	England	United Kingdom	50.5084	-4.1004
PL21	Ivybridge	England	United Kingdom	50.3904	-3.9191
PL22	Lostwithiel	England	United Kingdom	50.4078	-4.6702
PL23	Fowey	England	United Kingdom	50.3363	-4.6386
PL24	Par	England	United Kingdom	50.3539	-4.7109
PL25	St Austell	England	United Kingdom	50.3425	-4.7744
PL26	Bugle	England	United Kingdom	50.3474	-4.8271
PL27	Wadebridge	England	United Kingdom	50.5173	-4.8363
PL28	Padstow	England	United Kingdom	50.5389	-4.9366
PL29	Port Isaac	England	United Kingdom	50.5931	-4.8288
PL3	Crabtree	England	United Kingdom	50.3879	-4.1271
PL30	Lanivet	England	United Kingdom	50.4435	-4.7644
PL31	Bodmin	England	United Kingdom	50.4715	-4.7243
PL32	Camelford	England	United Kingdom	50.6218	-4.6796
PL33	Trebarwith	England	United Kingdom	50.6235	-4.7319
PL34	Tintagel	England	United Kingdom	50.6632	-4.7505
PL35	Boscastle	England	United Kingdom	50.6841	-4.693
PL4	Plymouth	England	United Kingdom	50.3715	-4.143
PL5	St Budeaux	England	United Kingdom	50.4	-4.1667
PL6	Maristow	England	United Kingdom	50.4184	-4.116
PL7	Plympton	England	United Kingdom	50.3907	-4.0602
PL8	Yealmpton	England	United Kingdom	50.3486	-3.9988
PL9	Plymstock	England	United Kingdom	50.36	-4.0905
PL95	City of Plymouth	England	United Kingdom	50.3471	-4.0945
PO1	Portsea	England	United Kingdom	50.7997	-1.1026
PO10	Emsworth	England	United Kingdom	50.8478	-0.937
PO11	Hayling Island	England	United Kingdom	50.7838	-0.9687
PO12	Gosport	England	United Kingdom	50.7951	-1.129
PO13	Lee-on-the-Solent	England	United Kingdom	50.8017	-1.2017
PO14	Titchfield	England	United Kingdom	50.8511	-1.2372
PO15	Whiteley	England	United Kingdom	50.8831	-1.2437
PO16	Fareham	England	United Kingdom	50.8516	-1.1793
PO17	Wickham	England	United Kingdom	50.8992	-1.1882
PO18	Boxgrove	England	United Kingdom	50.8588	-0.7136
PO19	Chichester	England	United Kingdom	50.8367	-0.78
PO2	North End	England	United Kingdom	50.8183	-1.0719
PO20	Selsey	England	United Kingdom	50.735	-0.7898
PO21	Bognor Regis	England	United Kingdom	50.7821	-0.6798
PO22	Barnham	England	United Kingdom	50.8312	-0.6379
PO3	Hilsea	England	United Kingdom	50.831	-1.0653
PO30	Newport	England	United Kingdom	50.7015	-1.2912
PO31	Cowes	England	United Kingdom	50.7631	-1.2977
PO32	East Cowes	England	United Kingdom	50.7577	-1.2881
PO33	Ryde	England	United Kingdom	50.73	-1.1621
PO34	Seaview	England	United Kingdom	50.7196	-1.1116
PO35	Bembridge	England	United Kingdom	50.6863	-1.0828
PO36	Sandown	England	United Kingdom	50.6516	-1.161
PO37	Shanklin	England	United Kingdom	50.6261	-1.1785
PO38	Ventnor	England	United Kingdom	50.5948	-1.2037
PO39	Totland	England	United Kingdom	50.6847	-1.5369
PO4	Southsea	England	United Kingdom	50.792	-1.0859
PO40	Freshwater	England	United Kingdom	50.692	-1.5079
PO41	Yarmouth	England	United Kingdom	50.7053	-1.4993
PO5	Portsmouth	England	United Kingdom	50.799	-1.0913
PO6	Cosham	England	United Kingdom	50.8465	-1.0634
PO7	Waterlooville	England	United Kingdom	50.8807	-1.0304
PO8	Cowplain	England	United Kingdom	50.8941	-1.0182
PO9	Havant	England	United Kingdom	50.8567	-0.9856
PR0	Preston	England	United Kingdom	53.7588	-2.6839
PR1	Preston	England	United Kingdom	53.7667	-2.7167
PR11	Preston	England	United Kingdom	53.7904	-2.685
PR2	Elston	England	United Kingdom	53.7776	-2.7075
PR25	Leyland	England	United Kingdom	53.6979	-2.6876
PR26	Leyland	England	United Kingdom	53.6877	-2.7409
PR3	Garstang	England	United Kingdom	53.9008	-2.7742
PR4	Tarleton	England	United Kingdom	53.68	-2.8297
PR5	Leyland	England	United Kingdom	53.7316	-2.6578
PR6	Brinscall	England	United Kingdom	53.689	-2.5721
PR7	Chorley	England	United Kingdom	53.65	-2.6167
PR8	Southport	England	United Kingdom	53.6478	-3.0065
PR9	Banks	England	United Kingdom	53.6833	-2.9167
RG1	Reading	England	United Kingdom	51.4563	-0.9711
RG10	Twyford	England	United Kingdom	51.4752	-0.8604
RG12	Bracknell South	England	United Kingdom	51.4007	-0.7635
RG14	Newbury	England	United Kingdom	51.4015	-1.3247
RG17	Hungerford	England	United Kingdom	51.4151	-1.5156
RG18	Thatcham	England	United Kingdom	51.4037	-1.2605
RG19	Ashford Hill	England	United Kingdom	51.3902	-1.2557
RG2	Shinfield	England	United Kingdom	51.4054	-0.9453
RG20	Kingsclere	England	United Kingdom	51.3249	-1.2434
RG21	Basingstoke	England	United Kingdom	51.2625	-1.0871
RG22	Kempshott	England	United Kingdom	51.2487	-1.1244
RG23	East Oakley	England	United Kingdom	51.25	-1.1884
RG24	Old Basing	England	United Kingdom	51.2806	-1.0778
RG25	Overton	England	United Kingdom	51.2439	-1.2615
RG26	Tadley	England	United Kingdom	51.3505	-1.1285
RG27	Hook	England	United Kingdom	51.2843	-0.9597
RG28	Whitchurch	England	United Kingdom	51.2323	-1.336
RG29	Long Sutton	England	United Kingdom	51.2167	-0.9333
RG30	Reading	England	United Kingdom	51.4515	-1.0141
RG31	Calcot	England	United Kingdom	51.4406	-1.0509
RG4	Sonning Common	England	United Kingdom	51.5162	-0.9808
RG40	Wokingham	England	United Kingdom	51.4112	-0.8356
RG41	Barkham	England	United Kingdom	51.3981	-0.8759
RG42	Warfield	England	United Kingdom	51.4421	-0.728
RG45	Crowthorne	England	United Kingdom	51.3703	-0.7922
RG5	Woodley	England	United Kingdom	51.45	-0.8833
RG6	Reading	England	United Kingdom	51.4396	-0.9292
RG7	Stratfield Mortimer	England	United Kingdom	51.3734	-1.0349
RG8	Goring	England	United Kingdom	51.5232	-1.1334
RG9	Henley-on-Thames	England	United Kingdom	51.5333	-0.9
RH1	Redhill	England	United Kingdom	51.2405	-0.1704
RH10	Copthorne	England	United Kingdom	51.1393	-0.1174
RH11	Crawley	England	United Kingdom	51.113	-0.1831
RH12	Horsham	England	United Kingdom	51.0639	-0.3272
RH13	Southwater	England	United Kingdom	51.0237	-0.3517
RH14	Billingshurst	England	United Kingdom	51.0231	-0.4536
RH15	Burgess Hill	England	United Kingdom	50.9584	-0.1329
RH16	Haywards Heath	England	United Kingdom	50.9977	-0.1031
RH17	Cuckfield	England	United Kingdom	51.0107	-0.1407
RH18	Forest Row	England	United Kingdom	51.0964	0.0326
RH19	East Grinstead	England	United Kingdom	51.1238	-0.0061
RH2	Reigate	England	United Kingdom	51.2376	-0.2078
RH20	Storrington	England	United Kingdom	50.9176	-0.4547
RH3	Betchworth	England	United Kingdom	51.2337	-0.2665
RH4	Dorking	England	United Kingdom	51.2323	-0.3338
RH5	Sutton	England	United Kingdom	51.1912	-0.3432
RH6	Horley	England	United Kingdom	51.1742	-0.1592
RH7	Lingfield	England	United Kingdom	51.1748	-0.0129
RH77	Crawley	England	United Kingdom	51.1388	-0.1698
RH8	Oxted	England	United Kingdom	51.2569	-0.006
RH9	Godstone	England	United Kingdom	51.2484	-0.0678
RM1	Romford	England	United Kingdom	51.5751	0.1858
RM10	Dagenham	England	United Kingdom	51.55	0.1667
RM11	Hornchurch	England	United Kingdom	51.5568	0.2166
RM12	Hornchurch	England	United Kingdom	51.5568	0.2166
RM13	Rainham	England	United Kingdom	51.5169	0.1943
RM14	Upminster	England	United Kingdom	51.5559	0.2556
RM15	South Ockendon	England	United Kingdom	51.508	0.2833
RM16	Chadwell St Mary	England	United Kingdom	51.4814	0.3634
RM17	Grays	England	United Kingdom	51.4757	0.3252
RM18	Tilbury	England	United Kingdom	51.4625	0.3586
RM19	Purfleet	England	United Kingdom	51.4839	0.2425
RM2	Gidea Park	England	United Kingdom	51.5864	0.2027
RM20	West Thurrock	England	United Kingdom	51.4783	0.2767
RM3	Harold Wood	England	United Kingdom	51.5946	0.2329
RM4	Abridge	England	United Kingdom	51.6454	0.1912
RM5	Collier Row	England	United Kingdom	51.5989	0.166
RM6	Marks Gate	England	United Kingdom	51.5758	0.1299
RM7	Rush Green	England	United Kingdom	51.5602	0.1792
RM8	Barking & Dagenham	England	United Kingdom	51.5461	0.1389
RM9	Becontree	England	United Kingdom	51.5529	0.129
S1	Sheffield	England	United Kingdom	53.383	-1.4659
S10	Fulwood	England	United Kingdom	53.35	-1.55
S11	Sheffield	England	United Kingdom	53.3608	-1.5084
S12	Gleadless	England	United Kingdom	53.3485	-1.4068
S13	Handsworth	England	United Kingdom	53.3708	-1.3762
S14	Sheffield	England	United Kingdom	53.3462	-1.4445
S17	Totley	England	United Kingdom	53.3141	-1.5408
S18	Dronfield	England	United Kingdom	53.3022	-1.4751
S2	Sheffield	England	United Kingdom	53.383	-1.4659
S20	Sheffield	England	United Kingdom	53.3347	-1.352
S21	Sheffield	England	United Kingdom	53.3123	-1.3394
S25	Sheffield	England	United Kingdom	53.3656	-1.2177
S26	Sheffield	England	United Kingdom	53.3529	-1.2915
S3	Sheffield	England	United Kingdom	53.383	-1.4659
S32	Sheffield	England	United Kingdom	53.2952	-1.6511
S33	Sheffield	England	United Kingdom	53.3444	-1.7395
S35	Chapeltown	England	United Kingdom	53.4581	-1.4974
S36	Sheffield	England	United Kingdom	53.5052	-1.6161
S4	Sheffield	England	United Kingdom	53.383	-1.4659
S40	Chesterfield	England	United Kingdom	53.234	-1.4462
S41	Hasland	England	United Kingdom	53.2583	-1.425
S42	Wingerworth	England	United Kingdom	53.2019	-1.4397
S43	Staveley	England	United Kingdom	53.2667	-1.35
S44	Bolsover	England	United Kingdom	53.2285	-1.292
S45	Pilsley	England	United Kingdom	53.15	-1.3667
S49	Chesterfield	England	United Kingdom	53.25	-1.4167
S5	Sheffield	England	United Kingdom	53.4222	-1.4632
S6	Low Bradfield	England	United Kingdom	53.3931	-1.5452
S60	Rotherham	England	United Kingdom	53.4301	-1.3568
S61	Greasbrough	England	United Kingdom	53.4567	-1.3738
S62	Rawmarsh	England	United Kingdom	53.4606	-1.3444
S63	Wath upon Dearne	England	United Kingdom	53.5029	-1.3458
S64	Mexborough	England	United Kingdom	53.4939	-1.2924
S65	Ravenfield	England	United Kingdom	53.4413	-1.2651
S66	Maltby	England	United Kingdom	53.4167	-1.2
S7	Sheffield	England	United Kingdom	53.355	-1.4907
S70	Barnsley	England	United Kingdom	53.55	-1.4833
S71	Royston	England	United Kingdom	53.6	-1.45
S72	Cudworth	England	United Kingdom	53.5713	-1.4159
S73	Wombwell	England	United Kingdom	53.5219	-1.397
S74	Elsecar	England	United Kingdom	53.4989	-1.4259
S75	Darton	England	United Kingdom	53.5871	-1.5268
S8	Norton	England	United Kingdom	53.3405	-1.4781
S80	Worksop	England	United Kingdom	53.3018	-1.124
S81	Woodsetts	England	United Kingdom	53.348	-1.172
S9	Wincobank	England	United Kingdom	53.4206	-1.4211
S95	Rotherham	England	United Kingdom	53.4301	-1.3568
S96	Sheffield	England	United Kingdom	53.4031	-1.4273
S97	Sheffield	England	United Kingdom	53.4991	-1.3419
S98	Sheffield	England	United Kingdom	53.4041	-1.4313
S99	Sheffield	England	United Kingdom	53.4042	-1.431
SA1	Swansea	Wales	United Kingdom	51.6208	-3.9432
SA10	Seven Sisters	Wales	United Kingdom	51.7667	-3.7167
SA11	Neath	Wales	United Kingdom	51.6632	-3.8044
SA12	Cwmafan	Wales	United Kingdom	51.6	-3.75
SA13	Taibach	Wales	United Kingdom	51.5833	-3.7667
SA14	Cross Hands	Wales	United Kingdom	51.7931	-4.0875
SA15	Llanelli	Wales	United Kingdom	51.6819	-4.1619
SA16	Burry Port	Wales	United Kingdom	51.6844	-4.2469
SA17	Kidwelly	Wales	United Kingdom	51.7364	-4.3033
SA18	Ammanford	Wales	United Kingdom	51.7928	-3.9883
SA19	Llandeilo	Wales	United Kingdom	51.8846	-3.9915
SA2	Dunvant	Wales	United Kingdom	51.6253	-4.0346
SA20	Llandovery	Wales	United Kingdom	51.9942	-3.7964
SA3	Bishopston	Wales	United Kingdom	51.5775	-4.0481
SA31	Carmarthen	Wales	United Kingdom	51.8555	-4.3053
SA32	Nantgaredig	Wales	United Kingdom	51.871	-4.1894
SA33	Laugharne	Wales	United Kingdom	51.7714	-4.4625
SA34	Glandwr	Wales	United Kingdom	51.9283	-4.6333
SA35	Cwm-Morgan	Wales	United Kingdom	51.971	-4.5582
SA36	Hermon	Wales	United Kingdom	51.9578	-4.6086
SA37	Boncath	Wales	United Kingdom	52.014	-4.6175
SA38	Newcastle Emlyn	Wales	United Kingdom	52.0406	-4.4667
SA39	Pencader	Wales	United Kingdom	52.0008	-4.2657
SA4	Gorseinon	Wales	United Kingdom	51.6693	-4.0416
SA40	Aber	Wales	United Kingdom	52.0843	-4.1755
SA41	Crymych	Wales	United Kingdom	51.9736	-4.6472
SA42	Newport	Wales	United Kingdom	52.0167	-4.8333
SA43	Cardigan	Wales	United Kingdom	52.0837	-4.6623
SA44	Llangeler	Wales	United Kingdom	52.0277	-4.3716
SA45	New Quay	Wales	United Kingdom	52.2152	-4.3589
SA46	Aberaeron	Wales	United Kingdom	52.2425	-4.2587
SA47	Llanarth	Wales	United Kingdom	52.1833	-4.3
SA48	Lampeter	Wales	United Kingdom	52.1128	-4.0804
SA5	Cadle	Wales	United Kingdom	51.6489	-3.9709
SA6	Clydach	Wales	United Kingdom	51.6833	-3.9
SA61	Haverfordwest	Wales	United Kingdom	51.8017	-4.9691
SA62	Johnston	Wales	United Kingdom	51.7556	-4.9967
SA63	Clarbeston	Wales	United Kingdom	51.8545	-4.8359
SA64	Goodwick	Wales	United Kingdom	52.0049	-4.9951
SA65	Fishguard	Wales	United Kingdom	51.9938	-4.9763
SA66	Maenclochog	Wales	United Kingdom	51.9118	-4.7875
SA67	Narberth	Wales	United Kingdom	51.7978	-4.7427
SA68	Kilgetty	Wales	United Kingdom	51.732	-4.7198
SA69	Saundersfoot	Wales	United Kingdom	51.7094	-4.7021
SA7	Pentre-Dwr	Wales	United Kingdom	51.6642	-3.8892
SA70	Tenby	Wales	United Kingdom	51.6728	-4.7045
SA71	Pembroke	Wales	United Kingdom	51.6746	-4.9129
SA72	Pembroke Dock	Wales	United Kingdom	51.6916	-4.9404
SA73	Milford Haven	Wales	United Kingdom	51.7128	-5.0341
SA8	Cilybebyll	Wales	United Kingdom	51.723	-3.829
SA80	Llansamlet Community	Wales	United Kingdom	51.6479	-3.9243
SA9	Ystalyfera	Wales	United Kingdom	51.7672	-3.7808
SA99	Mynyddbach Community	Wales	United Kingdom	51.67	-3.9454
SE1	Lambeth	England	United Kingdom	51.4963	-0.1115
SE10	Greenwich	England	United Kingdom	51.4779	-0.0118
SE11	Lambeth	England	United Kingdom	51.4963	-0.1115
SE12	Lee	England	United Kingdom	51.4448	0.0209
SE13	Ladywell	England	United Kingdom	51.4643	-0.0119
SE14	New Cross	England	United Kingdom	51.4753	-0.0384
SE15	Peckham	England	United Kingdom	51.474	-0.0697
SE16	Canary Wharf	England	United Kingdom	51.4965	-0.0537
SE17	Kennington	England	United Kingdom	51.488	-0.1057
SE18	Plumstead	England	United Kingdom	51.4833	0.0833
SE19	Upper Norwood	England	United Kingdom	51.4151	-0.0927
SE1P	Southwark	England	United Kingdom	51.5	-0.0833
SE2	Thamesmead	England	United Kingdom	51.4869	0.1075
SE20	Penge	England	United Kingdom	51.4154	-0.05
SE21	Dulwich	England	United Kingdom	51.45	-0.0833
SE22	East Dulwich	England	United Kingdom	51.4521	-0.0615
SE23	Forest Hill	England	United Kingdom	51.4462	-0.0419
SE24	Herne Hill	England	United Kingdom	51.4542	-0.0983
SE25	South Norwood	England	United Kingdom	51.3994	-0.0747
SE26	Crystal Palace	England	United Kingdom	51.4193	-0.0785
SE27	Tulse Hill	England	United Kingdom	51.4316	-0.1027
SE28	Thamesmead	England	United Kingdom	51.5023	0.1045
SE3	Blackheath	England	United Kingdom	51.4647	0.0079
SE4	Brockley	England	United Kingdom	51.461	-0.0352
SE5	East Dulwich	England	United Kingdom	51.4738	-0.0916
SE6	Catford	England	United Kingdom	51.4449	-0.0204
SE7	Charlton	England	United Kingdom	51.4842	0.0339
SE8	St John's	England	United Kingdom	51.4776	-0.0261
SE9	Eltham	England	United Kingdom	51.4506	0.0522
SG1	Stevenage	England	United Kingdom	51.9022	-0.2026
SG10	Much Hadham	England	United Kingdom	51.8541	0.0719
SG11	Puckeridge	England	United Kingdom	51.8912	0.013
SG12	Ware	England	United Kingdom	51.8106	-0.0288
SG13	Hertford	England	United Kingdom	51.7959	-0.0785
SG14	Stapleford	England	United Kingdom	51.8364	-0.1033
SG15	Arlesey	England	United Kingdom	52.0071	-0.2656
SG16	Henlow	England	United Kingdom	52.0302	-0.286
SG17	Shefford	England	United Kingdom	52.0387	-0.334
SG18	Biggleswade	England	United Kingdom	52.0865	-0.2649
SG19	Sandy	England	United Kingdom	52.1293	-0.2892
SG2	Walkern	England	United Kingdom	51.9189	-0.1276
SG3	Knebworth	England	United Kingdom	51.8667	-0.1839
SG4	Hitchin	England	United Kingdom	51.9492	-0.285
SG5	Hitchin	England	United Kingdom	51.9492	-0.285
SG6	Letchworth	England	United Kingdom	51.9794	-0.2266
SG7	Baldock	England	United Kingdom	51.9878	-0.1884
SG8	Royston	England	United Kingdom	52.0483	-0.0244
SG9	Buntingford	England	United Kingdom	51.9461	-0.0184
SK1	Stockport	England	United Kingdom	53.4098	-2.1576
SK10	Adlington	England	United Kingdom	53.3204	-2.1366
SK11	Macclesfield	England	United Kingdom	53.2602	-2.1256
SK12	New Mills	England	United Kingdom	53.3516	-2.0938
SK13	Glossop	England	United Kingdom	53.4433	-1.949
SK14	Hyde	England	United Kingdom	53.4513	-2.0794
SK15	Stalybridge	England	United Kingdom	53.4841	-2.0591
SK16	Dukinfield	England	United Kingdom	53.475	-2.0881
SK17	Buxton	England	United Kingdom	53.2574	-1.9098
SK2	Offerton	England	United Kingdom	53.3946	-2.1329
SK22	High Peak	England	United Kingdom	53.3733	-1.9875
SK23	Whaley Bridge	England	United Kingdom	53.3303	-1.9826
SK3	Stockport	England	United Kingdom	53.4098	-2.1576
SK4	Heaton Moor	England	United Kingdom	53.4191	-2.1812
SK5	Reddish	England	United Kingdom	53.4418	-2.161
SK6	Bredbury	England	United Kingdom	53.4167	-2.1167
SK7	Hazel Grove	England	United Kingdom	53.3833	-2.1167
SK8	Cheadle Hulme	England	United Kingdom	53.3761	-2.1897
SK9	Wilmslow	England	United Kingdom	53.328	-2.2315
SL0	Iver Heath	England	United Kingdom	51.5364	-0.5179
SL1	Slough	England	United Kingdom	51.5177	-0.6215
SL2	Farnham Royal	England	United Kingdom	51.5421	-0.6158
SL3	Datchet	England	United Kingdom	51.4839	-0.5789
SL4	Windsor	England	United Kingdom	51.4833	-0.6
SL5	Ascot	England	United Kingdom	51.4108	-0.6748
SL6	Maidenhead	England	United Kingdom	51.5228	-0.7199
SL60	Windsor and Maidenhead	England	United Kingdom	51.5186	-0.7148
SL7	Marlow	England	United Kingdom	51.5693	-0.7741
SL8	Bourne End	England	United Kingdom	51.5786	-0.7089
SL9	Gerrards Cross	England	United Kingdom	51.5861	-0.5554
SL95	Slough	England	United Kingdom	51.4992	-0.5391
SM1	Sutton	England	United Kingdom	51.35	-0.2
SM2	Sutton	England	United Kingdom	51.35	-0.2
SM3	Cheam	England	United Kingdom	51.3579	-0.2162
SM4	Morden	England	United Kingdom	51.3982	-0.1984
SM5	Carshalton	England	United Kingdom	51.3683	-0.1676
SM6	Wallington	England	United Kingdom	51.35	-0.15
SM7	Banstead	England	United Kingdom	51.325	-0.1957
SN1	Swindon	England	United Kingdom	51.558	-1.7812
SN10	Devizes	England	United Kingdom	51.3508	-1.9942
SN11	Calne	England	United Kingdom	51.4388	-2.0057
SN12	Melksham	England	United Kingdom	51.3728	-2.14
SN13	Neston	England	United Kingdom	51.4122	-2.2006
SN14	Hinton	England	United Kingdom	51.4897	-2.3847
SN15	Chippenham	England	United Kingdom	51.46	-2.1247
SN16	Malmesbury	England	United Kingdom	51.5817	-2.0971
SN2	Broad Blunsdon	England	United Kingdom	51.5787	-1.7833
SN25	Swindon	England	United Kingdom	51.558	-1.7812
SN26	Swindon	England	United Kingdom	51.6124	-1.7873
SN3	Coate	England	United Kingdom	51.5892	-1.7194
SN38	Swindon	England	United Kingdom	51.558	-1.7812
SN4	Wroughton	England	United Kingdom	51.5241	-1.7956
SN5	Purton	England	United Kingdom	51.5833	-1.8667
SN6	Highworth	England	United Kingdom	51.6305	-1.711
SN7	Faringdon	England	United Kingdom	51.6564	-1.5868
SN8	Marlborough	England	United Kingdom	51.4203	-1.7295
SN9	Pewsey	England	United Kingdom	51.3385	-1.7655
SN99	Swindon	England	United Kingdom	51.558	-1.7812
SO14	Northam	England	United Kingdom	50.911	-1.392
SO15	Southampton	England	United Kingdom	50.9039	-1.4043
SO16	Chilworth	England	United Kingdom	50.9644	-1.4193
SO17	Portswood	England	United Kingdom	50.927	-1.394
SO18	Swaythling	England	United Kingdom	50.9367	-1.3781
SO19	Woolston	England	United Kingdom	50.893	-1.378
SO20	Over Wallop	England	United Kingdom	51.1462	-1.5948
SO21	Colden Common	England	United Kingdom	50.9948	-1.3114
SO22	Pitt	England	United Kingdom	51.0501	-1.3589
SO23	Winchester	England	United Kingdom	51.0651	-1.3187
SO24	New Alresford	England	United Kingdom	51.0862	-1.1701
SO25	Winchester	England	United Kingdom	51.0676	-1.2973
SO30	Hedge End	England	United Kingdom	50.9123	-1.3008
SO31	Bursledon	England	United Kingdom	50.8866	-1.316
SO32	Swanmore	England	United Kingdom	50.944	-1.1802
SO40	Totton	England	United Kingdom	50.9188	-1.4904
SO41	Lymington	England	United Kingdom	50.7577	-1.5443
SO42	Brockenhurst	England	United Kingdom	50.8194	-1.573
SO43	Lyndhurst	England	United Kingdom	50.8726	-1.5766
SO45	Hythe	England	United Kingdom	50.86	-1.4016
SO50	Eastleigh	England	United Kingdom	50.9667	-1.35
SO51	Romsey	England	United Kingdom	50.9891	-1.4999
SO52	North Baddesley	England	United Kingdom	50.9775	-1.4455
SO53	Chandler's Ford	England	United Kingdom	50.9846	-1.399
SO97	Eastleigh	England	United Kingdom	50.9667	-1.35
SP1	Salisbury	England	United Kingdom	51.0693	-1.7957
SP10	Andover	England	United Kingdom	51.2114	-1.4939
SP11	Ludgershall	England	United Kingdom	51.2556	-1.6222
SP2	Wilton	England	United Kingdom	51.0793	-1.8621
SP3	Tisbury	England	United Kingdom	51.0628	-2.0806
SP4	Amesbury	England	United Kingdom	51.1751	-1.7806
SP5	Downton	England	United Kingdom	51	-1.7333
SP6	Fordingbridge	England	United Kingdom	50.9275	-1.7903
SP7	Shaftesbury	England	United Kingdom	51.0053	-2.1933
SP8	Gillingham	England	United Kingdom	51.0383	-2.2761
SP9	South Tidworth	England	United Kingdom	51.2314	-1.6632
SR1	Sunderland	England	United Kingdom	54.9046	-1.3822
SR2	Ryhope	England	United Kingdom	54.8714	-1.37
SR3	New Silksworth	England	United Kingdom	54.8753	-1.4082
SR4	South Hylton	England	United Kingdom	54.9004	-1.4255
SR5	Castletown	England	United Kingdom	54.9227	-1.4241
SR6	Whitburn	England	United Kingdom	54.9533	-1.3686
SR7	Seaham	England	United Kingdom	54.839	-1.3457
SR8	Peterlee	England	United Kingdom	54.7603	-1.3365
SR9	Sunderland	England	United Kingdom	54.9046	-1.3822
SS0	Westcliff-on-Sea	England	United Kingdom	51.5442	0.6918
SS1	Southend-on-Sea	England	United Kingdom	51.5378	0.7143
SS11	Battlesbridge	England	United Kingdom	51.6233	0.5686
SS12	Wickford	England	United Kingdom	51.611	0.5233
SS13	Pitsea	England	United Kingdom	51.5639	0.5086
SS14	Basildon	England	United Kingdom	51.5684	0.4578
SS15	Laindon	England	United Kingdom	51.5763	0.4217
SS16	Langdon Hills	England	United Kingdom	51.5617	0.4219
SS17	Stanford-le-Hope	England	United Kingdom	51.5227	0.4342
SS2	Southend	England	United Kingdom	51.5378	0.7143
SS22	Southend-on-Sea	England	United Kingdom	51.5378	0.7143
SS3	Great Wakering	England	United Kingdom	51.5524	0.8038
SS4	Rochford	England	United Kingdom	51.582	0.7067
SS5	Hullbridge	England	United Kingdom	51.6226	0.6185
SS6	Rayleigh	England	United Kingdom	51.5857	0.6046
SS7	South Benfleet	England	United Kingdom	51.553	0.5596
SS8	Canvey Island	England	United Kingdom	51.522	0.5809
SS9	Leigh-on-Sea	England	United Kingdom	51.543	0.6491
SS99	Southend-on-Sea	England	United Kingdom	51.5378	0.7143
ST1	Hanley	England	United Kingdom	53.0249	-2.1739
ST10	Cheadle	England	United Kingdom	52.9833	-1.9833
ST11	Blythe Bridge	England	United Kingdom	52.9667	-2.0667
ST12	Barlaston	England	United Kingdom	52.942	-2.1705
ST13	Leek	England	United Kingdom	53.1043	-2.0221
ST14	Uttoxeter	England	United Kingdom	52.8984	-1.8649
ST15	Stone	England	United Kingdom	52.9059	-2.1541
ST16	Stafford	England	United Kingdom	52.8052	-2.1164
ST17	Brocton	England	United Kingdom	52.7707	-2.0589
ST18	Colwich	England	United Kingdom	52.7876	-1.9821
ST19	Penkridge	England	United Kingdom	52.7256	-2.1156
ST2	Milton	England	United Kingdom	53.05	-2.15
ST20	Gnosall	England	United Kingdom	52.7856	-2.2548
ST21	Standon	England	United Kingdom	52.9167	-2.2833
ST3	Longton	England	United Kingdom	52.9833	-2.1333
ST4	Stoke-on-Trent	England	United Kingdom	53.0042	-2.1854
ST5	Keele	England	United Kingdom	53.0038	-2.2874
ST55	Silverdale	England	United Kingdom	53.0145	-2.24
ST6	Tunstall	England	United Kingdom	53.0577	-2.1898
ST7	Kidsgrove	England	United Kingdom	53.0869	-2.2378
ST8	Biddulph	England	United Kingdom	53.1172	-2.1758
ST9	Endon	England	United Kingdom	53.0769	-2.113
SW1	Pimlico	England	United Kingdom	51.489	-0.137
SW10	Chelsea	England	United Kingdom	51.4876	-0.1694
SW11	Battersea	England	United Kingdom	51.4747	-0.1555
SW12	Balham	England	United Kingdom	51.4469	-0.1384
SW13	Barnes	England	United Kingdom	51.4735	-0.2484
SW14	Mortlake	England	United Kingdom	51.4655	-0.2669
SW15	Putney	England	United Kingdom	51.4607	-0.2181
SW16	Streatham	England	United Kingdom	51.429	-0.1318
SW17	Furzedown	England	United Kingdom	51.4307	-0.1647
SW18	Earlsfield	England	United Kingdom	51.4439	-0.1854
SW19	Wimbledon	England	United Kingdom	51.4221	-0.2081
SW1A	Westminster Abbey	England	United Kingdom	51.5018	-0.1328
SW1E	London	England	United Kingdom	51.5085	-0.1257
SW1H	London	England	United Kingdom	51.5085	-0.1257
SW1P	London	England	United Kingdom	51.5085	-0.1257
SW1V	London	England	United Kingdom	51.5085	-0.1257
SW1W	London	England	United Kingdom	51.5085	-0.1257
SW1X	London	England	United Kingdom	51.4973	-0.1553
SW1Y	London	England	United Kingdom	51.5085	-0.1257
SW2	Brixton	England	United Kingdom	51.4659	-0.1065
SW20	Merton	England	United Kingdom	51.4114	-0.226
SW3	Chelsea	England	United Kingdom	51.4876	-0.1694
SW4	Lambeth	England	United Kingdom	51.4611	-0.1366
SW5	Earl's Court	England	United Kingdom	51.487	-0.191
SW6	Fulham	England	United Kingdom	51.4803	-0.1993
SW7	South Kensington	England	United Kingdom	51.4944	-0.1732
SW8	Vauxhall	England	United Kingdom	51.4858	-0.1221
SW9	Stockwell	England	United Kingdom	51.474	-0.1168
SW95	Lambeth	England	United Kingdom	51.4963	-0.1115
SY1	Shrewsbury	England	United Kingdom	52.7101	-2.7521
SY10	Gobowen	England	United Kingdom	52.8961	-3.0369
SY11	Oswestry	England	United Kingdom	52.8619	-3.055
SY12	Ellesmere	England	United Kingdom	52.9167	-2.8833
SY13	Whitchurch	England	United Kingdom	52.9667	-2.6833
SY14	Malpas	England	United Kingdom	53.0167	-2.7667
SY15	Montgomery	Wales	United Kingdom	52.5613	-3.1461
SY16	Newtown	Wales	United Kingdom	52.5167	-3.3
SY17	Caersws	Wales	United Kingdom	52.5163	-3.4295
SY18	Llanidloes	Wales	United Kingdom	52.4498	-3.54
SY19	Pandy	Wales	United Kingdom	52.5792	-3.6344
SY2	Sutton	England	United Kingdom	52.7065	-2.7295
SY20	Machynlleth	Wales	United Kingdom	52.591	-3.8505
SY21	Welshpool	Wales	United Kingdom	52.6597	-3.1471
SY22	Four Crosses	Wales	United Kingdom	52.75	-3.0833
SY23	Aberystwyth	Wales	United Kingdom	52.4155	-4.0829
SY24	Bow Street	Wales	United Kingdom	52.4421	-4.0278
SY25	Tregaron	Wales	United Kingdom	52.2195	-3.933
SY3	Bayston Hill	England	United Kingdom	52.6755	-2.7616
SY4	Wem	England	United Kingdom	52.8584	-2.7183
SY5	Pontesbury	England	United Kingdom	52.6483	-2.8903
SY6	Church Stretton	England	United Kingdom	52.5378	-2.8015
SY7	Craven Arms	England	United Kingdom	52.4431	-2.8356
SY8	Ludlow	England	United Kingdom	52.3743	-2.7131
SY9	Bishop's Castle	England	United Kingdom	52.4921	-3.0021
SY99	Shrewsbury	England	United Kingdom	52.7101	-2.7521
TA1	Taunton	England	United Kingdom	51.0149	-3.1029
TA10	Langport	England	United Kingdom	51.0378	-2.8281
TA11	Barton St David	England	United Kingdom	51.0867	-2.6556
TA12	Martock	England	United Kingdom	50.9736	-2.7668
TA13	South Petherton	England	United Kingdom	50.9483	-2.8071
TA14	Stoke sub Hambon	England	United Kingdom	50.9302	-2.7572
TA15	Montacute	England	United Kingdom	50.95	-2.7167
TA16	Merriott	England	United Kingdom	50.9127	-2.7954
TA17	Dinnington	England	United Kingdom	50.9119	-2.8493
TA18	Crewkerne	England	United Kingdom	50.883	-2.7959
TA19	Ilminster	England	United Kingdom	50.9268	-2.9101
TA2	West Monkton	England	United Kingdom	51.0494	-3.0542
TA20	Chard	England	United Kingdom	50.8727	-2.966
TA21	Langford Budville	England	United Kingdom	50.9974	-3.2688
TA22	Dulverton	England	United Kingdom	51.0401	-3.5504
TA23	Watchet	England	United Kingdom	51.1819	-3.3308
TA24	Minehead	England	United Kingdom	51.2057	-3.4788
TA3	North Curry	England	United Kingdom	51.0225	-2.9717
TA4	Williton	England	United Kingdom	51.1624	-3.3221
TA5	Nether Stowey	England	United Kingdom	51.151	-3.1568
TA6	Bridgwater	England	United Kingdom	51.1284	-3.0036
TA7	Woolavington	England	United Kingdom	51.1649	-2.9381
TA8	Burnham-on-Sea	England	United Kingdom	51.2386	-2.9978
TA9	Highbridge	England	United Kingdom	51.2167	-2.9833
TD1	Galashiels	Scotland	United Kingdom	55.6146	-2.8069
TD10	Greenlaw	Scotland	United Kingdom	55.7068	-2.4624
TD11	Duns	Scotland	United Kingdom	55.777	-2.3458
TD12	Coldstream	Scotland	United Kingdom	55.6511	-2.253
TD13	Oldhamstocks	Scotland	United Kingdom	55.9278	-2.4182
TD14	Eyemouth	Scotland	United Kingdom	55.8713	-2.0901
TD15	Berwick-upon-Tweed	England	United Kingdom	55.7833	-2
TD2	Lauder	Scotland	United Kingdom	55.7191	-2.7475
TD3	Gordon	Scotland	United Kingdom	55.6798	-2.5647
TD4	Earlston	Scotland	United Kingdom	55.6386	-2.675
TD5	Kelso	Scotland	United Kingdom	55.5981	-2.4338
TD6	Melrose	Scotland	United Kingdom	55.5997	-2.7277
TD7	Selkirk	Scotland	United Kingdom	55.5474	-2.8391
TD8	Jedburgh	Scotland	United Kingdom	55.48	-2.552
TD9	Hawick	Scotland	United Kingdom	55.4227	-2.7867
TF1	Wellington	England	United Kingdom	52.7	-2.5167
TF10	Newport	England	United Kingdom	52.7833	-2.3833
TF11	Ryton	England	United Kingdom	52.6167	-2.35
TF12	Broseley	England	United Kingdom	52.6132	-2.4827
TF13	Much Wenlock	England	United Kingdom	52.5958	-2.5575
TF2	Oakengates	England	United Kingdom	52.695	-2.4504
TF3	Telford	England	United Kingdom	52.6766	-2.4493
TF4	Lawley	England	United Kingdom	52.6833	-2.4833
TF5	Admaston	England	United Kingdom	52.7167	-2.55
TF6	High Ercall	England	United Kingdom	52.7541	-2.6024
TF7	Madeley	England	United Kingdom	52.6333	-2.4333
TF8	Ironbridge	England	United Kingdom	52.6279	-2.4847
TF9	Market Drayton	England	United Kingdom	52.9054	-2.4901
TN1	Royal Tunbridge Wells	England	United Kingdom	51.1325	0.2633
TN10	Higham Wood	England	United Kingdom	51.2258	0.2802
TN11	Hadlow	England	United Kingdom	51.2242	0.3391
TN12	Paddock Wood	England	United Kingdom	51.1794	0.3855
TN13	Sevenoaks	England	United Kingdom	51.27	0.1928
TN14	Otford	England	United Kingdom	51.3128	0.1905
TN15	Kemsing	England	United Kingdom	51.306	0.2292
TN16	Biggin Hill	England	United Kingdom	51.3133	0.0343
TN17	Hartley	England	United Kingdom	51.0964	0.5364
TN18	Hawkhurst	England	United Kingdom	51.0479	0.511
TN19	Burwash	England	United Kingdom	50.9976	0.385
TN2	Pembury	England	United Kingdom	51.143	0.3219
TN20	Five Ashes	England	United Kingdom	51.0201	0.2584
TN21	Horam	England	United Kingdom	50.9352	0.2444
TN22	Uckfield	England	United Kingdom	50.9695	0.0959
TN23	Great Chart	England	United Kingdom	51.1416	0.8279
TN24	Ashford	England	United Kingdom	51.1465	0.8738
TN25	Wye	England	United Kingdom	51.1825	0.9368
TN26	Shadoxhurst	England	United Kingdom	51.108	0.8192
TN27	Headcorn	England	United Kingdom	51.1697	0.6243
TN28	New Romney	England	United Kingdom	50.986	0.9412
TN29	Lydd	England	United Kingdom	50.9513	0.9065
TN3	Speldhurst	England	United Kingdom	51.1508	0.2195
TN30	Tenterden	England	United Kingdom	51.0685	0.6878
TN31	Rye	England	United Kingdom	50.9511	0.7337
TN32	Robertsbridge	England	United Kingdom	50.9857	0.4725
TN33	Battle	England	United Kingdom	50.9173	0.4842
TN34	Hastings	England	United Kingdom	50.8552	0.5729
TN35	Fairlight	England	United Kingdom	50.879	0.6524
TN36	Winchelsea Beach	England	United Kingdom	50.9176	0.7239
TN37	Baldslow	England	United Kingdom	50.8746	0.5477
TN38	Bulverhythe	England	United Kingdom	50.8556	0.5452
TN39	Cooden	England	United Kingdom	50.8519	0.4509
TN4	Rusthall	England	United Kingdom	51.1363	0.2322
TN40	Bexhill	England	United Kingdom	50.8502	0.471
TN5	Wadhurst	England	United Kingdom	51.0623	0.3393
TN6	Crowborough	England	United Kingdom	51.0604	0.1617
TN7	Upper Hartfield	England	United Kingdom	51.0954	0.1031
TN8	Edenbridge	England	United Kingdom	51.1917	0.0673
TN9	Tonbridge	England	United Kingdom	51.1924	0.2753
TQ1	Maidencombe	England	United Kingdom	50.4782	-3.5176
TQ10	South Brent	England	United Kingdom	50.4265	-3.8343
TQ11	Buckfastleigh	England	United Kingdom	50.4813	-3.7791
TQ12	Newton Abbot	England	United Kingdom	50.5286	-3.6119
TQ13	Bovey Tracey	England	United Kingdom	50.5926	-3.6754
TQ14	Teignmouth	England	United Kingdom	50.5477	-3.4964
TQ2	Torquay	England	United Kingdom	50.4762	-3.546
TQ3	Paignton	England	United Kingdom	50.4356	-3.5679
TQ4	Goodrington	England	United Kingdom	50.424	-3.5713
TQ5	Brixham	England	United Kingdom	50.3943	-3.5158
TQ6	Dartmouth	England	United Kingdom	50.3522	-3.5794
TQ7	Kingsbridge	England	United Kingdom	50.2845	-3.7764
TQ8	Salcombe	England	United Kingdom	50.2371	-3.7735
TQ9	Totnes	England	United Kingdom	50.4311	-3.6843
TR1	Truro	England	United Kingdom	50.2653	-5.0544
TR10	Penryn	England	United Kingdom	50.1681	-5.1042
TR11	Falmouth	England	United Kingdom	50.1544	-5.0711
TR12	Mullion	England	United Kingdom	50.0271	-5.2425
TR13	Helston	England	United Kingdom	50.1032	-5.2705
TR14	Camborne	England	United Kingdom	50.2131	-5.2973
TR15	Redruth	England	United Kingdom	50.2332	-5.2243
TR16	Four Lanes	England	United Kingdom	50.2443	-5.2304
TR17	Marazion	England	United Kingdom	50.1256	-5.4751
TR18	Penzance	England	United Kingdom	50.1186	-5.5372
TR19	St Just	England	United Kingdom	50.1034	-5.6259
TR2	Probus	England	United Kingdom	50.2927	-4.954
TR20	Madron	England	United Kingdom	50.1327	-5.5648
TR21	Hugh Town	England	United Kingdom	49.9145	-6.3114
TR22	St. Agnes	England	United Kingdom	49.8925	-6.3448
TR23	Bryher	England	United Kingdom	49.9533	-6.3528
TR24	Tresco	England	United Kingdom	49.9487	-6.3311
TR25	Higher Town	England	United Kingdom	49.9642	-6.2933
TR26	St Ives	England	United Kingdom	50.2086	-5.4875
TR27	Hayle	England	United Kingdom	50.1839	-5.4214
TR3	Stithians	England	United Kingdom	50.1887	-5.1781
TR4	Mount Hawke	England	United Kingdom	50.2842	-5.139
TR5	St Agnes	England	United Kingdom	50.3106	-5.1974
TR6	Perranporth	England	United Kingdom	50.3438	-5.1556
TR7	Newquay	England	United Kingdom	50.4156	-5.0752
TR8	Crantock	England	United Kingdom	50.4003	-5.1106
TR9	Indian Queens	England	United Kingdom	50.4333	-4.9333
TS1	Middlesbrough	England	United Kingdom	54.5762	-1.2348
TS10	Redcar	England	United Kingdom	54.6166	-1.06
TS11	Marske-by-the-Sea	England	United Kingdom	54.5915	-1.0196
TS12	Skelton	England	United Kingdom	54.5606	-0.9883
TS13	Loftus	England	United Kingdom	54.5554	-0.8946
TS14	Guisborough	England	United Kingdom	54.5348	-1.0561
TS15	Yarm	England	United Kingdom	54.5036	-1.3579
TS16	Eaglescliffe	England	United Kingdom	54.5252	-1.3504
TS17	Thornaby-on-Tees	England	United Kingdom	54.5333	-1.3
TS18	Hartburn	England	United Kingdom	54.5613	-1.3243
TS19	Stockton-on-Tees	England	United Kingdom	54.5685	-1.3187
TS2	Port Clarence	England	United Kingdom	54.587	-1.2274
TS20	Norton	England	United Kingdom	54.5868	-1.3138
TS21	Sedgefield	England	United Kingdom	54.6533	-1.4495
TS22	Wynyard	England	United Kingdom	54.6233	-1.2995
TS23	Billingham	England	United Kingdom	54.5888	-1.2903
TS24	Hartlepool	England	United Kingdom	54.6861	-1.2125
TS25	Greatham	England	United Kingdom	54.6418	-1.2381
TS26	High Throston	England	United Kingdom	54.7	-1.25
TS27	Elwick	England	United Kingdom	54.6833	-1.2833
TS28	Wingate	England	United Kingdom	54.7324	-1.379
TS29	Trimdon	England	United Kingdom	54.6988	-1.4288
TS3	Cargo Fleet	England	United Kingdom	54.5742	-1.1922
TS4	Middlesbrough	England	United Kingdom	54.5762	-1.2348
TS5	Acklam	England	United Kingdom	54.5507	-1.2521
TS6	Eston	England	United Kingdom	54.5593	-1.1434
TS7	Nunthorpe	England	United Kingdom	54.5288	-1.1844
TS8	Newby	England	United Kingdom	54.5012	-1.2138
TS9	Ingleby Greenhow	England	United Kingdom	54.4498	-1.1069
TW1	Twickenham	England	United Kingdom	51.4454	-0.3297
TW10	Kingston upon Thames	England	United Kingdom	51.4483	-0.303
TW11	Teddington	England	United Kingdom	51.4223	-0.3305
TW12	Hampton	England	United Kingdom	51.4133	-0.367
TW13	Feltham	England	United Kingdom	51.4462	-0.4139
TW14	East Bedfont	England	United Kingdom	51.4528	-0.4215
TW15	Ashford	England	United Kingdom	51.4317	-0.4576
TW16	Sunbury	England	United Kingdom	51.4042	-0.4182
TW17	Shepperton	England	United Kingdom	51.3955	-0.4489
TW18	Staines	England	United Kingdom	51.4309	-0.5061
TW19	Stanwell	England	United Kingdom	51.4541	-0.4781
TW2	Twickenham	England	United Kingdom	51.4454	-0.3297
TW20	Egham	England	United Kingdom	51.4316	-0.5524
TW3	Hounslow	England	United Kingdom	51.4684	-0.3609
TW4	Hounslow	England	United Kingdom	51.4684	-0.3609
TW5	Heston	England	United Kingdom	51.4836	-0.3758
TW6	Hounslow	England	United Kingdom	51.47	-0.4509
TW7	Isleworth	England	United Kingdom	51.4752	-0.3425
TW8	Brentford	England	United Kingdom	51.4862	-0.3083
TW9	Richmond	England	United Kingdom	51.4601	-0.3008
UB1	Southall	England	United Kingdom	51.509	-0.3713
UB10	Ickenham	England	United Kingdom	51.5643	-0.4437
UB11	Stockley Park	England	United Kingdom	51.5112	-0.4469
UB18	Ealing	England	United Kingdom	51.5007	-0.4027
UB2	Norwood Green	England	United Kingdom	51.4954	-0.3763
UB3	Hayes	England	United Kingdom	51.5158	-0.4234
UB4	Yeading	England	United Kingdom	51.5278	-0.3984
UB5	Northolt	England	United Kingdom	51.5486	-0.3678
UB6	Greenford	England	United Kingdom	51.5287	-0.3551
UB7	West Drayton	England	United Kingdom	51.5	-0.4667
UB8	Hayes	England	United Kingdom	51.5362	-0.4754
UB9	Harefield	England	United Kingdom	51.6033	-0.4855
W1	Soho	England	United Kingdom	51.5144	-0.1354
W10	Ladbroke Grove	England	United Kingdom	51.523	-0.2188
W11	Notting Hill	England	United Kingdom	51.5115	-0.2059
W12	Shepherds Bush	England	United Kingdom	51.505	-0.2211
W13	West Ealing	England	United Kingdom	51.5136	-0.3229
W14	Hammersmith	England	United Kingdom	51.4938	-0.2288
W1A	City of Westminster	England	United Kingdom	51.5	-0.1167
W1B	London	England	United Kingdom	51.5085	-0.1257
W1C	London	England	United Kingdom	51.5085	-0.1257
W1D	London	England	United Kingdom	51.5085	-0.1257
W1F	London	England	United Kingdom	51.5085	-0.1257
W1G	London	England	United Kingdom	51.5085	-0.1257
W1H	London	England	United Kingdom	51.5176	-0.1612
W1J	London	England	United Kingdom	51.5085	-0.1257
W1K	London	England	United Kingdom	51.5085	-0.1257
W1M	Marylebone	England	United Kingdom	51.5	-0.15
W1S	London	England	United Kingdom	51.5085	-0.1257
W1T	London	England	United Kingdom	51.5085	-0.1257
W1U	London	England	United Kingdom	51.5085	-0.1257
W1W	London	England	United Kingdom	51.5085	-0.1257
W2	City of Westminster	England	United Kingdom	51.5143	-0.1905
W3	Acton	England	United Kingdom	51.5103	-0.2686
W4	Chiswick	England	United Kingdom	51.4927	-0.258
W5	Ealing Common	England	United Kingdom	51.5174	-0.2803
W6	Hammersmith	England	United Kingdom	51.4938	-0.2288
W7	Boston Manor	England	United Kingdom	51.5118	-0.3359
W8	Hyde Park	England	United Kingdom	51.501	-0.1945
W9	Maida Hill	England	United Kingdom	51.5274	-0.1899
WA1	Warrington	England	United Kingdom	53.3925	-2.5802
WA10	St Helens	England	United Kingdom	53.45	-2.7333
WA11	Haydock	England	United Kingdom	53.4672	-2.6817
WA12	Newton-le-Willows	England	United Kingdom	53.45	-2.6
WA13	Lymm	England	United Kingdom	53.3811	-2.4776
WA14	Altrincham	England	United Kingdom	53.3875	-2.3485
WA15	Hale	England	United Kingdom	53.3783	-2.3327
WA16	Knutsford	England	United Kingdom	53.3029	-2.3748
WA2	Winwick	England	United Kingdom	53.4333	-2.6
WA3	Golborne	England	United Kingdom	53.4769	-2.5965
WA4	Grappenhall	England	United Kingdom	53.372	-2.5468
WA5	Great Sankey	England	United Kingdom	53.3923	-2.6399
WA55	Warrington	England	United Kingdom	53.3925	-2.5802
WA6	Frodsham	England	United Kingdom	53.2948	-2.7275
WA7	Runcorn	England	United Kingdom	53.3417	-2.7312
WA8	Widnes	England	United Kingdom	53.3618	-2.7341
WA88	Halton	England	United Kingdom	53.368	-2.7687
WA9	Clock Face	England	United Kingdom	53.4172	-2.7109
WC1	King's Cross	England	United Kingdom	51.5307	-0.1231
WC1A	London	England	United Kingdom	51.5085	-0.1257
WC1B	London	England	United Kingdom	51.5085	-0.1257
WC1E	London	England	United Kingdom	51.5085	-0.1257
WC1H	London	England	United Kingdom	51.5085	-0.1257
WC1N	London	England	United Kingdom	51.5085	-0.1257
WC1R	London	England	United Kingdom	51.5085	-0.1257
WC1V	London	England	United Kingdom	51.5085	-0.1257
WC1X	London	England	United Kingdom	51.5085	-0.1257
WC2	Holborn	England	United Kingdom	51.5175	-0.1204
WC2A	London	England	United Kingdom	51.5085	-0.1257
WC2B	London	England	United Kingdom	51.5085	-0.1257
WC2E	London	England	United Kingdom	51.5085	-0.1257
WC2H	London	England	United Kingdom	51.5085	-0.1257
WC2N	London	England	United Kingdom	51.5085	-0.1257
WC2R	London	England	United Kingdom	51.5085	-0.1257
WD1	Watford	England	United Kingdom	51.6553	-0.396
WD17	Watford	England	United Kingdom	51.6553	-0.396
WD18	Watford	England	United Kingdom	51.6553	-0.396
WD19	Watford	England	United Kingdom	51.6553	-0.396
WD2	Abbots Langley	England	United Kingdom	51.7057	-0.4176
WD23	Bushey	England	United Kingdom	51.6432	-0.3605
WD24	Watford	England	United Kingdom	51.6553	-0.396
WD25	Watford	England	United Kingdom	51.6553	-0.396
WD3	Rickmansworth	England	United Kingdom	51.639	-0.4772
WD4	Kings Langley	England	United Kingdom	51.7139	-0.4504
WD5	Bedmond	England	United Kingdom	51.7052	-0.4173
WD6	Borehamwood	England	United Kingdom	51.6547	-0.2776
WD7	Radlett	England	United Kingdom	51.6859	-0.3187
WD99	Watford	England	United Kingdom	51.6553	-0.396
WF1	Wakefield	England	United Kingdom	53.6833	-1.4977
WF10	Castleford	England	United Kingdom	53.7259	-1.3626
WF11	Knottingley	England	United Kingdom	53.7078	-1.2564
WF12	Dewsbury	England	United Kingdom	53.6908	-1.6291
WF13	Ravensthorpe	England	United Kingdom	53.6787	-1.6608
WF14	Mirfield	England	United Kingdom	53.6734	-1.6964
WF15	Liversedge	England	United Kingdom	53.7051	-1.6933
WF16	Heckmondwike	England	United Kingdom	53.7065	-1.6775
WF17	Batley	England	United Kingdom	53.7029	-1.6337
WF2	Kirkhamgate	England	United Kingdom	53.7019	-1.5524
WF3	Lofthouse	England	United Kingdom	53.7295	-1.497
WF4	Horbury	England	United Kingdom	53.6605	-1.5601
WF5	Ossett	England	United Kingdom	53.6798	-1.5801
WF6	Normanton	England	United Kingdom	53.7	-1.4167
WF7	Featherstone	England	United Kingdom	53.6769	-1.3565
WF8	Pontefract	England	United Kingdom	53.6911	-1.3127
WF9	South Elmsall	England	United Kingdom	53.5971	-1.2803
WF90	Wakefield	England	United Kingdom	53.6833	-1.4977
WN1	Wigan	England	United Kingdom	53.5333	-2.6167
WN2	Hindley	England	United Kingdom	53.5333	-2.5833
WN3	Ince-in-Makerfield	England	United Kingdom	53.5333	-2.6167
WN4	Garswood	England	United Kingdom	53.4888	-2.6722
WN5	Billinge	England	United Kingdom	53.4979	-2.7081
WN6	Appley Bridge	England	United Kingdom	53.5778	-2.7209
WN7	Leigh	England	United Kingdom	53.4833	-2.5167
WN8	Skelmersdale	England	United Kingdom	53.5502	-2.7735
WR1	Worcester	England	United Kingdom	52.1894	-2.22
WR10	Pershore	England	United Kingdom	52.1116	-2.0759
WR11	Evesham	England	United Kingdom	52.0924	-1.9489
WR12	Broadway	England	United Kingdom	52.0333	-1.85
WR13	Welland	England	United Kingdom	52.05	-2.3
WR14	Great Malvern	England	United Kingdom	52.1116	-2.3252
WR15	Tenbury Wells	England	United Kingdom	52.3	-2.5833
WR2	Lower Broadheath	England	United Kingdom	52.2092	-2.2747
WR3	Fernhill Heath	England	United Kingdom	52.23	-2.1966
WR4	Warndon	England	United Kingdom	52.2038	-2.1897
WR5	Kempsey	England	United Kingdom	52.1394	-2.2175
WR6	Clifton upon Teme	England	United Kingdom	52.2522	-2.4215
WR7	Kington	England	United Kingdom	52.2	-2.0167
WR8	Upton upon Severn	England	United Kingdom	52.0626	-2.218
WR9	Droitwich	England	United Kingdom	52.2667	-2.15
WR99	Worcester	England	United Kingdom	52.1894	-2.22
WS1	Walsall	England	United Kingdom	52.5853	-1.984
WS10	Wednesbury	England	United Kingdom	52.5514	-2.0236
WS11	Cannock	England	United Kingdom	52.6905	-2.0308
WS12	Littleworth	England	United Kingdom	52.7063	-2.0021
WS13	Lichfield	England	United Kingdom	52.6815	-1.8255
WS14	Shenstone	England	United Kingdom	52.6333	-1.8333
WS15	Rugeley	England	United Kingdom	52.7593	-1.9369
WS2	Walsall	England	United Kingdom	52.5853	-1.984
WS3	Bloxwich	England	United Kingdom	52.6181	-2.0043
WS4	Shelfield	England	United Kingdom	52.6	-1.95
WS5	Walsall	England	United Kingdom	52.5853	-1.984
WS6	Great Wyrley	England	United Kingdom	52.6628	-2.0111
WS7	Burntwood	England	United Kingdom	52.6808	-1.9276
WS8	Brownhills	England	United Kingdom	52.6333	-1.9333
WS9	Aldridge	England	United Kingdom	52.6055	-1.9171
WV1	Wolverhampton	England	United Kingdom	52.5855	-2.123
WV10	Featherstone	England	United Kingdom	52.6448	-2.0932
WV11	Wednesfield	England	United Kingdom	52.6	-2.0833
WV12	New Invention	England	United Kingdom	52.606	-2.0406
WV13	Willenhall	England	United Kingdom	52.6	-2.0333
WV14	Bilston	England	United Kingdom	52.5667	-2.0667
WV15	Alveley	England	United Kingdom	52.4571	-2.3543
WV16	Loughton	England	United Kingdom	52.4333	-2.5667
WV2	Blakenhall	England	United Kingdom	52.5741	-2.1195
WV3	Bradmore	England	United Kingdom	52.5791	-2.1561
WV4	Lower Penn	England	United Kingdom	52.5619	-2.1936
WV5	Wombourne	England	United Kingdom	52.5333	-2.1833
WV6	Pattingham	England	United Kingdom	52.5891	-2.2654
WV7	Albrighton	England	United Kingdom	52.6333	-2.2667
WV8	Codsall	England	United Kingdom	52.6299	-2.2015
WV9	Coven	England	United Kingdom	52.635	-2.1425
WV98	Wolverhampton	England	United Kingdom	52.4054	-2.22
WV99	Telford	England	United Kingdom	52.6713	-2.4203
YO1	York	England	United Kingdom	53.9576	-1.0827
YO10	York	England	United Kingdom	53.9576	-1.0827
YO11	Scarborough	England	United Kingdom	54.2797	-0.4044
YO12	East Ayton	England	United Kingdom	54.2548	-0.4748
YO13	Burniston	England	United Kingdom	54.3238	-0.4481
YO14	Filey	England	United Kingdom	54.21	-0.2892
YO15	Flamborough	England	United Kingdom	54.1149	-0.1227
YO16	Bridlington	England	United Kingdom	54.0831	-0.1919
YO17	Norton	England	United Kingdom	54.1175	-0.726
YO18	Pickering	England	United Kingdom	54.25	-0.7667
YO19	Riccall	England	United Kingdom	53.8333	-1.0573
YO21	Whitby	England	United Kingdom	54.4877	-0.615
YO22	Sleights	England	United Kingdom	54.4551	-0.6648
YO23	Rufforth	England	United Kingdom	53.9545	-1.1929
YO24	York	England	United Kingdom	53.946	-1.1169
YO25	Watton	England	United Kingdom	53.9333	-0.45
YO26	Thorpe Underwood	England	United Kingdom	53.9749	-1.1743
YO30	Newton-on-Ouse	England	United Kingdom	54.0354	-1.213
YO31	York	England	United Kingdom	53.9576	-1.0827
YO32	Haxby	England	United Kingdom	54.0142	-1.0712
YO41	Wilberfoss	England	United Kingdom	53.9485	-0.8895
YO42	Pocklington	England	United Kingdom	53.9334	-0.7811
YO43	Market Weighton	England	United Kingdom	53.8631	-0.6651
YO51	Marton	England	United Kingdom	54.0667	-1.3667
YO60	Bulmer	England	United Kingdom	54.0833	-0.9167
YO61	Easingwold	England	United Kingdom	54.1191	-1.1923
YO62	Kirkbymoorside	England	United Kingdom	54.2701	-0.9322
YO7	Thirsk	England	United Kingdom	54.233	-1.3441
YO8	Selby	England	United Kingdom	53.7833	-1.0667
YO90	York	England	United Kingdom	53.9576	-1.0827
YO91	Huntington	England	United Kingdom	54	-1.05
ZE1	Lerwick	Scotland	United Kingdom	60.1545	-1.1494
ZE2	Sandwick	Scotland	United Kingdom	60	-1.25
ZE3	Sumburgh	Scotland	United Kingdom	59.8692	-1.2878
0800	Darwin	Northern Territory	Australia	-12.4611	130.8418
0801	Darwin	Northern Territory	Australia	-12.4611	130.8418
0803	Wagait Beach	Northern Territory	Australia	-12.4348	130.7443
0804	Parap	Northern Territory	Australia	-12.4305	130.8414
0810	Nightcliff	Northern Territory	Australia	-12.383	130.8517
0811	Casuarina	Northern Territory	Australia	-12.374	130.8822
0812	Karama	Northern Territory	Australia	-12.4022	130.916
0813	Karama	Northern Territory	Australia	-12.4022	130.916
0814	Nightcliff	Northern Territory	Australia	-12.383	130.8517
0815	Charles Darwin University	Northern Territory	Australia	-12.3779	130.883
0820	Larrakeyah	Northern Territory	Australia	-12.4553	130.8317
0821	Winnellie	Northern Territory	Australia	-12.4292	130.8859
0822	Maningrida	Northern Territory	Australia	-12.0674	134.0866
0828	Berrimah	Northern Territory	Australia	-12.4351	130.9261
0829	Holtze	Northern Territory	Australia	-12.4485	131.0056
0830	Palmerston	Northern Territory	Australia	-12.486	130.9833
0831	Palmerston	Northern Territory	Australia	-12.486	130.9833
0832	Rosebery	Northern Territory	Australia	-12.5105	130.9878
0834	Virginia	Northern Territory	Australia	-12.519	131.0284
0835	Howard Springs	Northern Territory	Australia	-12.4958	131.0445
0836	Humpty Doo	Northern Territory	Australia	-12.575	131.103
0837	Noonamah	Northern Territory	Australia	-12.6312	131.0799
0838	Berry Springs	Northern Territory	Australia	-12.7004	131.0145
0839	Coolalinga	Northern Territory	Australia	-12.5231	131.0415
0840	Dundee Downs	Northern Territory	Australia	-12.7617	130.4991
0841	Darwin River	Northern Territory	Australia	-12.8193	130.9697
0845	Batchelor	Northern Territory	Australia	-13.0505	131.0307
0846	Adelaide River	Northern Territory	Australia	-13.2379	131.1056
0847	Pine Creek	Northern Territory	Australia	-13.8208	131.8329
0850	Katherine	Northern Territory	Australia	-14.4652	132.2635
0851	Katherine	Northern Territory	Australia	-14.4652	132.2635
0852	Katherine	Northern Territory	Australia	-14.4652	132.2635
0853	Tindal	Northern Territory	Australia	-14.5312	132.3793
0854	King Ash Bay	Northern Territory	Australia	-15.4478	132.6109
0860	Tennant Creek	Northern Territory	Australia	-18.2216	134.2542
0861	Tennant Creek	Northern Territory	Australia	-18.2216	134.2542
0862	Tennant Creek	Northern Territory	Australia	-19.6497	134.1915
0870	Alice Springs	Northern Territory	Australia	-22.2676	133.1758
0871	Alice Springs	Northern Territory	Australia	-22.2676	133.1758
0872	Yuendumu	Northern Territory	Australia	-22.2558	131.7929
0873	Connellan	Northern Territory	Australia	-22.2676	133.1758
0874	Mount Johns	Northern Territory	Australia	-23.6469	133.8648
0875	Larapinta	Northern Territory	Australia	-22.2676	133.1758
0880	Nhulunbuy	Northern Territory	Australia	-12.1816	136.7784
0881	Nhulunbuy	Northern Territory	Australia	-12.1816	136.7784
0885	Alyangula	Northern Territory	Australia	-13.8541	136.4213
0886	Jabiru	Northern Territory	Australia	-12.6705	132.836
0906	Winnellie	Northern Territory	Australia	-12.4292	130.8859
0907	Winnellie	Northern Territory	Australia	-12.4292	130.8859
0909	University	Northern Territory	Australia	-12.4292	130.8859
1001	Sydney	New South Wales	Australia	-33.8678	151.2073
1002	Sydney	New South Wales	Australia	-33.8678	151.2073
1003	Sydney	New South Wales	Australia	-33.8678	151.2073
1004	Sydney	New South Wales	Australia	-33.8678	151.2073
1005	Sydney	New South Wales	Australia	-33.8678	151.2073
1006	Sydney	New South Wales	Australia	-33.8678	151.2073
1007	Sydney	New South Wales	Australia	-33.8678	151.2073
1008	Sydney	New South Wales	Australia	-33.8678	151.2073
1009	Sydney	New South Wales	Australia	-33.8678	151.2073
1010	Sydney	New South Wales	Australia	-33.8678	151.2073
1020	Sydney	New South Wales	Australia	-33.8678	151.2073
1021	Sydney	New South Wales	Australia	-33.8678	151.2073
1022	Sydney	New South Wales	Australia	-33.8678	151.2073
1023	Sydney	New South Wales	Australia	-33.8678	151.2073
1025	Sydney	New South Wales	Australia	-33.8678	151.2073
1026	Sydney	New South Wales	Australia	-33.8678	151.2073
1027	Sydney	New South Wales	Australia	-33.8678	151.2073
1028	Sydney	New South Wales	Australia	-33.8678	151.2073
1029	Sydney	New South Wales	Australia	-33.8678	151.2073
1030	Sydney	New South Wales	Australia	-33.8678	151.2073
1031	Sydney	New South Wales	Australia	-33.8678	151.2073
1032	Sydney	New South Wales	Australia	-33.8678	151.2073
1033	Sydney	New South Wales	Australia	-33.8678	151.2073
1034	Sydney	New South Wales	Australia	-33.8678	151.2073
1035	Sydney	New South Wales	Australia	-33.8678	151.2073
1036	Sydney	New South Wales	Australia	-33.8678	151.2073
1037	Sydney	New South Wales	Australia	-33.8678	151.2073
1038	Sydney	New South Wales	Australia	-33.8678	151.2073
1039	Sydney	New South Wales	Australia	-33.8678	151.2073
1040	Sydney	New South Wales	Australia	-33.8678	151.2073
1041	Sydney	New South Wales	Australia	-33.8678	151.2073
1042	Sydney	New South Wales	Australia	-33.8678	151.2073
1043	Sydney	New South Wales	Australia	-33.8678	151.2073
1044	Sydney	New South Wales	Australia	-33.8678	151.2073
1045	Sydney	New South Wales	Australia	-33.8678	151.2073
1046	Sydney	New South Wales	Australia	-33.8678	151.2073
1100	Sydney	New South Wales	Australia	-33.8678	151.2073
1101	Sydney	New South Wales	Australia	-33.8678	151.2073
1105	Sydney	New South Wales	Australia	-33.8678	151.2073
1106	Sydney	New South Wales	Australia	-33.8678	151.2073
1107	Sydney	New South Wales	Australia	-33.8678	151.2073
1108	Sydney	New South Wales	Australia	-33.8678	151.2073
1109	Sydney	New South Wales	Australia	-33.8678	151.2073
1110	Sydney	New South Wales	Australia	-33.8678	151.2073
1112	Sydney	New South Wales	Australia	-33.8678	151.2073
1113	Sydney	New South Wales	Australia	-33.8678	151.2073
1114	Sydney	New South Wales	Australia	-33.8678	151.2073
1115	Sydney	New South Wales	Australia	-33.8678	151.2073
1116	Sydney	New South Wales	Australia	-33.8678	151.2073
1117	Sydney	New South Wales	Australia	-33.8678	151.2073
1118	Sydney	New South Wales	Australia	-33.8678	151.2073
1119	Sydney	New South Wales	Australia	-33.8678	151.2073
1120	Sydney	New South Wales	Australia	-33.8678	151.2073
1121	Sydney	New South Wales	Australia	-33.8678	151.2073
1122	Sydney	New South Wales	Australia	-33.8678	151.2073
1123	Sydney	New South Wales	Australia	-33.8678	151.2073
1124	Sydney	New South Wales	Australia	-33.8678	151.2073
1125	Sydney	New South Wales	Australia	-33.8678	151.2073
1126	Sydney	New South Wales	Australia	-33.8678	151.2073
1127	Sydney	New South Wales	Australia	-33.8678	151.2073
1128	Sydney	New South Wales	Australia	-33.8678	151.2073
1129	Sydney	New South Wales	Australia	-33.8678	151.2073
1130	Sydney	New South Wales	Australia	-33.8678	151.2073
1131	Sydney	New South Wales	Australia	-33.8678	151.2073
1132	Sydney	New South Wales	Australia	-33.8678	151.2073
1133	Sydney	New South Wales	Australia	-33.8678	151.2073
1134	Sydney	New South Wales	Australia	-33.8678	151.2073
1135	Sydney	New South Wales	Australia	-33.8678	151.2073
1136	Sydney	New South Wales	Australia	-33.8678	151.2073
1137	Sydney	New South Wales	Australia	-33.8678	151.2073
1138	Sydney	New South Wales	Australia	-33.8678	151.2073
1139	Sydney	New South Wales	Australia	-33.8678	151.2073
1140	Sydney	New South Wales	Australia	-33.8678	151.2073
1141	Sydney	New South Wales	Australia	-33.8678	151.2073
1142	Sydney	New South Wales	Australia	-33.8678	151.2073
1143	Sydney	New South Wales	Australia	-33.8678	151.2073
1144	Sydney	New South Wales	Australia	-33.8678	151.2073
1145	Sydney	New South Wales	Australia	-33.8678	151.2073
1146	Sydney	New South Wales	Australia	-33.8678	151.2073
1147	Sydney	New South Wales	Australia	-33.8678	151.2073
1148	Sydney	New South Wales	Australia	-33.8678	151.2073
1149	Sydney	New South Wales	Australia	-33.8678	151.2073
1150	Sydney	New South Wales	Australia	-33.8678	151.2073
1151	Sydney	New South Wales	Australia	-33.8678	151.2073
1152	Sydney	New South Wales	Australia	-33.8678	151.2073
1153	Sydney	New South Wales	Australia	-33.8678	151.2073
1154	Sydney	New South Wales	Australia	-33.8678	151.2073
1155	Sydney	New South Wales	Australia	-33.8678	151.2073
1156	Sydney	New South Wales	Australia	-33.8678	151.2073
1157	Sydney	New South Wales	Australia	-33.8678	151.2073
1158	Sydney	New South Wales	Australia	-33.8678	151.2073
1159	Sydney	New South Wales	Australia	-33.8678	151.2073
1160	Sydney	New South Wales	Australia	-33.8678	151.2073
1161	Sydney	New South Wales	Australia	-33.8678	151.2073
1162	Sydney	New South Wales	Australia	-33.8678	151.2073
1163	Sydney	New South Wales	Australia	-33.8678	151.2073
1164	Sydney	New South Wales	Australia	-33.8678	151.2073
1165	Sydney	New South Wales	Australia	-33.8678	151.2073
1166	Sydney	New South Wales	Australia	-33.8678	151.2073
1167	Sydney	New South Wales	Australia	-33.8678	151.2073
1168	Sydney	New South Wales	Australia	-33.8678	151.2073
1169	Sydney	New South Wales	Australia	-33.8678	151.2073
1170	Sydney	New South Wales	Australia	-33.8678	151.2073
1171	Sydney	New South Wales	Australia	-33.8678	151.2073
1172	Sydney	New South Wales	Australia	-33.8678	151.2073
1173	Sydney	New South Wales	Australia	-33.8678	151.2073
1174	Sydney	New South Wales	Australia	-33.8678	151.2073
1175	Sydney	New South Wales	Australia	-33.8678	151.2073
1176	Sydney	New South Wales	Australia	-33.8678	151.2073
1177	Sydney	New South Wales	Australia	-33.8678	151.2073
1178	Sydney	New South Wales	Australia	-33.8678	151.2073
1179	Sydney	New South Wales	Australia	-33.8678	151.2073
1180	Sydney	New South Wales	Australia	-33.8678	151.2073
1181	Sydney	New South Wales	Australia	-33.8678	151.2073
1182	Sydney	New South Wales	Australia	-33.8678	151.2073
1183	Sydney	New South Wales	Australia	-33.8678	151.2073
1184	Sydney	New South Wales	Australia	-33.8678	151.2073
1185	Sydney	New South Wales	Australia	-33.8678	151.2073
1186	Sydney	New South Wales	Australia	-33.8678	151.2073
1187	Sydney	New South Wales	Australia	-33.8678	151.2073
1188	Sydney	New South Wales	Australia	-33.8678	151.2073
1189	Sydney	New South Wales	Australia	-33.8678	151.2073
1190	Sydney	New South Wales	Australia	-33.8678	151.2073
1191	Sydney	New South Wales	Australia	-33.8678	151.2073
1192	Sydney	New South Wales	Australia	-33.8678	151.2073
1193	Sydney	New South Wales	Australia	-33.8678	151.2073
1194	Sydney	New South Wales	Australia	-33.8678	151.2073
1195	Sydney	New South Wales	Australia	-33.8678	151.2073
1196	Sydney	New South Wales	Australia	-33.8678	151.2073
1197	Sydney	New South Wales	Australia	-33.8678	151.2073
1198	Sydney	New South Wales	Australia	-33.8678	151.2073
1199	Sydney	New South Wales	Australia	-33.8678	151.2073
1201	Sydney	New South Wales	Australia	-33.8678	151.2073
1202	Sydney	New South Wales	Australia	-33.8678	151.2073
1203	Sydney	New South Wales	Australia	-33.8678	151.2073
1205	Sydney	New South Wales	Australia	-33.8678	151.2073
1207	Sydney	New South Wales	Australia	-33.8678	151.2073
1208	Haymarket	New South Wales	Australia	-33.8787	151.2053
1209	Australia Square	New South Wales	Australia	-34.5994	150.4017
1210	Australia Square	New South Wales	Australia	-34.5994	150.4017
1211	Australia Square	New South Wales	Australia	-34.5994	150.4017
1212	Australia Square	New South Wales	Australia	-34.5994	150.4017
1213	Australia Square	New South Wales	Australia	-34.5994	150.4017
1214	Australia Square	New South Wales	Australia	-34.5994	150.4017
1215	Australia Square	New South Wales	Australia	-34.5994	150.4017
1216	Grosvenor Place	New South Wales	Australia	-34.5994	150.4017
1217	Grosvenor Place	New South Wales	Australia	-34.5994	150.4017
1218	Grosvenor Place	New South Wales	Australia	-34.5994	150.4017
1219	Grosvenor Place	New South Wales	Australia	-34.5994	150.4017
1220	Grosvenor Place	New South Wales	Australia	-34.0599	150.998
1221	Royal Exchange	New South Wales	Australia	-34.0599	150.998
1222	Royal Exchange	New South Wales	Australia	-34.0599	150.998
1223	Royal Exchange	New South Wales	Australia	-34.0599	150.998
1224	Royal Exchange	New South Wales	Australia	-34.0599	150.998
1225	Royal Exchange	New South Wales	Australia	-34.0599	150.998
1226	Queen Victoria Building	New South Wales	Australia	-34.0599	150.998
1227	Queen Victoria Building	New South Wales	Australia	-34.0599	150.998
1228	Queen Victoria Building	New South Wales	Australia	-34.0599	150.998
1229	Queen Victoria Building	New South Wales	Australia	-34.0599	150.998
1230	Queen Victoria Building	New South Wales	Australia	-33.8787	151.2053
1231	Sydney South	New South Wales	Australia	-33.8787	151.2053
1232	Sydney South	New South Wales	Australia	-33.8787	151.2053
1233	Sydney South	New South Wales	Australia	-33.8787	151.2053
1234	Sydney South	New South Wales	Australia	-33.8787	151.2053
1235	Sydney South	New South Wales	Australia	-33.8787	151.2053
1236	Haymarket	New South Wales	Australia	-33.8787	151.2053
1237	Haymarket	New South Wales	Australia	-33.8787	151.2053
1238	Haymarket	New South Wales	Australia	-33.8787	151.2053
1239	Haymarket	New South Wales	Australia	-33.8787	151.2053
1240	Haymarket	New South Wales	Australia	-33.8787	151.2053
1291	Sydney	New South Wales	Australia	-33.8678	151.2073
1292	Sydney	New South Wales	Australia	-33.8678	151.2073
1293	Sydney	New South Wales	Australia	-33.8678	151.2073
1294	Sydney	New South Wales	Australia	-33.8678	151.2073
1295	Sydney	New South Wales	Australia	-33.8678	151.2073
1296	Sydney	New South Wales	Australia	-33.8678	151.2073
1297	Sydney	New South Wales	Australia	-33.8678	151.2073
1298	Sydney	New South Wales	Australia	-33.8678	151.2073
1299	Sydney	New South Wales	Australia	-33.8678	151.2073
1300	Darlinghurst	New South Wales	Australia	-33.8794	151.2193
1314	Eastern Suburbs Mc	New South Wales	Australia	-33.88	151.2325
1335	Potts Point	New South Wales	Australia	-33.867	151.2259
1340	Kings Cross	New South Wales	Australia	-33.875	151.2223
1350	Woollahra	New South Wales	Australia	-33.8878	151.2368
1355	Bondi Junction	New South Wales	Australia	-33.8928	151.2472
1360	Double Bay	New South Wales	Australia	-33.8778	151.2435
1401	Broadway	New South Wales	Australia	-33.8923	151.0473
1405	Chullora	New South Wales	Australia	-33.8923	151.0473
1419	Southern Suburbs Mc	New South Wales	Australia	-33.9339	151.1531
1420	Strawberry Hills	New South Wales	Australia	-33.9339	151.1531
1422	Strawberry Hills	New South Wales	Australia	-33.9339	151.1531
1423	Strawberry Hills	New South Wales	Australia	-33.9339	151.1531
1424	Strawberry Hills	New South Wales	Australia	-33.9339	151.1531
1425	Strawberry Hills	New South Wales	Australia	-33.9339	151.1531
1426	Strawberry Hills	New South Wales	Australia	-33.9339	151.1531
1427	Strawberry Hills	New South Wales	Australia	-33.9339	151.1531
1428	Strawberry Hills	New South Wales	Australia	-33.9339	151.1531
1429	Strawberry Hills	New South Wales	Australia	-33.9339	151.1531
1430	Eveleigh	New South Wales	Australia	-33.8956	151.1924
1435	Alexandria	New South Wales	Australia	-33.8999	151.1995
1440	Waterloo	New South Wales	Australia	-33.8994	151.2053
1441	Waterloo	New South Wales	Australia	-33.8994	151.2053
1445	Rosebery	New South Wales	Australia	-33.9167	151.2
1450	Camperdown	New South Wales	Australia	-33.8897	151.1764
1455	Botany	New South Wales	Australia	-33.946	151.1959
1460	Mascot	New South Wales	Australia	-33.926	151.1935
1465	Kensington	New South Wales	Australia	-33.9202	151.2224
1466	Unsw Sydney	New South Wales	Australia	-33.9231	151.2079
1470	Drummoyne	New South Wales	Australia	-33.8524	151.1549
1475	Marrickville	New South Wales	Australia	-33.9074	151.1555
1476	Marrickville	New South Wales	Australia	-33.9074	151.1555
1480	Kingsgrove	New South Wales	Australia	-33.9393	151.0993
1481	Hurstville Bc	New South Wales	Australia	-33.9537	151.1175
1484	Kingsgrove Dc	New South Wales	Australia	-33.9537	151.1175
1485	Kogarah	New South Wales	Australia	-33.9681	151.1356
1490	Miranda	New South Wales	Australia	-34.0386	151.1001
1493	Hurstville	New South Wales	Australia	-33.9799	151.0903
1495	Caringbah	New South Wales	Australia	-34.0353	151.1247
1499	Sutherland	New South Wales	Australia	-34.031	151.0553
1515	West Chatswood	New South Wales	Australia	-33.794	151.1649
1560	Northbridge	New South Wales	Australia	-33.8131	151.2173
1565	Milsons Point	New South Wales	Australia	-33.846	151.2119
1570	Artarmon	New South Wales	Australia	-33.8167	151.1833
1585	Crows Nest	New South Wales	Australia	-33.8249	151.204
1590	St Leonards	New South Wales	Australia	-33.8234	151.1984
1595	Lane Cove	New South Wales	Australia	-33.8157	151.1668
1597	Lane Cove	New South Wales	Australia	-33.8157	151.1668
1602	Lane Cove Dc	New South Wales	Australia	-33.7606	151.1878
1630	Hornsby	New South Wales	Australia	-33.7024	151.0993
1635	Hornsby Westfield	New South Wales	Australia	-33.7253	151.1613
1639	Frenchs Forest	New South Wales	Australia	-33.7482	151.2232
1640	Frenchs Forest	New South Wales	Australia	-33.7482	151.2232
1655	Manly	New South Wales	Australia	-33.798	151.2883
1658	Mona Vale	New South Wales	Australia	-33.6776	151.3031
1660	Mona Vale	New South Wales	Australia	-33.6776	151.3031
1670	North Ryde	New South Wales	Australia	-33.7968	151.1244
1675	Gladesville	New South Wales	Australia	-33.8333	151.1333
1680	Ryde	New South Wales	Australia	-33.8188	151.1062
1685	West Ryde	New South Wales	Australia	-33.8054	151.0739
1700	Ermington	New South Wales	Australia	-33.8148	151.0547
1710	Epping	New South Wales	Australia	-33.7727	151.0818
1715	Pennant Hills	New South Wales	Australia	-33.7378	151.0722
1730	Seven Hills	New South Wales	Australia	-33.7833	150.9333
1740	Parramatta	New South Wales	Australia	-33.8178	151.0035
1741	Parramatta	New South Wales	Australia	-33.8178	151.0035
1750	North Parramatta	New South Wales	Australia	-33.7935	151.0012
1755	Baulkham Hills	New South Wales	Australia	-33.7588	150.9929
1765	Castle Hill	New South Wales	Australia	-33.7333	151
1771	Pennant Hills	New South Wales	Australia	-33.7378	151.0722
1781	Seven Hills Mc	New South Wales	Australia	-33.7768	151.0215
1790	St Marys	New South Wales	Australia	-33.7768	151.0215
1800	Ashfield	New South Wales	Australia	-33.8883	151.1227
1805	Burwood	New South Wales	Australia	-33.8833	151.1
1811	Silverwater	New South Wales	Australia	-33.8334	151.0473
1819	Strathfield	New South Wales	Australia	-33.881	151.0799
1825	Lidcombe	New South Wales	Australia	-33.8644	151.0397
1830	Granville	New South Wales	Australia	-33.8406	151.0075
1831	Granville	New South Wales	Australia	-33.8406	151.0075
1835	Auburn	New South Wales	Australia	-33.85	151.0333
1851	Wetherill Park	New South Wales	Australia	-33.8428	150.9006
1860	Fairfield	New South Wales	Australia	-33.8667	150.95
1871	Liverpool	New South Wales	Australia	-33.9194	150.9259
1874	Moorebank	New South Wales	Australia	-33.9437	150.9566
1875	Moorebank	New South Wales	Australia	-33.9437	150.9566
1885	Bankstown	New South Wales	Australia	-33.9167	151.0333
1888	Bankstown	New South Wales	Australia	-33.9167	151.0333
1890	Ingleburn	New South Wales	Australia	-34	150.8667
1891	Milperra	New South Wales	Australia	-33.9393	150.9815
2000	Sydney	New South Wales	Australia	-33.8678	151.2073
2001	Sydney	New South Wales	Australia	-33.8678	151.2073
2002	World Square	New South Wales	Australia	-33.8702	151.2022
2004	Eastern Suburbs Mc	New South Wales	Australia	-33.8702	151.2022
2006	The University Of Sydney	New South Wales	Australia	-33.8702	151.2022
2007	Ultimo	New South Wales	Australia	-33.8772	151.1972
2008	Chippendale	New South Wales	Australia	-33.8867	151.1975
2009	Pyrmont	New South Wales	Australia	-33.8698	151.194
2010	Surry Hills	New South Wales	Australia	-33.8837	151.2128
2011	Potts Point	New South Wales	Australia	-33.867	151.2259
2012	Strawberry Hills	New South Wales	Australia	-33.8988	151.2108
2013	Strawberry Hills	New South Wales	Australia	-33.8988	151.2108
2015	Alexandria	New South Wales	Australia	-33.8999	151.1995
2016	Redfern	New South Wales	Australia	-33.8928	151.2041
2017	Zetland	New South Wales	Australia	-33.9075	151.2086
2018	Eastlakes	New South Wales	Australia	-33.932	151.2121
2019	Botany	New South Wales	Australia	-33.946	151.1959
2020	Mascot	New South Wales	Australia	-33.926	151.1935
2021	Paddington	New South Wales	Australia	-33.8842	151.2315
2022	Bondi Junction	New South Wales	Australia	-33.8928	151.2472
2023	Bellevue Hill	New South Wales	Australia	-33.879	151.251
2024	Bronte	New South Wales	Australia	-33.902	151.2656
2025	Woollahra	New South Wales	Australia	-33.8878	151.2368
2026	Bondi Beach	New South Wales	Australia	-33.8908	151.2785
2027	Darling Point	New South Wales	Australia	-33.8706	151.2389
2028	Double Bay	New South Wales	Australia	-33.8778	151.2435
2029	Rose Bay	New South Wales	Australia	-33.8688	151.2706
2030	Vaucluse	New South Wales	Australia	-33.8555	151.2775
2031	Randwick	New South Wales	Australia	-33.9144	151.2489
2032	Kingsford	New South Wales	Australia	-33.924	151.2275
2033	Kensington	New South Wales	Australia	-33.9202	151.2224
2034	Coogee	New South Wales	Australia	-33.9205	151.2552
2035	Maroubra	New South Wales	Australia	-33.95	151.2333
2036	Matraville	New South Wales	Australia	-33.9634	151.2319
2037	Glebe	New South Wales	Australia	-33.8788	151.1843
2038	Annandale	New South Wales	Australia	-33.8833	151.1667
2039	Rozelle	New South Wales	Australia	-33.8614	151.1705
2040	Leichhardt	New South Wales	Australia	-33.8834	151.1562
2041	Balmain	New South Wales	Australia	-33.8548	151.1833
2042	Newtown	New South Wales	Australia	-33.8983	151.1775
2043	Erskineville	New South Wales	Australia	-33.9025	151.1858
2044	Tempe	New South Wales	Australia	-33.9233	151.1602
2045	Haberfield	New South Wales	Australia	-33.883	151.1439
2046	Five Dock	New South Wales	Australia	-33.8674	151.1291
2047	Drummoyne	New South Wales	Australia	-33.8524	151.1549
2048	Stanmore	New South Wales	Australia	-33.8941	151.1642
2049	Petersham	New South Wales	Australia	-33.8946	151.1549
2050	Camperdown	New South Wales	Australia	-33.8897	151.1764
2052	Unsw Sydney	New South Wales	Australia	-33.8419	151.1935
2055	North Sydney	New South Wales	Australia	-33.839	151.2072
2057	Chatswood	New South Wales	Australia	-33.8	151.1833
2058	Northern Suburbs Mc	New South Wales	Australia	-33.8419	151.1935
2059	North Sydney	New South Wales	Australia	-33.839	151.2072
2060	North Sydney	New South Wales	Australia	-33.839	151.2072
2061	Kirribilli	New South Wales	Australia	-33.8487	151.2162
2062	Cammeray	New South Wales	Australia	-33.8213	151.2161
2063	Northbridge	New South Wales	Australia	-33.8131	151.2173
2064	Artarmon	New South Wales	Australia	-33.8167	151.1833
2065	Wollstonecraft	New South Wales	Australia	-33.8328	151.1898
2066	Lane Cove	New South Wales	Australia	-33.8157	151.1668
2067	Chatswood	New South Wales	Australia	-33.8	151.1833
2068	Willoughby	New South Wales	Australia	-33.8049	151.1993
2069	Roseville	New South Wales	Australia	-33.7833	151.1833
2070	Lindfield	New South Wales	Australia	-33.7833	151.1667
2071	Killara	New South Wales	Australia	-33.766	151.1621
2072	Gordon	New South Wales	Australia	-33.7553	151.1512
2073	Pymble	New South Wales	Australia	-33.7439	151.1419
2074	Turramurra	New South Wales	Australia	-33.7334	151.1285
2075	St Ives Chase	New South Wales	Australia	-33.7038	151.1646
2076	Wahroonga	New South Wales	Australia	-33.7182	151.1156
2077	Hornsby	New South Wales	Australia	-33.7024	151.0993
2079	Mount Colah	New South Wales	Australia	-33.6833	151.1167
2080	Mount Kuring-Gai	New South Wales	Australia	-33.642	151.1287
2081	Berowra	New South Wales	Australia	-33.6208	151.1509
2082	Berowra Heights	New South Wales	Australia	-33.6121	151.1375
2083	Brooklyn	New South Wales	Australia	-33.549	151.2249
2084	Cottage Point	New South Wales	Australia	-33.6209	151.2027
2085	Belrose	New South Wales	Australia	-33.7395	151.2103
2086	Frenchs Forest	New South Wales	Australia	-33.7482	151.2232
2087	Forestville	New South Wales	Australia	-33.7667	151.2083
2088	Mosman	New South Wales	Australia	-33.839	151.2396
2089	Neutral Bay	New South Wales	Australia	-33.8378	151.2175
2090	Cremorne	New South Wales	Australia	-33.8268	151.2263
2091	Hmas Penguin	New South Wales	Australia	-33.776	151.2715
2092	Seaforth	New South Wales	Australia	-33.8014	151.2398
2093	Balgowlah	New South Wales	Australia	-33.7949	151.2572
2094	Fairlight	New South Wales	Australia	-33.7957	151.2735
2095	Manly	New South Wales	Australia	-33.798	151.2883
2096	Freshwater	New South Wales	Australia	-33.7787	151.2857
2097	Collaroy	New South Wales	Australia	-33.732	151.3012
2099	Dee Why	New South Wales	Australia	-33.7511	151.2889
2100	Beacon Hill	New South Wales	Australia	-33.7528	151.2586
2101	Narrabeen	New South Wales	Australia	-33.7128	151.2974
2102	Warriewood	New South Wales	Australia	-33.6886	151.2953
2103	Mona Vale	New South Wales	Australia	-33.6776	151.3031
2104	Bayview	New South Wales	Australia	-33.6598	151.2988
2105	Church Point	New South Wales	Australia	-33.6451	151.2837
2106	Newport	New South Wales	Australia	-33.6564	151.314
2107	Bilgola Plateau	New South Wales	Australia	-33.6478	151.3121
2108	Palm Beach	New South Wales	Australia	-33.5966	151.3238
2109	Macquarie University	New South Wales	Australia	-33.6694	151.2918
2110	Hunters Hill	New South Wales	Australia	-33.8343	151.1459
2111	Gladesville	New South Wales	Australia	-33.8333	151.1333
2112	Ryde	New South Wales	Australia	-33.8188	151.1062
2113	North Ryde	New South Wales	Australia	-33.7968	151.1244
2114	West Ryde	New South Wales	Australia	-33.8054	151.0739
2115	Ermington	New South Wales	Australia	-33.8148	151.0547
2116	Rydalmere	New South Wales	Australia	-33.8145	151.0375
2117	Oatlands	New South Wales	Australia	-33.796	151.0271
2118	Carlingford	New South Wales	Australia	-33.7827	151.0489
2119	Beecroft	New South Wales	Australia	-33.7495	151.0648
2120	Thornleigh	New South Wales	Australia	-33.7323	151.079
2121	Epping	New South Wales	Australia	-33.7727	151.0818
2122	Eastwood	New South Wales	Australia	-33.7918	151.0806
2123	Parramatta	New South Wales	Australia	-33.8178	151.0035
2124	Parramatta	New South Wales	Australia	-33.8178	151.0035
2125	West Pennant Hills	New South Wales	Australia	-33.7457	151.0476
2126	Cherrybrook	New South Wales	Australia	-33.722	151.0461
2127	Wentworth Point	New South Wales	Australia	-33.8308	151.0744
2128	Silverwater	New South Wales	Australia	-33.8334	151.0473
2129	Sydney Markets	New South Wales	Australia	-33.7874	151.0624
2130	Summer Hill	New South Wales	Australia	-33.8915	151.1382
2131	Ashfield	New South Wales	Australia	-33.8883	151.1227
2132	Croydon	New South Wales	Australia	-33.8833	151.1167
2133	Enfield South	New South Wales	Australia	-33.8658	151.1016
2134	Burwood	New South Wales	Australia	-33.8833	151.1
2135	Strathfield	New South Wales	Australia	-33.881	151.0799
2136	Strathfield South	New South Wales	Australia	-33.8925	151.0833
2137	Concord	New South Wales	Australia	-33.8472	151.1038
2138	Rhodes	New South Wales	Australia	-33.8266	151.0881
2139	Concord Repatriation Hospital	New South Wales	Australia	-33.8658	151.1016
2140	Homebush West	New South Wales	Australia	-33.8627	151.067
2141	Lidcombe	New South Wales	Australia	-33.8644	151.0397
2142	Granville	New South Wales	Australia	-33.8406	151.0075
2143	Regents Park	New South Wales	Australia	-33.8833	151.0167
2144	Auburn	New South Wales	Australia	-33.85	151.0333
2145	Greystanes	New South Wales	Australia	-33.8235	150.9461
2146	Toongabbie	New South Wales	Australia	-33.7833	150.95
2147	Seven Hills	New South Wales	Australia	-33.7833	150.9333
2148	Blacktown	New South Wales	Australia	-33.7667	150.9167
2150	Parramatta	New South Wales	Australia	-33.8178	151.0035
2151	North Parramatta	New South Wales	Australia	-33.7935	151.0012
2152	Northmead	New South Wales	Australia	-33.7838	150.9986
2153	Baulkham Hills	New South Wales	Australia	-33.7588	150.9929
2154	Castle Hill	New South Wales	Australia	-33.7333	151
2155	Kellyville	New South Wales	Australia	-33.7103	150.951
2156	Glenhaven	New South Wales	Australia	-33.7	151
2157	Glenorie	New South Wales	Australia	-33.6018	151.0089
2158	Dural	New South Wales	Australia	-33.6833	151.0167
2159	Galston	New South Wales	Australia	-33.653	151.0471
2160	Merrylands	New South Wales	Australia	-33.8333	150.9833
2161	Guildford West	New South Wales	Australia	-33.8494	150.9648
2162	Chester Hill	New South Wales	Australia	-33.879	150.9995
2163	Villawood	New South Wales	Australia	-33.8843	150.9803
2164	Smithfield	New South Wales	Australia	-33.85	150.9333
2165	Fairfield	New South Wales	Australia	-33.8667	150.95
2166	Cabramatta	New South Wales	Australia	-33.8974	150.9345
2167	Glenfield	New South Wales	Australia	-33.9667	150.9
2168	Green Valley	New South Wales	Australia	-33.9029	150.8671
2170	Liverpool	New South Wales	Australia	-33.9194	150.9259
2171	West Hoxton	New South Wales	Australia	-33.9339	150.8323
2172	Voyager Point	New South Wales	Australia	-33.9587	150.9742
2173	Wattle Grove	New South Wales	Australia	-33.9544	150.9445
2174	Edmondson Park	New South Wales	Australia	-33.9569	150.8613
2175	Horsley Park	New South Wales	Australia	-33.8432	150.8489
2176	Bossley Park	New South Wales	Australia	-33.8618	150.8841
2177	Bonnyrigg	New South Wales	Australia	-33.8936	150.8891
2178	Kemps Creek	New South Wales	Australia	-33.8806	150.7876
2179	Leppington	New South Wales	Australia	-33.9698	150.7967
2190	Greenacre	New South Wales	Australia	-33.9003	151.0556
2191	Belfield	New South Wales	Australia	-33.9035	151.0847
2192	Belmore	New South Wales	Australia	-33.919	151.0894
2193	Canterbury	New South Wales	Australia	-33.9119	151.1186
2194	Campsie	New South Wales	Australia	-33.9125	151.1028
2195	Lakemba	New South Wales	Australia	-33.9197	151.0759
2196	Punchbowl	New South Wales	Australia	-33.9289	151.0511
2197	Bass Hill	New South Wales	Australia	-33.8986	150.9954
2198	Georges Hall	New South Wales	Australia	-33.9088	150.9885
2199	Yagoona	New South Wales	Australia	-33.9049	151.02
2200	Bankstown	New South Wales	Australia	-33.9167	151.0333
2203	Dulwich Hill	New South Wales	Australia	-33.9041	151.1394
2204	Marrickville	New South Wales	Australia	-33.9074	151.1555
2205	Arncliffe	New South Wales	Australia	-33.9363	151.1482
2206	Earlwood	New South Wales	Australia	-33.9209	151.1251
2207	Bexley	New South Wales	Australia	-33.95	151.1167
2208	Kingsgrove	New South Wales	Australia	-33.9393	151.0993
2209	Beverly Hills	New South Wales	Australia	-33.948	151.0798
2210	Riverwood	New South Wales	Australia	-33.9473	151.0497
2211	Padstow	New South Wales	Australia	-33.9569	151.0319
2212	Revesby	New South Wales	Australia	-33.95	151.0167
2213	Panania	New South Wales	Australia	-33.9537	150.9973
2214	Milperra	New South Wales	Australia	-33.9393	150.9815
2216	Rockdale	New South Wales	Australia	-33.95	151.1333
2217	Kogarah	New South Wales	Australia	-33.9681	151.1356
2218	Carlton	New South Wales	Australia	-33.9711	151.1214
2219	Sans Souci	New South Wales	Australia	-33.9899	151.1333
2220	Hurstville	New South Wales	Australia	-33.9799	151.0903
2221	Blakehurst	New South Wales	Australia	-33.9915	151.1088
2222	Penshurst	New South Wales	Australia	-33.9667	151.0833
2223	Mortdale	New South Wales	Australia	-33.969	151.0723
2224	Sylvania	New South Wales	Australia	-34.0124	151.0972
2225	Oyster Bay	New South Wales	Australia	-34.0041	151.0759
2226	Jannali	New South Wales	Australia	-34.0164	151.0607
2227	Gymea	New South Wales	Australia	-34.0364	151.0853
2228	Miranda	New South Wales	Australia	-34.0386	151.1001
2229	Caringbah South	New South Wales	Australia	-34.0566	151.1215
2230	Cronulla	New South Wales	Australia	-34.0625	151.1496
2231	Kurnell	New South Wales	Australia	-34.0109	151.2051
2232	Sutherland	New South Wales	Australia	-34.031	151.0553
2233	Engadine	New South Wales	Australia	-34.0656	151.0127
2234	Menai	New South Wales	Australia	-34.0167	151.0167
2250	Wyoming	New South Wales	Australia	-33.4039	151.3625
2251	Green Point	New South Wales	Australia	-33.444	151.3682
2252	Central Coast Mc	New South Wales	Australia	-33.333	151.3853
2256	Woy Woy	New South Wales	Australia	-33.4843	151.3247
2257	Umina Beach	New South Wales	Australia	-33.5231	151.3132
2258	Ourimbah	New South Wales	Australia	-33.3142	151.3303
2259	Hamlyn Terrace	New South Wales	Australia	-33.2512	151.4763
2260	Terrigal	New South Wales	Australia	-33.4482	151.4467
2261	Bateau Bay	New South Wales	Australia	-33.3833	151.4667
2262	Blue Haven	New South Wales	Australia	-33.2111	151.5035
2263	Gorokan	New South Wales	Australia	-33.2576	151.5097
2264	Bonnells Bay	New South Wales	Australia	-33.1097	151.5323
2265	Cooranbong	New South Wales	Australia	-33.0762	151.4541
2267	Wangi Wangi	New South Wales	Australia	-33.0718	151.5984
2278	Barnsley	New South Wales	Australia	-32.9333	151.5833
2280	Belmont	New South Wales	Australia	-33.0274	151.6601
2281	Swansea	New South Wales	Australia	-33.0877	151.6375
2282	Warners Bay	New South Wales	Australia	-32.9725	151.6527
2283	Toronto	New South Wales	Australia	-33	151.6
2284	Speers Point	New South Wales	Australia	-32.9638	151.6262
2285	Cameron Park	New South Wales	Australia	-32.907	151.6053
2286	West Wallsend	New South Wales	Australia	-32.9	151.5833
2287	Wallsend	New South Wales	Australia	-32.9013	151.6643
2289	Adamstown	New South Wales	Australia	-32.9382	151.7254
2290	Charlestown	New South Wales	Australia	-32.9683	151.6932
2291	Merewether	New South Wales	Australia	-32.948	151.7433
2292	Broadmeadow	New South Wales	Australia	-32.9237	151.7285
2293	Maryville	New South Wales	Australia	-32.9112	151.7554
2294	Carrington	New South Wales	Australia	-32.915	151.7644
2295	Stockton	New South Wales	Australia	-32.9091	151.7836
2296	Islington	New South Wales	Australia	-32.9139	151.7474
2297	Tighes Hill	New South Wales	Australia	-32.9073	151.7509
2298	Waratah	New South Wales	Australia	-32.9067	151.7265
2299	Lambton	New South Wales	Australia	-32.9167	151.7
2300	Newcastle	New South Wales	Australia	-32.9295	151.7801
2302	Newcastle West	New South Wales	Australia	-32.9245	151.7571
2303	Hamilton	New South Wales	Australia	-32.9221	151.7471
2304	Mayfield	New South Wales	Australia	-32.8979	151.7361
2305	New Lambton	New South Wales	Australia	-32.9284	151.7085
2306	Windale	New South Wales	Australia	-32.9928	151.6817
2307	Shortland	New South Wales	Australia	-32.8788	151.691
2308	Callaghan	New South Wales	Australia	-32.892	151.7053
2309	Dangar	New South Wales	Australia	-33.5386	151.2415
2310	Hunter Region Mc	New South Wales	Australia	-32.5941	151.8862
2311	Lostock	New South Wales	Australia	-32.3333	151.45
2312	Nabiac	New South Wales	Australia	-32.0984	152.3763
2314	Williamtown Raaf	New South Wales	Australia	-32.5941	151.8862
2315	Nelson Bay	New South Wales	Australia	-32.7204	152.144
2316	Anna Bay	New South Wales	Australia	-32.7813	152.0859
2317	Salamander Bay	New South Wales	Australia	-32.7225	152.0794
2318	Medowie	New South Wales	Australia	-32.7415	151.8676
2319	Tanilba Bay	New South Wales	Australia	-32.7471	151.9971
2320	Maitland	New South Wales	Australia	-32.7331	151.5574
2321	Gillieston Heights	New South Wales	Australia	-32.7616	151.5286
2322	Thornton	New South Wales	Australia	-32.7833	151.6333
2323	East Maitland	New South Wales	Australia	-32.75	151.5833
2324	Raymond Terrace	New South Wales	Australia	-32.7595	151.7505
2325	Cessnock	New South Wales	Australia	-32.8321	151.3562
2326	Abermain	New South Wales	Australia	-32.8074	151.4275
2327	Kurri Kurri	New South Wales	Australia	-32.8193	151.4791
2328	Denman	New South Wales	Australia	-32.3879	150.6893
2329	Merriwa	New South Wales	Australia	-32.1392	150.3556
2330	St Clair	New South Wales	Australia	-33.7973	150.7847
2331	Singleton Military Area	New South Wales	Australia	-32.3605	150.9926
2333	Muswellbrook	New South Wales	Australia	-32.2612	150.8901
2334	Greta	New South Wales	Australia	-32.6778	151.3892
2335	Elderslie	New South Wales	Australia	-34.0552	150.7137
2336	Aberdeen	New South Wales	Australia	-32.1659	150.89
2337	Scone	New South Wales	Australia	-32.0501	150.8689
2338	Murrurundi	New South Wales	Australia	-31.7642	150.8358
2339	Big Jacks Creek	New South Wales	Australia	-31.7618	150.6055
2340	Tamworth	New South Wales	Australia	-31.0905	150.929
2341	Werris Creek	New South Wales	Australia	-31.3491	150.6487
2342	Currabubula	New South Wales	Australia	-31.2667	150.7333
2343	Quirindi	New South Wales	Australia	-31.5076	150.679
2344	Duri	New South Wales	Australia	-31.2141	150.8219
2345	Attunga	New South Wales	Australia	-30.9303	150.8468
2346	Manilla	New South Wales	Australia	-30.7475	150.7197
2347	Barraba	New South Wales	Australia	-30.3855	150.609
2348	New England Mc	New South Wales	Australia	-31.0904	150.7649
2350	Armidale	New South Wales	Australia	-30.5012	151.6655
2351	University Of New England	New South Wales	Australia	-30.7539	151.1366
2352	Kootingal	New South Wales	Australia	-31.0586	151.0535
2353	Moonbi	New South Wales	Australia	-31.0177	151.0706
2354	Walcha	New South Wales	Australia	-30.9849	151.5934
2355	Watsons Creek	New South Wales	Australia	-30.7384	151.0513
2356	Gwabegar	New South Wales	Australia	-30.6101	148.9675
2357	Coonabarabran	New South Wales	Australia	-31.2773	149.279
2358	Uralla	New South Wales	Australia	-30.6411	151.5007
2359	Bundarra	New South Wales	Australia	-30.1721	151.0762
2360	Inverell	New South Wales	Australia	-29.774	151.1117
2361	Ashford	New South Wales	Australia	-29.3219	151.0931
2365	Guyra	New South Wales	Australia	-30.2168	151.6678
2369	Tingha	New South Wales	Australia	-29.9559	151.2125
2370	Glen Innes	New South Wales	Australia	-29.7349	151.7385
2371	Emmaville	New South Wales	Australia	-29.4441	151.5979
2372	Tenterfield	New South Wales	Australia	-29.0495	152.0195
2379	Napier Lane	New South Wales	Australia	-31.2986	149.4386
2380	Gunnedah	New South Wales	Australia	-30.9807	150.2584
2381	Curlewis	New South Wales	Australia	-31.1167	150.2675
2382	Boggabri	New South Wales	Australia	-30.7095	150.0412
2386	Drildool	New South Wales	Australia	-30.0985	148.9679
2387	Bulyeroi	New South Wales	Australia	-29.8169	148.909
2388	Wee Waa	New South Wales	Australia	-30.2266	149.4404
2390	Narrabri	New South Wales	Australia	-30.3249	149.7827
2395	Binnaway	New South Wales	Australia	-31.5523	149.3787
2396	Baradine	New South Wales	Australia	-30.9487	149.0692
2397	Bellata	New South Wales	Australia	-29.9191	149.7889
2398	Gurley	New South Wales	Australia	-29.7333	149.8
2399	Milguy	New South Wales	Australia	-29.5088	150.1687
2400	Moree	New South Wales	Australia	-29.4628	149.8416
2401	Gravesend	New South Wales	Australia	-29.5833	150.3331
2402	Warialda	New South Wales	Australia	-29.5435	150.5754
2403	Delungra	New South Wales	Australia	-29.654	150.83
2404	Bingara	New South Wales	Australia	-29.8693	150.572
2405	Boomi	New South Wales	Australia	-28.7233	149.5794
2406	Mungindi	Queensland	Australia	-29.0185	149.2548
2408	Yallaroi	New South Wales	Australia	-29.1167	150.4833
2409	Boggabilla	New South Wales	Australia	-28.6048	150.3593
2410	Yetman	New South Wales	Australia	-28.9043	150.7769
2411	Croppa Creek	New South Wales	Australia	-29.1331	150.3014
2415	Stroud Road	New South Wales	Australia	-32.35	151.9333
2420	Dungog	New South Wales	Australia	-32.4043	151.7519
2421	Summer Hill	New South Wales	Australia	-33.8915	151.1382
2422	Gloucester	New South Wales	Australia	-32.0077	151.9633
2423	Bulahdelah	New South Wales	Australia	-32.407	152.2119
2424	Mount George	New South Wales	Australia	-31.8884	152.1854
2425	Stroud	New South Wales	Australia	-32.4037	151.967
2426	Coopernook	New South Wales	Australia	-31.8254	152.6114
2427	Harrington	New South Wales	Australia	-31.8831	152.6592
2428	Forster	New South Wales	Australia	-32.1814	152.5172
2429	Wingham	New South Wales	Australia	-31.8668	152.3699
2430	Taree	New South Wales	Australia	-31.911	152.4539
2431	South West Rocks	New South Wales	Australia	-30.8855	153.0413
2439	Kendall	New South Wales	Australia	-31.633	152.7039
2440	Kempsey	New South Wales	Australia	-31.079	152.8309
2441	Bonville	New South Wales	Australia	-30.3828	153.0596
2442	Kempsey Msc	New South Wales	Australia	-31.1338	152.7068
2443	North Haven	New South Wales	Australia	-31.6368	152.8136
2444	Port Macquarie	New South Wales	Australia	-31.4308	152.9089
2445	Lake Cathie	New South Wales	Australia	-31.5518	152.8546
2446	Wauchope	New South Wales	Australia	-31.4579	152.7262
2447	Macksville	New South Wales	Australia	-30.7078	152.9203
2448	Nambucca Heads	New South Wales	Australia	-30.6432	153.0088
2449	Bowraville	New South Wales	Australia	-30.65	152.8515
2450	Coffs Harbour	New South Wales	Australia	-30.2963	153.1135
2452	Toormina	New South Wales	Australia	-30.3538	153.0884
2453	Dorrigo	New South Wales	Australia	-30.3411	152.7139
2454	Bellingen	New South Wales	Australia	-30.4529	152.8991
2455	Urunga	New South Wales	Australia	-30.497	153.0142
2456	Woolgoolga	New South Wales	Australia	-30.1106	153.2007
2460	Grafton	New South Wales	Australia	-29.681	152.9339
2462	Ulmarra	New South Wales	Australia	-29.6329	153.0308
2463	Maclean	New South Wales	Australia	-29.4581	153.1975
2464	Yamba	New South Wales	Australia	-29.4375	153.3591
2465	Harwood	New South Wales	Australia	-29.4258	153.2418
2466	Iluka	New South Wales	Australia	-29.4015	153.3511
2469	Woombah	New South Wales	Australia	-29.3618	153.2824
2470	Casino	New South Wales	Australia	-28.8582	153.0475
2471	Coraki	New South Wales	Australia	-28.9926	153.2837
2472	Woodburn	New South Wales	Australia	-29.0716	153.3461
2473	Evans Head	New South Wales	Australia	-29.1178	153.4307
2474	Kyogle	New South Wales	Australia	-28.6228	152.9974
2475	Urbenville	New South Wales	Australia	-28.4732	152.5494
2476	The Glen	New South Wales	Australia	-28.8491	152.8424
2477	Alstonville	New South Wales	Australia	-28.8419	153.4402
2478	Ballina	New South Wales	Australia	-28.8641	153.5654
2479	Bangalow	New South Wales	Australia	-28.6863	153.5215
2480	Goonellabah	New South Wales	Australia	-28.8167	153.3167
2481	Byron Bay	New South Wales	Australia	-28.6499	153.6125
2482	Mullumbimby	New South Wales	Australia	-28.5524	153.4996
2483	Ocean Shores	New South Wales	Australia	-28.5093	153.5376
2484	Murwillumbah	New South Wales	Australia	-28.3273	153.3934
2485	Tweed Heads	New South Wales	Australia	-28.1767	153.5452
2486	Banora Point	New South Wales	Australia	-28.213	153.5363
2487	Kingscliff	New South Wales	Australia	-28.2598	153.5782
2488	Bogangar	New South Wales	Australia	-28.3294	153.5686
2489	Pottsville	New South Wales	Australia	-28.3874	153.5586
2490	North Tumbulgum	New South Wales	Australia	-28.2621	153.4718
2500	Wollongong	New South Wales	Australia	-34.424	150.8934
2502	Warrawong	New South Wales	Australia	-34.485	150.8883
2505	Port Kembla	New South Wales	Australia	-34.4818	150.9012
2506	Berkeley	New South Wales	Australia	-34.4833	150.85
2508	Helensburgh	New South Wales	Australia	-34.1784	150.9952
2515	Thirroul	New South Wales	Australia	-34.316	150.9214
2516	Bulli	New South Wales	Australia	-34.3383	150.9135
2517	Woonona	New South Wales	Australia	-34.3493	150.9144
2518	Corrimal	New South Wales	Australia	-34.3786	150.9036
2519	Fairy Meadow	New South Wales	Australia	-34.393	150.8928
2520	Wollongong	New South Wales	Australia	-34.424	150.8934
2522	University Of Wollongong	New South Wales	Australia	-34.5321	150.8196
2525	Figtree	New South Wales	Australia	-34.4356	150.8583
2526	Unanderra	New South Wales	Australia	-34.4531	150.8475
2527	Albion Park	New South Wales	Australia	-34.5713	150.7757
2528	Warilla	New South Wales	Australia	-34.5519	150.8583
2529	Flinders	New South Wales	Australia	-34.5833	150.8552
2530	Dapto	New South Wales	Australia	-34.5039	150.7942
2533	Kiama	New South Wales	Australia	-34.6683	150.8522
2534	Gerringong	New South Wales	Australia	-34.747	150.8281
2535	Shoalhaven Heads	New South Wales	Australia	-34.8509	150.7451
2536	Batemans Bay	New South Wales	Australia	-35.7066	150.1754
2537	Moruya	New South Wales	Australia	-35.9125	150.0814
2538	Milton	New South Wales	Australia	-35.3164	150.4361
2539	Ulladulla	New South Wales	Australia	-35.3591	150.4725
2540	Sanctuary Point	New South Wales	Australia	-35.1036	150.6267
2541	Nowra	New South Wales	Australia	-34.8842	150.6004
2545	Bodalla	New South Wales	Australia	-36.0912	150.0506
2546	Narooma	New South Wales	Australia	-36.2178	150.1325
2548	Merimbula	New South Wales	Australia	-36.889	149.9096
2549	Pambula	New South Wales	Australia	-36.9301	149.8745
2550	Bega	New South Wales	Australia	-36.6739	149.8418
2551	Eden	New South Wales	Australia	-37.0667	149.9003
2555	Badgerys Creek	New South Wales	Australia	-33.8907	150.7427
2556	Bringelly	New South Wales	Australia	-33.9333	150.7333
2557	Gregory Hills	New South Wales	Australia	-34.0267	150.7707
2558	Eagle Vale	New South Wales	Australia	-34.0375	150.8136
2559	Claymore	New South Wales	Australia	-34.0465	150.8111
2560	Campbelltown	New South Wales	Australia	-34.0667	150.8167
2563	Menangle Park	New South Wales	Australia	-34.1044	150.7507
2564	Macquarie Fields	New South Wales	Australia	-33.9921	150.8931
2565	Ingleburn	New South Wales	Australia	-34	150.8667
2566	Minto	New South Wales	Australia	-34.0333	150.85
2567	Mount Annan	New South Wales	Australia	-34.0529	150.7598
2568	Menangle	New South Wales	Australia	-34.1268	150.7387
2569	Douglas Park	New South Wales	Australia	-34.185	150.7145
2570	Oran Park	New South Wales	Australia	-34.0056	150.7403
2571	Picton	New South Wales	Australia	-34.1699	150.6117
2572	Thirlmere	New South Wales	Australia	-34.2046	150.5677
2573	Tahmoor	New South Wales	Australia	-34.2225	150.5947
2574	Bargo	New South Wales	Australia	-34.293	150.5781
2575	Mittagong	New South Wales	Australia	-34.45	150.4457
2576	Bowral	New South Wales	Australia	-34.4775	150.4204
2577	Moss Vale	New South Wales	Australia	-34.5537	150.3712
2578	Bundanoon	New South Wales	Australia	-34.6566	150.2962
2579	Marulan	New South Wales	Australia	-34.7084	150.0097
2580	Goulburn	New South Wales	Australia	-34.7515	149.7209
2581	Gunning	New South Wales	Australia	-34.7825	149.2662
2582	Yass	New South Wales	Australia	-34.8404	148.9099
2583	Crookwell	New South Wales	Australia	-34.4593	149.4714
2584	Binalong	New South Wales	Australia	-34.6717	148.6348
2585	Galong	New South Wales	Australia	-34.6	148.55
2586	Boorowa	New South Wales	Australia	-34.4366	148.7163
2587	Beggan Beggan	New South Wales	Australia	-34.6818	148.2679
2588	Cullinga	New South Wales	Australia	-34.5333	148.15
2590	Cootamundra	New South Wales	Australia	-34.6409	148.0284
2594	Young	New South Wales	Australia	-34.3135	148.3011
2600	Canberra	Australian Capital Territory	Australia	-35.2835	149.1281
2601	Canberra	Australian Capital Territory	Australia	-35.2835	149.1281
2602	Watson	Australian Capital Territory	Australia	-35.2381	149.1527
2603	Griffith	Australian Capital Territory	Australia	-35.3253	149.1371
2604	Narrabundah	Australian Capital Territory	Australia	-35.3357	149.1492
2605	Curtin	Australian Capital Territory	Australia	-35.3246	149.0776
2606	Phillip	Australian Capital Territory	Australia	-35.3503	149.0915
2607	Mawson	Australian Capital Territory	Australia	-35.3634	149.0986
2608	Civic Square	Australian Capital Territory	Australia	-35.312	149.1294
2609	Symonston	Australian Capital Territory	Australia	-35.3516	149.1592
2610	Canberra Bc	Australian Capital Territory	Australia	-35.27	149.0452
2611	Weston	Australian Capital Territory	Australia	-35.3358	149.0593
2612	Braddon	Australian Capital Territory	Australia	-35.2708	149.1357
2614	Page	Australian Capital Territory	Australia	-35.2386	149.0499
2615	Dunlop	Australian Capital Territory	Australia	-35.194	149.0198
2616	Belconnen	Australian Capital Territory	Australia	-35.238	149.0663
2617	Bruce	Australian Capital Territory	Australia	-35.2441	149.0908
2618	Wallaroo	New South Wales	Australia	-35.1468	149.0128
2619	Jerrabomberra	New South Wales	Australia	-35.3844	149.2025
2620	Karabar	New South Wales	Australia	-35.376	149.2328
2621	Bungendore	New South Wales	Australia	-35.2538	149.4401
2622	Braidwood	New South Wales	Australia	-35.4415	149.7998
2623	Captains Flat	New South Wales	Australia	-35.5911	149.4452
2624	Perisher Valley	New South Wales	Australia	-36.406	148.4117
2625	Thredbo Village	New South Wales	Australia	-36.5068	148.3055
2626	Bredbo	New South Wales	Australia	-35.95	149.15
2627	Kosciuszko National Park	New South Wales	Australia	-36.2644	148.4818
2628	Berridale	New South Wales	Australia	-36.3667	148.8277
2629	Long Plain	New South Wales	Australia	-36.0083	148.7028
2630	Cooma	New South Wales	Australia	-36.2352	149.1241
2631	Jincumbilly	New South Wales	Australia	-36.7167	149.2167
2632	Bombala	New South Wales	Australia	-36.9121	149.2367
2633	Corrowong	New South Wales	Australia	-36.9298	148.8238
2640	Thurgoona	New South Wales	Australia	-36.0363	146.9961
2641	Lavington	New South Wales	Australia	-36.0398	146.9396
2642	Jindera	New South Wales	Australia	-35.9547	146.8885
2643	Howlong	New South Wales	Australia	-35.982	146.6325
2644	Holbrook	New South Wales	Australia	-35.721	147.316
2645	Coonong	New South Wales	Australia	-35.2488	146.4092
2646	Corowa	New South Wales	Australia	-35.997	146.3855
2647	Mulwala	New South Wales	Australia	-35.9854	146.0053
2648	Wentworth	New South Wales	Australia	-34.1073	141.9131
2649	Laurel Hill	New South Wales	Australia	-35.6033	148.0915
2650	Wagga Wagga	New South Wales	Australia	-35.1258	147.3537
2651	Forest Hill	New South Wales	Australia	-35.1481	147.4671
2652	Uranquinty	New South Wales	Australia	-35.1935	147.246
2653	Glenroy	New South Wales	Australia	-36.0502	146.9106
2655	The Rock	New South Wales	Australia	-35.273	147.1138
2656	Lockhart	New South Wales	Australia	-35.2233	146.7182
2658	Henty	New South Wales	Australia	-35.5209	147.0343
2659	Walla Walla	New South Wales	Australia	-35.7622	146.9011
2660	Culcairn	New South Wales	Australia	-35.6667	147.0385
2661	Kapooka	New South Wales	Australia	-35.1569	147.2844
2663	Junee	New South Wales	Australia	-34.8682	147.5827
2665	Barellan	New South Wales	Australia	-34.2849	146.5722
2666	Temora	New South Wales	Australia	-34.4483	147.5356
2668	Barmedman	New South Wales	Australia	-34.1449	147.3873
2669	Ungarie	New South Wales	Australia	-33.6417	146.975
2671	West Wyalong	New South Wales	Australia	-33.9237	147.2047
2672	Lake Cargelligo	New South Wales	Australia	-33.2988	146.373
2675	Hillston	New South Wales	Australia	-33.4827	145.5353
2678	Charles Sturt University	New South Wales	Australia	-35.0608	147.3542
2680	Griffith	New South Wales	Australia	-34.2885	146.0509
2681	Yenda	New South Wales	Australia	-34.2453	146.2027
2700	Narrandera	New South Wales	Australia	-34.7475	146.551
2701	Coolamon	New South Wales	Australia	-34.8164	147.1958
2702	Ganmain	New South Wales	Australia	-34.7932	147.0391
2703	Yanco	New South Wales	Australia	-34.5985	146.4095
2705	Leeton	New South Wales	Australia	-34.551	146.4048
2706	Darlington Point	New South Wales	Australia	-34.5694	145.9987
2707	Coleambally	New South Wales	Australia	-34.8039	145.8804
2708	Albury Msc	New South Wales	Australia	-34.7062	146.4742
2710	Deniliquin	New South Wales	Australia	-35.5324	144.9536
2711	Hay	New South Wales	Australia	-34.509	144.8431
2712	Berrigan	New South Wales	Australia	-35.6588	145.8114
2713	Finley	New South Wales	Australia	-35.655	145.5711
2714	Tocumwal	New South Wales	Australia	-35.8115	145.5692
2715	Balranald	New South Wales	Australia	-34.6365	143.5614
2716	Jerilderie	New South Wales	Australia	-35.3576	145.7296
2717	Coomealla	New South Wales	Australia	-34.0981	142.0925
2720	Tumut	New South Wales	Australia	-35.3064	148.2182
2721	Bland	New South Wales	Australia	-33.9833	147.6833
2722	Gundagai	New South Wales	Australia	-35.0635	148.1037
2725	Stockinbingal	New South Wales	Australia	-34.4989	147.882
2726	Jugiong	New South Wales	Australia	-34.8333	148.3333
2727	Adjungbilly	New South Wales	Australia	-35.0861	148.4147
2729	Adelong	New South Wales	Australia	-35.3049	148.069
2730	Batlow	New South Wales	Australia	-35.5199	148.1473
2731	Moama	New South Wales	Australia	-36.1041	144.7608
2732	Barham	New South Wales	Australia	-35.6265	144.129
2733	Moulamein	New South Wales	Australia	-35.0906	144.0363
2734	Stony Crossing	New South Wales	Australia	-35.0813	143.5498
2735	Koraleigh	New South Wales	Australia	-35.1286	143.4404
2736	Tooleybuc	New South Wales	Australia	-35.0318	143.3346
2737	Euston	New South Wales	Australia	-34.5744	142.7448
2738	Gol Gol	New South Wales	Australia	-34.1788	142.2215
2739	Buronga	New South Wales	Australia	-34.1707	142.1735
2745	Glenmore Park	New South Wales	Australia	-33.7907	150.6693
2747	Cambridge Park	New South Wales	Australia	-33.7478	150.7221
2748	Orchard Hills	New South Wales	Australia	-33.7823	150.7109
2749	Cranebrook	New South Wales	Australia	-33.7061	150.7094
2750	Penrith	New South Wales	Australia	-33.75	150.7
2751	Penrith	New South Wales	Australia	-33.75	150.7
2752	Silverdale	New South Wales	Australia	-33.9152	150.6096
2753	Richmond	New South Wales	Australia	-33.5996	150.7514
2754	North Richmond	New South Wales	Australia	-33.5812	150.7194
2756	Bligh Park	New South Wales	Australia	-33.6398	150.8025
2757	Kurmond	New South Wales	Australia	-33.5533	150.6947
2758	Kurrajong	New South Wales	Australia	-33.5277	150.6291
2759	St Clair	New South Wales	Australia	-33.7973	150.7847
2760	Colyton	New South Wales	Australia	-33.7828	150.7968
2761	Plumpton	New South Wales	Australia	-33.7518	150.8369
2762	Schofields	New South Wales	Australia	-33.7167	150.8667
2763	Quakers Hill	New South Wales	Australia	-33.7333	150.8833
2765	Riverstone	New South Wales	Australia	-33.6833	150.8667
2766	Rooty Hill	New South Wales	Australia	-33.7667	150.8333
2767	Doonside	New South Wales	Australia	-33.7667	150.8667
2768	Glenwood	New South Wales	Australia	-33.7333	150.9328
2769	The Ponds	New South Wales	Australia	-33.7023	150.9109
2770	Mount Druitt	New South Wales	Australia	-33.7667	150.8167
2773	Glenbrook	New South Wales	Australia	-33.7667	150.6167
2774	Blaxland	New South Wales	Australia	-33.75	150.6
2775	Singletons Mill	New South Wales	Australia	-33.3703	151.0137
2776	Faulconbridge	New South Wales	Australia	-33.7	150.5333
2777	Springwood	New South Wales	Australia	-33.7	150.55
2778	Woodford	New South Wales	Australia	-33.7333	150.4833
2779	Hazelbrook	New South Wales	Australia	-33.7245	150.4584
2780	Katoomba	New South Wales	Australia	-33.7198	150.3074
2782	Wentworth Falls	New South Wales	Australia	-33.7103	150.3753
2783	Lawson	New South Wales	Australia	-33.7206	150.4297
2784	Bullaburra	New South Wales	Australia	-33.7292	150.4177
2785	Blackheath	New South Wales	Australia	-33.6357	150.2832
2786	Mount Victoria	New South Wales	Australia	-33.591	150.2554
2787	Mayfield	New South Wales	Australia	-32.8979	151.7361
2790	Lithgow	New South Wales	Australia	-33.4845	150.149
2791	Errowanbang	New South Wales	Australia	-33.5482	149.0437
2792	Burnt Yards	New South Wales	Australia	-33.5833	149.0167
2793	Woodstock	New South Wales	Australia	-33.7446	148.8489
2794	Cowra	New South Wales	Australia	-33.8355	148.6966
2795	Bathurst	New South Wales	Australia	-33.4166	149.5806
2797	Garland	New South Wales	Australia	-33.7167	149.0333
2798	Millthorpe	New South Wales	Australia	-33.446	149.1854
2799	Blayney	New South Wales	Australia	-33.5323	149.2537
2800	Orange	New South Wales	Australia	-33.284	149.1002
2803	Wirrimah	New South Wales	Australia	-34.119	148.407
2804	Canowindra	New South Wales	Australia	-33.5625	148.6643
2805	Gooloogong	New South Wales	Australia	-33.6241	148.409
2806	Eugowra	New South Wales	Australia	-33.4273	148.3714
2807	Koorawatha	New South Wales	Australia	-34.0378	148.5561
2808	Wyangala	New South Wales	Australia	-33.968	148.9482
2809	Greenethorpe	New South Wales	Australia	-34	148.4
2810	Grenfell	New South Wales	Australia	-33.8955	148.1644
2817	Tooraweenah	New South Wales	Australia	-31.4333	148.9
2818	Geurie	New South Wales	Australia	-32.4006	148.8303
2820	Wellington	New South Wales	Australia	-32.5559	148.9451
2821	Narromine	New South Wales	Australia	-32.2312	148.2405
2822	Eumungerie	New South Wales	Australia	-31.95	148.6215
2823	Trangie	New South Wales	Australia	-32.0315	147.9834
2824	Red Hill	New South Wales	Australia	-35.0523	149.1643
2825	Nyngan	New South Wales	Australia	-31.5638	147.1937
2826	Bogan	New South Wales	Australia	-31.8478	147.7215
2827	Gilgandra	New South Wales	Australia	-31.7117	148.6625
2828	Gulargambone	New South Wales	Australia	-31.3353	148.4725
2829	Coonamble	New South Wales	Australia	-30.9539	148.3888
2830	Dubbo	New South Wales	Australia	-32.243	148.6048
2831	Wongarbon	New South Wales	Australia	-32.3328	148.7593
2832	Walgett	New South Wales	Australia	-30.0246	148.1157
2833	Collarenebri	New South Wales	Australia	-29.5438	148.5759
2834	Lightning Ridge	New South Wales	Australia	-29.4274	147.9787
2835	Cobar	New South Wales	Australia	-31.4967	145.8344
2836	Wilcannia	New South Wales	Australia	-31.5588	143.3769
2838	Goodooga	New South Wales	Australia	-29.1131	147.4525
2839	Brewarrina	New South Wales	Australia	-29.9607	146.8599
2840	Bourke	New South Wales	Australia	-30.0901	145.9365
2842	Mendooran	New South Wales	Australia	-31.8229	149.1222
2843	Coolah	New South Wales	Australia	-31.8279	149.7156
2844	Dunedoo	New South Wales	Australia	-32.0163	149.3871
2845	Wallerawang	New South Wales	Australia	-33.411	150.0646
2846	Kangaroo Flat	New South Wales	Australia	-31.1312	152.1335
2847	Portland	New South Wales	Australia	-33.3571	149.9815
2848	Kandos	New South Wales	Australia	-32.8577	149.9683
2849	Rylstone	New South Wales	Australia	-32.7995	149.9694
2850	Mudgee	New South Wales	Australia	-32.5943	149.5871
2852	Gulgong	New South Wales	Australia	-32.3625	149.532
2864	Cudal	New South Wales	Australia	-33.2856	148.7407
2865	Manildra	New South Wales	Australia	-33.1825	148.6891
2866	Molong	New South Wales	Australia	-33.0923	148.87
2867	Loombah	New South Wales	Australia	-32.8812	148.6995
2868	North Yeoval	New South Wales	Australia	-32.7386	148.6571
2869	Peak Hill	New South Wales	Australia	-32.7239	148.1905
2870	Parkes	New South Wales	Australia	-33.1372	148.1759
2871	Forbes	New South Wales	Australia	-33.3844	148.0076
2873	Lansdale	New South Wales	Australia	-32.2304	147.1756
2874	Yethera	New South Wales	Australia	-32.55	147.5833
2875	Trundle	New South Wales	Australia	-32.9248	147.7105
2876	Gunning Gap	New South Wales	Australia	-33.1231	147.9104
2877	Condobolin	New South Wales	Australia	-33.0888	147.1514
2878	Trida	New South Wales	Australia	-33.0203	145.017
2879	Menindee	New South Wales	Australia	-32.3929	142.4182
2880	Broken Hill	New South Wales	Australia	-31.9652	141.4512
2890	Australian Defence Forces	New South Wales	Australia	-32.3918	148.3941
2891	International Mc	New South Wales	Australia	-32.3918	148.3941
2898	Lord Howe Island	New South Wales	Australia	-32.3918	148.3941
2899	Norfolk Island	New South Wales	Australia	-32.3918	148.3941
2900	Tuggeranong	Australian Capital Territory	Australia	-35.4165	149.0695
2901	Tuggeranong Dc	Australian Capital Territory	Australia	-35.4247	149.0982
2902	Kambah	Australian Capital Territory	Australia	-35.3862	149.058
2903	Wanniassa	Australian Capital Territory	Australia	-35.3978	149.0909
2904	Monash	Australian Capital Territory	Australia	-35.4158	149.0906
2905	Calwell	Australian Capital Territory	Australia	-35.4404	149.1071
2906	Gordon	Australian Capital Territory	Australia	-35.4568	149.085
2911	Crace	Australian Capital Territory	Australia	-35.2028	149.1074
2912	Gungahlin	Australian Capital Territory	Australia	-35.1867	149.1362
2913	Ngunnawal	Australian Capital Territory	Australia	-35.1728	149.1115
2914	Harrison	Australian Capital Territory	Australia	-35.1991	149.1563
3000	Melbourne	Victoria	Australia	-37.814	144.9633
3001	Melbourne	Victoria	Australia	-37.814	144.9633
3002	East Melbourne	Victoria	Australia	-37.8167	144.9879
3003	West Melbourne	Victoria	Australia	-37.8101	144.95
3004	Melbourne	Victoria	Australia	-37.814	144.9633
3005	World Trade Centre	Victoria	Australia	-37.8165	144.9619
3006	Southbank	Victoria	Australia	-37.8228	144.9643
3008	Docklands	Victoria	Australia	-37.8149	144.9505
3010	University Of Melbourne	Victoria	Australia	-37.8233	144.8733
3011	Footscray	Victoria	Australia	-37.8	144.9
3012	West Footscray	Victoria	Australia	-37.7975	144.8773
3013	Yarraville	Victoria	Australia	-37.8167	144.9
3015	Newport	Victoria	Australia	-37.8443	144.8848
3016	Williamstown	Victoria	Australia	-37.8635	144.899
3018	Altona	Victoria	Australia	-37.8696	144.8304
3019	Braybrook	Victoria	Australia	-37.7867	144.8548
3020	Sunshine West	Victoria	Australia	-37.7912	144.8164
3021	St Albans	Victoria	Australia	-37.745	144.8005
3022	Ardeer	Victoria	Australia	-37.7759	144.8014
3023	Caroline Springs	Victoria	Australia	-37.7412	144.7363
3024	Wyndham Vale	Victoria	Australia	-37.8914	144.6237
3025	Altona North	Victoria	Australia	-37.8349	144.8474
3026	Derrimut	Victoria	Australia	-37.7924	144.7699
3027	Williams Landing	Victoria	Australia	-37.8619	144.7437
3028	Altona Meadows	Victoria	Australia	-37.8841	144.7837
3029	Tarneit	Victoria	Australia	-37.8363	144.6595
3030	Point Cook	Victoria	Australia	-37.9148	144.7509
3031	Kensington	Victoria	Australia	-37.7919	144.9311
3032	Ascot Vale	Victoria	Australia	-37.7799	144.9228
3033	Keilor East	Victoria	Australia	-37.7326	144.865
3034	Avondale Heights	Victoria	Australia	-37.7616	144.8626
3036	Keilor	Victoria	Australia	-37.7167	144.8333
3037	Hillside	Victoria	Australia	-37.6905	144.7417
3038	Taylors Lakes	Victoria	Australia	-37.6986	144.7863
3039	Moonee Ponds	Victoria	Australia	-37.7667	144.9167
3040	Essendon	Victoria	Australia	-37.7498	144.9109
3041	Strathmore	Victoria	Australia	-37.7267	144.9004
3042	Airport West	Victoria	Australia	-37.7247	144.8813
3043	Gladstone Park	Victoria	Australia	-37.6874	144.8868
3044	Pascoe Vale	Victoria	Australia	-37.7333	144.9333
3045	Melbourne Airport	Victoria	Australia	-37.6743	144.8518
3046	Glenroy	Victoria	Australia	-37.7	144.9333
3047	Broadmeadows	Victoria	Australia	-37.6802	144.9188
3048	Meadow Heights	Victoria	Australia	-37.6512	144.9186
3049	Westmeadows	Victoria	Australia	-37.676	144.887
3050	Royal Melbourne Hospital	Victoria	Australia	-37.761	144.9517
3051	North Melbourne	Victoria	Australia	-37.798	144.9451
3052	Parkville	Victoria	Australia	-37.7833	144.95
3053	Carlton	Victoria	Australia	-37.8	144.9667
3054	Carlton North	Victoria	Australia	-37.7882	144.9701
3055	Brunswick West	Victoria	Australia	-37.7646	144.9438
3056	Brunswick	Victoria	Australia	-37.7667	144.9667
3057	Brunswick East	Victoria	Australia	-37.7725	144.9724
3058	Coburg	Victoria	Australia	-37.75	144.9667
3059	Greenvale	Victoria	Australia	-37.6333	144.8667
3060	Fawkner	Victoria	Australia	-37.7167	144.9667
3061	Campbellfield	Victoria	Australia	-37.6639	144.9595
3062	Somerton	Victoria	Australia	-37.6334	144.9504
3063	Oaklands Junction	Victoria	Australia	-37.615	144.8434
3064	Craigieburn	Victoria	Australia	-37.6	144.95
3065	Fitzroy	Victoria	Australia	-37.7984	144.9783
3066	Collingwood	Victoria	Australia	-37.8025	144.9887
3067	Abbotsford	Victoria	Australia	-37.8	145
3068	Fitzroy North	Victoria	Australia	-37.7886	144.9788
3070	Northcote	Victoria	Australia	-37.7667	145
3071	Thornbury	Victoria	Australia	-37.7582	145.0058
3072	Preston	Victoria	Australia	-37.75	145.0167
3073	Reservoir	Victoria	Australia	-37.7167	145
3074	Thomastown	Victoria	Australia	-37.6833	145.0167
3075	Lalor	Victoria	Australia	-37.6667	145.0167
3076	Epping	Victoria	Australia	-37.65	145.0333
3078	Fairfield	Victoria	Australia	-37.7798	145.0176
3079	Ivanhoe	Victoria	Australia	-37.769	145.0431
3081	Heidelberg Heights	Victoria	Australia	-37.7431	145.057
3082	Mill Park	Victoria	Australia	-37.6667	145.0667
3083	Bundoora	Victoria	Australia	-37.6982	145.0597
3084	Rosanna	Victoria	Australia	-37.739	145.0674
3085	Macleod	Victoria	Australia	-37.723	145.073
3086	La Trobe University	Victoria	Australia	-37.7179	145.0818
3087	Watsonia	Victoria	Australia	-37.7167	145.0833
3088	Greensborough	Victoria	Australia	-37.7046	145.103
3089	Diamond Creek	Victoria	Australia	-37.6667	145.15
3090	Plenty	Victoria	Australia	-37.6667	145.1167
3091	Yarrambat	Victoria	Australia	-37.6375	145.1349
3093	Lower Plenty	Victoria	Australia	-37.7333	145.1167
3094	Montmorency	Victoria	Australia	-37.7167	145.1167
3095	Eltham	Victoria	Australia	-37.7333	145.15
3096	Wattle Glen	Victoria	Australia	-37.6667	145.1833
3097	Kangaroo Ground	Victoria	Australia	-37.6892	145.2317
3099	Hurstbridge	Victoria	Australia	-37.6416	145.1941
3101	Kew	Victoria	Australia	-37.8064	145.0309
3102	Kew East	Victoria	Australia	-37.7976	145.0538
3103	Balwyn	Victoria	Australia	-37.8096	145.0827
3104	Balwyn North	Victoria	Australia	-37.7909	145.0939
3105	Bulleen	Victoria	Australia	-37.7667	145.0833
3106	Templestowe	Victoria	Australia	-37.754	145.1486
3107	Templestowe Lower	Victoria	Australia	-37.7667	145.1167
3108	Doncaster	Victoria	Australia	-37.7883	145.1237
3109	Doncaster East	Victoria	Australia	-37.7876	145.1489
3111	Donvale	Victoria	Australia	-37.7891	145.1749
3113	Warrandyte	Victoria	Australia	-37.75	145.2333
3114	Park Orchards	Victoria	Australia	-37.7769	145.2146
3115	Wonga Park	Victoria	Australia	-37.7333	145.2667
3116	Chirnside Park	Victoria	Australia	-37.7386	145.3143
3121	Richmond	Victoria	Australia	-37.8182	145.0018
3122	Hawthorn	Victoria	Australia	-37.8199	145.0358
3123	Hawthorn East	Victoria	Australia	-37.8248	145.0464
3124	Camberwell	Victoria	Australia	-37.8421	145.0694
3125	Burwood	Victoria	Australia	-37.8498	145.119
3126	Canterbury	Victoria	Australia	-37.8247	145.0848
3127	Surrey Hills	Victoria	Australia	-37.8167	145.1
3128	Box Hill	Victoria	Australia	-37.8189	145.1254
3129	Box Hill North	Victoria	Australia	-37.8027	145.1266
3130	Blackburn	Victoria	Australia	-37.819	145.1533
3131	Nunawading	Victoria	Australia	-37.8204	145.1731
3132	Mitcham	Victoria	Australia	-37.8167	145.2
3133	Vermont South	Victoria	Australia	-37.8575	145.1827
3134	Ringwood	Victoria	Australia	-37.8167	145.2333
3135	Ringwood East	Victoria	Australia	-37.8167	145.25
3136	Croydon	Victoria	Australia	-37.8	145.2833
3137	Kilsyth	Victoria	Australia	-37.8	145.3167
3138	Mooroolbark	Victoria	Australia	-37.7825	145.3168
3139	Wandin North	Victoria	Australia	-37.7833	145.4333
3140	Lilydale	Victoria	Australia	-37.75	145.35
3141	South Yarra	Victoria	Australia	-37.8383	144.9915
3142	Toorak	Victoria	Australia	-37.8416	145.0144
3143	Armadale	Victoria	Australia	-37.8554	145.0205
3144	Malvern	Victoria	Australia	-37.8626	145.0281
3145	Malvern East	Victoria	Australia	-37.874	145.0425
3146	Glen Iris	Victoria	Australia	-37.8667	145.0667
3147	Ashburton	Victoria	Australia	-37.8667	145.0833
3148	Chadstone	Victoria	Australia	-37.8877	145.0952
3149	Mount Waverley	Victoria	Australia	-37.8771	145.1294
3150	Glen Waverley	Victoria	Australia	-37.8781	145.1648
3151	Burwood East	Victoria	Australia	-37.85	145.15
3152	Wantirna South	Victoria	Australia	-37.8833	145.2167
3153	Bayswater	Victoria	Australia	-37.85	145.2667
3154	The Basin	Victoria	Australia	-37.85	145.3167
3155	Boronia	Victoria	Australia	-37.8667	145.2833
3156	Ferntree Gully	Victoria	Australia	-37.8846	145.2954
3158	Upwey	Victoria	Australia	-37.9	145.3333
3159	Selby	Victoria	Australia	-37.9167	145.3833
3160	Belgrave	Victoria	Australia	-37.9109	145.3536
3161	Caulfield North	Victoria	Australia	-37.8739	145.0249
3162	Caulfield South	Victoria	Australia	-37.8956	145.026
3163	Carnegie	Victoria	Australia	-37.8936	145.0553
3164	Dandenong South	Victoria	Australia	-37.9833	145.2
3165	Bentleigh East	Victoria	Australia	-37.9193	145.053
3166	Oakleigh	Victoria	Australia	-37.8981	145.0884
3167	Oakleigh South	Victoria	Australia	-37.9	145.1
3168	Clayton	Victoria	Australia	-37.9189	145.1258
3169	Clayton South	Victoria	Australia	-37.9333	145.1167
3170	Mulgrave	Victoria	Australia	-37.9284	145.1771
3171	Springvale	Victoria	Australia	-37.9485	145.1527
3172	Springvale South	Victoria	Australia	-37.9667	145.15
3173	Keysborough	Victoria	Australia	-37.9912	145.1739
3174	Noble Park	Victoria	Australia	-37.9667	145.1667
3175	Dandenong	Victoria	Australia	-37.9833	145.2
3176	Scoresby Bc	Victoria	Australia	-37.9687	145.1931
3177	Doveton	Victoria	Australia	-37.9935	145.2389
3178	Rowville	Victoria	Australia	-37.9333	145.2333
3179	Scoresby	Victoria	Australia	-37.9	145.2333
3180	Knoxfield	Victoria	Australia	-37.8898	145.2496
3181	Prahran	Victoria	Australia	-37.8511	144.9932
3182	St Kilda West	Victoria	Australia	-37.8599	144.9711
3183	St Kilda East	Victoria	Australia	-37.8659	145.0002
3184	Elwood	Victoria	Australia	-37.8821	144.9821
3185	Elsternwick	Victoria	Australia	-37.8864	145.0025
3186	Brighton	Victoria	Australia	-37.9056	145.0028
3187	Brighton East	Victoria	Australia	-37.9023	145.0173
3188	Hampton	Victoria	Australia	-37.9377	145.0095
3189	Moorabbin	Victoria	Australia	-37.9415	145.0578
3190	Highett	Victoria	Australia	-37.95	145.05
3191	Sandringham	Victoria	Australia	-37.9522	145.0113
3192	Cheltenham	Victoria	Australia	-37.9694	145.0481
3193	Beaumaris	Victoria	Australia	-37.9826	145.04
3194	Mentone	Victoria	Australia	-37.9833	145.0667
3195	Parkdale	Victoria	Australia	-37.9919	145.0813
3196	Chelsea	Victoria	Australia	-38.05	145.1167
3197	Patterson Lakes	Victoria	Australia	-38.0693	145.1433
3198	Seaford	Victoria	Australia	-38.1	145.1333
3199	Frankston	Victoria	Australia	-38.1446	145.1229
3200	Frankston North	Victoria	Australia	-38.1235	145.1484
3201	Carrum Downs	Victoria	Australia	-38.0997	145.1725
3202	Heatherton	Victoria	Australia	-37.9552	145.0843
3204	Bentleigh	Victoria	Australia	-37.9181	145.0354
3205	South Melbourne	Victoria	Australia	-37.8333	144.9667
3206	Albert Park	Victoria	Australia	-37.8445	144.953
3207	Port Melbourne	Victoria	Australia	-37.8396	144.9423
3211	Little River	Victoria	Australia	-37.9667	144.5
3212	Lara	Victoria	Australia	-38.0239	144.4062
3213	Lovely Banks	Victoria	Australia	-38.0667	144.3333
3214	Corio	Victoria	Australia	-38.0833	144.3833
3215	Hamlyn Heights	Victoria	Australia	-38.1211	144.328
3216	Highton	Victoria	Australia	-38.1706	144.3114
3217	Armstrong Creek	Victoria	Australia	-38.2312	144.3737
3218	Geelong West	Victoria	Australia	-38.1389	144.3484
3219	St Albans Park	Victoria	Australia	-38.188	144.3921
3220	Geelong	Victoria	Australia	-38.1471	144.3607
3221	Lovely Banks	Victoria	Australia	-38.0667	144.3333
3222	Clifton Springs	Victoria	Australia	-38.1567	144.5551
3223	Portarlington	Victoria	Australia	-38.1154	144.6556
3224	Leopold	Victoria	Australia	-38.19	144.4682
3225	Point Lonsdale	Victoria	Australia	-38.2817	144.6105
3226	Ocean Grove	Victoria	Australia	-38.2745	144.4885
3227	Barwon Heads	Victoria	Australia	-38.2745	144.4885
3228	Torquay	Victoria	Australia	-38.3308	144.3264
3230	Anglesea	Victoria	Australia	-38.4073	144.1859
3231	Aireys Inlet	Victoria	Australia	-38.464	144.1039
3232	Lorne	Victoria	Australia	-38.5404	143.9764
3233	Apollo Bay	Victoria	Australia	-38.7594	143.6722
3234	Wye River	Victoria	Australia	-38.6333	143.8833
3235	Pennyroyal	Victoria	Australia	-38.4444	143.8766
3236	Mount Sabine	Victoria	Australia	-38.6341	143.7439
3237	Ferguson	Victoria	Australia	-38.631	143.5258
3238	Glenaire	Victoria	Australia	-38.7767	143.4318
3239	Gellibrand	Victoria	Australia	-38.5167	143.5333
3240	Moriac	Victoria	Australia	-38.2409	144.1748
3241	Winchelsea	Victoria	Australia	-38.2448	143.9832
3242	Birregurra	Victoria	Australia	-38.3368	143.7847
3243	Murroon	Victoria	Australia	-38.4333	143.8167
3249	Yeo	Victoria	Australia	-38.3583	143.6388
3250	Colac	Victoria	Australia	-38.339	143.5849
3251	Beeac	Victoria	Australia	-38.1938	143.6413
3254	Cororooke	Victoria	Australia	-38.2833	143.5167
3260	Camperdown	Victoria	Australia	-38.2339	143.1498
3264	Terang	Victoria	Australia	-38.2408	142.9212
3265	Laang	Victoria	Australia	-38.3667	142.8167
3266	Cobden	Victoria	Australia	-38.3286	143.0748
3267	Scotts Creek	Victoria	Australia	-38.4333	143.05
3268	Timboon	Victoria	Australia	-38.4843	142.9803
3269	Port Campbell	Victoria	Australia	-38.6192	142.9958
3270	Peterborough	Victoria	Australia	-38.6035	142.8733
3271	Pura Pura	Victoria	Australia	-37.8167	143.0833
3272	Mortlake	Victoria	Australia	-38.081	142.8083
3273	Hexham	Victoria	Australia	-38	142.7
3274	Caramut	Victoria	Australia	-37.95	142.5167
3275	Mailors Flat	Victoria	Australia	-38.3	142.4667
3276	Woolsthorpe	Victoria	Australia	-38.2	142.4333
3277	Allansford	Victoria	Australia	-38.3864	142.5943
3278	Purnim West	Victoria	Australia	-38.2833	142.6333
3279	Ballangeich	Victoria	Australia	-38.2167	142.6667
3280	Warrnambool	Victoria	Australia	-38.3818	142.488
3281	Bushfield	Victoria	Australia	-38.3333	142.5167
3282	Koroit	Victoria	Australia	-38.2918	142.3673
3283	Tarrone	Victoria	Australia	-38.2769	142.1995
3284	Port Fairy	Victoria	Australia	-38.3853	142.2371
3285	Yambuk	Victoria	Australia	-38.3156	142.0651
3286	Macarthur	Victoria	Australia	-38.0339	142.0018
3287	Hawkesdale	Victoria	Australia	-38.1167	142.3167
3289	Penshurst	Victoria	Australia	-37.8753	142.2907
3292	Nelson	Victoria	Australia	-38.05	141.0167
3293	Glenthompson	Victoria	Australia	-37.6333	142.55
3294	Dunkeld	Victoria	Australia	-37.6499	142.3439
3300	Hamilton	Victoria	Australia	-37.7442	142.022
3301	Byaduk	Victoria	Australia	-37.9523	141.9552
3302	Branxholme	Victoria	Australia	-37.8667	141.8
3303	Wallacedale	Victoria	Australia	-37.9333	141.8
3304	Heywood	Victoria	Australia	-38.1329	141.6295
3305	Portland	Victoria	Australia	-38.3462	141.6026
3309	Digby	Victoria	Australia	-37.8	141.5333
3310	Tahara West	Victoria	Australia	-37.7222	141.6193
3311	Casterton	Victoria	Australia	-37.5849	141.403
3312	Chetwynd	Victoria	Australia	-37.2833	141.4167
3314	Bulart	Victoria	Australia	-37.55	141.95
3315	Coleraine	Victoria	Australia	-37.5983	141.6912
3317	Harrow	Victoria	Australia	-37.1667	141.6
3318	Edenhope	Victoria	Australia	-37.0365	141.2966
3319	Apsley	Victoria	Australia	-36.9667	141.0833
3321	Inverleigh	Victoria	Australia	-38.1018	144.0513
3322	Cressy	Victoria	Australia	-38.0333	143.6333
3323	Foxhow	Victoria	Australia	-38.05	143.4667
3324	Lismore	Victoria	Australia	-37.9527	143.3378
3325	Derrinallum	Victoria	Australia	-37.9479	143.2203
3328	Teesdale	Victoria	Australia	-38.0333	144.05
3329	Shelford	Victoria	Australia	-38.0167	143.9667
3330	Rokewood	Victoria	Australia	-37.9	143.7167
3331	Bannockburn	Victoria	Australia	-38.0489	144.1688
3332	Lethbridge	Victoria	Australia	-37.9657	144.1357
3333	Meredith	Victoria	Australia	-37.8454	144.0774
3334	Bungal	Victoria	Australia	-37.772	144.0359
3335	Plumpton	Victoria	Australia	-37.687	144.6908
3336	Aintree	Victoria	Australia	-37.7225	144.6677
3337	Kurunjang	Victoria	Australia	-37.6759	144.5969
3338	Melton South	Victoria	Australia	-37.7077	144.5749
3340	Bacchus Marsh	Victoria	Australia	-37.6727	144.4383
3341	Greendale	Victoria	Australia	-37.5603	144.2968
3342	Ballan	Victoria	Australia	-37.5999	144.2289
3345	Gordon	Victoria	Australia	-37.5823	144.1093
3350	Ballarat	Victoria	Australia	-37.5662	143.8496
3351	Smythes Creek	Victoria	Australia	-37.6	143.7833
3352	Miners Rest	Victoria	Australia	-37.4808	143.8011
3353	Ballarat	Victoria	Australia	-37.5662	143.8496
3354	Bakery Hill	Victoria	Australia	-37.5635	143.8658
3355	Wendouree	Victoria	Australia	-37.5308	143.8284
3356	Sebastopol	Victoria	Australia	-37.5853	143.8395
3357	Buninyong	Victoria	Australia	-37.6502	143.8839
3358	Winter Valley	Victoria	Australia	-37.5908	143.7672
3360	Linton	Victoria	Australia	-37.6863	143.5629
3361	Skipton	Victoria	Australia	-37.686	143.3647
3363	Creswick	Victoria	Australia	-37.424	143.8947
3364	Strathlea	Victoria	Australia	-37.1333	143.9667
3370	Clunes	Victoria	Australia	-37.2947	143.7864
3371	Caralulup	Victoria	Australia	-37.2	143.6333
3373	Beaufort	Victoria	Australia	-37.43	143.3835
3374	Great Western	Victoria	Australia	-37.15	142.85
3375	Bayindeen	Victoria	Australia	-37.3167	143.1667
3377	Ararat	Victoria	Australia	-37.2854	142.9273
3378	Tatyoon	Victoria	Australia	-37.5167	142.95
3379	Willaura	Victoria	Australia	-37.5454	142.7404
3380	Stawell	Victoria	Australia	-37.0563	142.7809
3381	Bellfield	Victoria	Australia	-37.7531	145.0385
3384	Landsborough West	Victoria	Australia	-36.9903	143.0472
3385	Lubeck	Victoria	Australia	-36.7333	142.5667
3387	Bolangum	Victoria	Australia	-36.8136	142.8818
3388	Rupanyup	Victoria	Australia	-36.6285	142.6315
3390	Murtoa	Victoria	Australia	-36.6201	142.4668
3391	Brim	Victoria	Australia	-36.0833	142.4167
3392	Minyip	Victoria	Australia	-36.4596	142.5878
3393	Warracknabeal	Victoria	Australia	-36.2533	142.3928
3395	Rosebery	Victoria	Australia	-35.8167	142.4167
3396	Hopetoun	Victoria	Australia	-35.727	142.3663
3399	Jung	Victoria	Australia	-36.6167	142.3667
3400	Horsham	Victoria	Australia	-36.7113	142.1998
3401	Horsham	Victoria	Australia	-36.7113	142.1998
3402	Horsham	Victoria	Australia	-36.7113	142.1998
3407	Gatum	Victoria	Australia	-37.4167	141.9333
3409	Noradjuha	Victoria	Australia	-36.8333	141.9667
3412	Goroke	Victoria	Australia	-36.7179	141.4731
3413	Minimay	Victoria	Australia	-36.7167	141.1833
3414	Dimboola	Victoria	Australia	-36.4562	142.0329
3415	Yarrunga	Victoria	Australia	-36.3667	141.35
3418	Nhill	Victoria	Australia	-36.3333	141.6501
3419	Kaniva	Victoria	Australia	-36.3786	141.2422
3420	Lillimur	Victoria	Australia	-36.3667	141.1333
3423	Jeparit	Victoria	Australia	-36.1425	141.9882
3424	Rainbow	Victoria	Australia	-35.8958	141.9979
3427	Plumpton	Victoria	Australia	-37.687	144.6908
3428	Bulla	Victoria	Australia	-37.6384	144.8074
3429	Sunbury	Victoria	Australia	-37.5774	144.7261
3430	Clarkefield	Victoria	Australia	-37.4833	144.75
3431	Riddells Creek	Victoria	Australia	-37.4605	144.6796
3432	Bolinda	Victoria	Australia	-37.4333	144.75
3433	Monegeetta	Victoria	Australia	-37.4167	144.75
3434	Romsey	Victoria	Australia	-37.3507	144.743
3435	Lancefield	Victoria	Australia	-37.2773	144.736
3437	Gisborne	Victoria	Australia	-37.4886	144.5942
3438	New Gisborne	Victoria	Australia	-37.4607	144.5993
3440	Macedon	Victoria	Australia	-37.4196	144.5624
3441	Mount Macedon	Victoria	Australia	-37.4005	144.5841
3442	Woodend	Victoria	Australia	-37.3547	144.529
3444	Kyneton	Victoria	Australia	-37.2444	144.4515
3446	Malmsbury	Victoria	Australia	-37.1886	144.3847
3447	Taradale	Victoria	Australia	-37.15	144.3667
3448	Elphinstone	Victoria	Australia	-37.1	144.3333
3450	Castlemaine	Victoria	Australia	-37.0671	144.2168
3451	Golden Point	Victoria	Australia	-37.5749	143.8687
3453	Harcourt	Victoria	Australia	-36.9998	144.2599
3458	Trentham	Victoria	Australia	-37.3888	144.3216
3460	Daylesford	Victoria	Australia	-37.3411	144.1426
3461	Hepburn	Victoria	Australia	-37.3167	144.1333
3462	Newstead	Victoria	Australia	-37.106	144.0647
3463	Maldon	Victoria	Australia	-36.9957	144.0683
3464	Carisbrook	Victoria	Australia	-37.0481	143.8167
3465	Maryborough	Victoria	Australia	-37.0456	143.7392
3467	Avoca	Victoria	Australia	-37.0904	143.4736
3468	Amphitheatre	Victoria	Australia	-37.1667	143.4167
3469	Glenpatrick	Victoria	Australia	-37.1333	143.3167
3472	Dunolly	Victoria	Australia	-36.8601	143.7336
3475	Logan	Victoria	Australia	-36.6167	143.4667
3477	Sutherland	Victoria	Australia	-36.55	143.2
3478	Stuart Mill	Victoria	Australia	-36.8053	143.2862
3480	Donald	Victoria	Australia	-36.3686	142.9811
3482	Warmur	Victoria	Australia	-36.1167	142.7833
3483	Birchip	Victoria	Australia	-35.9838	142.9173
3485	Willangie	Victoria	Australia	-35.756	142.8295
3487	Lascelles	Victoria	Australia	-35.6167	142.5833
3488	Turriff East	Victoria	Australia	-35.4457	142.5815
3489	Tempy	Victoria	Australia	-35.3333	142.4167
3490	Ouyen	Victoria	Australia	-35.0709	142.3203
3491	Patchewollock	Victoria	Australia	-35.3833	142.2
3494	Nangiloc	Victoria	Australia	-34.4718	142.3062
3496	Red Cliffs	Victoria	Australia	-34.3094	142.1897
3498	Irymple	Victoria	Australia	-34.2354	142.171
3500	Mildura	Victoria	Australia	-34.1855	142.1625
3501	Nichols Point	Victoria	Australia	-34.2103	142.2112
3502	Mildura	Victoria	Australia	-34.1855	142.1625
3505	Merbein	Victoria	Australia	-34.168	142.066
3506	Cowangie	Victoria	Australia	-35.2333	141.3667
3507	Walpeup	Victoria	Australia	-35.1333	142.0333
3509	Linga	Victoria	Australia	-35.171	141.699
3512	Panitya	Victoria	Australia	-35.2333	141
3515	Marong	Victoria	Australia	-36.7333	144.1333
3516	Bridgewater North	Victoria	Australia	-36.5521	143.9994
3517	Inglewood	Victoria	Australia	-36.575	143.8683
3518	Wedderburn	Victoria	Australia	-36.419	143.6139
3520	Kinypanial	Victoria	Australia	-36.35	143.8
3521	Pyalong	Victoria	Australia	-37.1129	144.8523
3522	Emu Flat	Victoria	Australia	-37.1167	144.7667
3523	Heathcote	Victoria	Australia	-36.9221	144.7084
3525	Charlton	Victoria	Australia	-36.2644	143.349
3527	Wycheproof	Victoria	Australia	-36.0776	143.2271
3529	Kalpienung	Victoria	Australia	-35.7826	143.2558
3530	Sutton	Victoria	Australia	-35.7333	143
3531	Boigbeat	Victoria	Australia	-35.55	142.9167
3533	Sea Lake	Victoria	Australia	-35.5039	142.8498
3537	Boort	Victoria	Australia	-36.1157	143.7199
3540	Oakvale	Victoria	Australia	-35.9109	143.5635
3542	Tittybong	Victoria	Australia	-35.7466	143.372
3544	Waitchie	Victoria	Australia	-35.3667	143.0833
3546	Cocamba	Victoria	Australia	-35.116	142.8978
3549	Robinvale	Victoria	Australia	-34.5836	142.7723
3550	Bendigo	Victoria	Australia	-36.7582	144.2802
3551	Strathfieldsaye	Victoria	Australia	-36.8067	144.3549
3552	Bendigo	Victoria	Australia	-36.7582	144.2802
3554	Bendigo Dc	Victoria	Australia	-36.7114	144.3417
3555	Kangaroo Flat	Victoria	Australia	-36.8	144.25
3556	Eaglehawk	Victoria	Australia	-36.7161	144.2505
3557	Goornong	Victoria	Australia	-36.6165	144.5072
3558	Elmore	Victoria	Australia	-36.4946	144.6105
3559	Mayreef	Victoria	Australia	-36.5333	144.5
3561	Rochester	Victoria	Australia	-36.3635	144.7008
3562	Torrumbarry	Victoria	Australia	-36.0231	144.5533
3563	Lockington	Victoria	Australia	-36.2712	144.5373
3564	Echuca	Victoria	Australia	-36.1406	144.7518
3565	Kotta	Victoria	Australia	-36.2003	144.5363
3566	Gunbower	Victoria	Australia	-35.9561	144.3692
3567	Leitchville	Victoria	Australia	-35.9039	144.3022
3568	Cohuna	Victoria	Australia	-35.807	144.2189
3570	Drummartin	Victoria	Australia	-36.45	144.4333
3571	Dingee	Victoria	Australia	-36.3667	144.2167
3572	Piavella	Victoria	Australia	-36.3024	144.3189
3573	Pine Grove East	Victoria	Australia	-36.2359	144.238
3575	Pyramid Hill	Victoria	Australia	-36.0558	144.1147
3576	Durham Ox	Victoria	Australia	-36.1259	143.9199
3579	Kerang	Victoria	Australia	-35.7349	143.9203
3580	Koondrook	Victoria	Australia	-35.6318	144.1248
3581	Lake Charm	Victoria	Australia	-35.65	143.7833
3583	Tresco	Victoria	Australia	-35.5057	143.6748
3584	Lake Boga	Victoria	Australia	-35.463	143.6326
3585	Swan Hill	Victoria	Australia	-35.3378	143.5544
3586	Mallan	New South Wales	Australia	-35.1252	143.6917
3588	Woorinen South	Victoria	Australia	-35.3938	143.5502
3589	Woorinen	Victoria	Australia	-35.264	143.471
3590	Beverford	Victoria	Australia	-35.2238	143.4727
3591	Vinifera	Victoria	Australia	-35.2031	143.3784
3594	Nyah	Victoria	Australia	-35.1755	143.3774
3595	Nyah West	Victoria	Australia	-35.1854	143.3508
3596	Miralie	Victoria	Australia	-35.1102	143.2858
3597	Kenley	Victoria	Australia	-34.8434	143.3388
3599	Boundary Bend	Victoria	Australia	-34.7213	143.1648
3607	Tabilk	Victoria	Australia	-36.85	145.1667
3608	Nagambie	Victoria	Australia	-36.7851	145.1537
3610	Murchison	Victoria	Australia	-36.6189	145.2172
3612	Rushworth	Victoria	Australia	-36.5867	145.0175
3614	Toolamba	Victoria	Australia	-36.5	145.35
3616	Tatura	Victoria	Australia	-36.4396	145.2299
3617	Byrneside	Victoria	Australia	-36.4167	145.1833
3618	Merrigum	Victoria	Australia	-36.3724	145.1322
3619	Kyabram	Victoria	Australia	-36.3134	145.0504
3620	Kyabram	Victoria	Australia	-36.3134	145.0504
3621	Tongala	Victoria	Australia	-36.2547	144.9562
3622	Cornelia Creek	Victoria	Australia	-36.2353	144.8203
3623	Stanhope	Victoria	Australia	-36.4472	144.9827
3624	Girgarre	Victoria	Australia	-36.3999	144.9496
3629	Mooroopna	Victoria	Australia	-36.4	145.35
3630	Shepparton	Victoria	Australia	-36.3805	145.3987
3631	Kialla	Victoria	Australia	-36.4473	145.4142
3632	Shepparton	Victoria	Australia	-36.3805	145.3987
3633	Congupna	Victoria	Australia	-36.3	145.4333
3634	Tallygaroopna	Victoria	Australia	-36.25	145.4333
3635	Kaarimba	Victoria	Australia	-36.1333	145.25
3636	Numurkah	Victoria	Australia	-36.0885	145.4422
3637	Yalca	Victoria	Australia	-35.9833	145.3167
3638	Nathalia	Victoria	Australia	-36.0577	145.2041
3639	Picola West	Victoria	Australia	-35.9669	145.0759
3640	Katunga	Victoria	Australia	-36.0133	145.4695
3641	Strathmerton	Victoria	Australia	-35.9253	145.4787
3643	Cobram	Victoria	Australia	-35.9207	145.6407
3644	Cobram	Victoria	Australia	-35.9207	145.6407
3646	Wattville	Victoria	Australia	-36.2881	145.709
3647	Dookie College	Victoria	Australia	-36.3957	145.7047
3649	Katamatite	Victoria	Australia	-36.0759	145.6872
3658	Broadford	Victoria	Australia	-37.2028	145.0484
3659	Tallarook	Victoria	Australia	-37.0937	145.1
3660	Seymour	Victoria	Australia	-37.0266	145.1392
3661	Seymour	Victoria	Australia	-37.0266	145.1392
3662	Puckapunyal	Victoria	Australia	-36.9949	145.0401
3663	Mangalore	Victoria	Australia	-36.9333	145.1833
3664	Avenel	Victoria	Australia	-36.9009	145.2337
3665	Pranjip	Victoria	Australia	-36.7333	145.3667
3666	Euroa	Victoria	Australia	-36.7555	145.5708
3669	Violet Town	Victoria	Australia	-36.6361	145.7151
3670	Tarnook	Victoria	Australia	-36.5441	145.8744
3671	Benalla	Victoria	Australia	-36.5511	145.9843
3672	Benalla	Victoria	Australia	-36.5511	145.9843
3673	Benalla	Victoria	Australia	-36.5511	145.9843
3675	Glenrowan	Victoria	Australia	-36.4635	146.2245
3676	Wangaratta	Victoria	Australia	-36.3585	146.3206
3677	Wangaratta	Victoria	Australia	-36.3585	146.3206
3678	Oxley	Victoria	Australia	-36.45	146.3667
3682	Springhurst	Victoria	Australia	-36.2	146.5
3683	Chiltern	Victoria	Australia	-36.1504	146.6084
3685	Rutherglen	Victoria	Australia	-36.0543	146.4621
3687	Wahgunyah	Victoria	Australia	-36.0118	146.3971
3688	Barnawartha	Victoria	Australia	-36.1041	146.6761
3689	Wodonga	Victoria	Australia	-36.1218	146.8881
3690	Wodonga	Victoria	Australia	-36.1218	146.8881
3691	Baranduda	Victoria	Australia	-36.1911	146.9538
3694	Bandiana	Victoria	Australia	-36.1479	146.9262
3695	Sandy Creek	Victoria	Australia	-36.3	147.1
3697	Tawonga	Victoria	Australia	-36.6895	147.1421
3698	Tawonga South	Victoria	Australia	-36.3056	147.0798
3699	Falls Creek	Victoria	Australia	-36.8653	147.2778
3700	Tallangatta	Victoria	Australia	-36.2179	147.177
3701	Tallangatta Valley	Victoria	Australia	-36.2936	147.389
3704	Koetong	Victoria	Australia	-36.1529	147.4953
3705	Nariel Valley	Victoria	Australia	-36.329	147.8338
3707	Corryong	Victoria	Australia	-36.197	147.9026
3708	Tintaldra	Victoria	Australia	-36.052	147.9052
3709	Mount Alfred	Victoria	Australia	-35.9847	147.6176
3711	Buxton	Victoria	Australia	-37.4167	145.7167
3712	Rubicon	Victoria	Australia	-37.2987	145.8297
3713	Eildon	Victoria	Australia	-37.2324	145.9126
3714	Alexandra	Victoria	Australia	-37.1913	145.7112
3715	Merton	Victoria	Australia	-36.9768	145.7108
3717	Yea	Victoria	Australia	-37.2107	145.4276
3718	Molesworth	Victoria	Australia	-37.1667	145.5333
3719	Terip Terip	Victoria	Australia	-37	145.5667
3720	Bonnie Doon	Victoria	Australia	-37.0167	145.8667
3722	Mansfield	Victoria	Australia	-37.052	146.0885
3723	Mount Buller	Victoria	Australia	-37.146	146.4369
3724	Mansfield	Victoria	Australia	-37.052	146.0885
3725	Chesney Vale	Victoria	Australia	-36.4105	146.086
3726	Devenish	Victoria	Australia	-36.3333	145.9
3727	St James	Victoria	Australia	-36.2667	145.9
3728	Boomahnoomoonah	Victoria	Australia	-36.1245	146.0991
3730	Yarrawonga	Victoria	Australia	-36.0192	145.9997
3732	Moyhu	Victoria	Australia	-36.578	146.3784
3733	Whitfield	Victoria	Australia	-36.7833	146.4167
3735	Whorouly East	Victoria	Australia	-36.5384	146.6407
3736	Myrtleford	Victoria	Australia	-36.561	146.7237
3737	Myrtleford	Victoria	Australia	-36.561	146.7237
3738	Ovens	Victoria	Australia	-36.5874	146.7593
3739	Eurobin	Victoria	Australia	-36.6352	146.8596
3740	Porepunkah	Victoria	Australia	-36.6961	146.9104
3741	Bright	Victoria	Australia	-36.73	146.9598
3744	Wandiligong	Victoria	Australia	-36.7833	146.9833
3746	Eldorado	Victoria	Australia	-36.325	146.5539
3747	Beechworth	Victoria	Australia	-36.3583	146.6858
3749	Yackandandah	Victoria	Australia	-36.3137	146.8396
3750	Wollert	Victoria	Australia	-37.5833	145.0333
3751	Woodstock	Victoria	Australia	-37.55	145.0333
3752	South Morang	Victoria	Australia	-37.65	145.1
3753	Beveridge	Victoria	Australia	-37.4833	144.9833
3754	Doreen	Victoria	Australia	-37.6	145.15
3755	Yan Yean	Victoria	Australia	-37.5667	145.1
3756	Wallan	Victoria	Australia	-37.4162	144.9786
3757	Whittlesea	Victoria	Australia	-37.5115	145.1184
3758	Wandong	Victoria	Australia	-37.3719	145.0321
3759	Panton Hill	Victoria	Australia	-37.6408	145.2399
3760	Smiths Gully	Victoria	Australia	-37.6202	145.2603
3761	St Andrews	Victoria	Australia	-37.523	145.1388
3762	Bylands	Victoria	Australia	-37.35	144.9667
3763	Kinglake	Victoria	Australia	-37.5329	145.3396
3764	Kilmore	Victoria	Australia	-37.2958	144.9525
3765	Montrose	Victoria	Australia	-37.8167	145.35
3766	Kalorama	Victoria	Australia	-37.8167	145.3667
3767	Mount Dandenong	Victoria	Australia	-37.8333	145.3667
3770	Coldstream	Victoria	Australia	-37.7249	145.378
3775	Yarra Glen	Victoria	Australia	-37.6579	145.3742
3777	Healesville	Victoria	Australia	-37.654	145.5172
3778	Narbethong	Victoria	Australia	-37.5639	145.6557
3779	Marysville	Victoria	Australia	-37.5098	145.7481
3781	Cockatoo	Victoria	Australia	-37.9368	145.4938
3782	Emerald	Victoria	Australia	-37.9317	145.4409
3783	Gembrook	Victoria	Australia	-37.9532	145.5554
3785	Tremont	Victoria	Australia	-37.8791	145.3162
3786	Ferny Creek	Victoria	Australia	-37.8833	145.3333
3787	Sassafras	Victoria	Australia	-37.8667	145.35
3788	Olinda	Victoria	Australia	-37.85	145.3667
3789	Sherbrooke	Victoria	Australia	-37.8833	145.35
3791	Kallista	Victoria	Australia	-37.8981	145.3823
3792	The Patch	Victoria	Australia	-37.8919	145.4022
3793	Monbulk	Victoria	Australia	-37.8743	145.4259
3795	Silvan	Victoria	Australia	-37.8167	145.4167
3796	Mount Evelyn	Victoria	Australia	-37.7833	145.3833
3797	Yarra Junction	Victoria	Australia	-37.7819	145.6143
3799	Warburton	Victoria	Australia	-37.7537	145.6904
3800	Monash University	Victoria	Australia	-38.0176	145.35
3802	Endeavour Hills	Victoria	Australia	-37.977	145.2587
3803	Hallam	Victoria	Australia	-38.0167	145.2667
3804	Narre Warren North	Victoria	Australia	-37.9833	145.3167
3805	Narre Warren South	Victoria	Australia	-38.0437	145.2923
3806	Berwick	Victoria	Australia	-38.0333	145.35
3807	Beaconsfield	Victoria	Australia	-38.05	145.3667
3808	Beaconsfield Upper	Victoria	Australia	-37.9941	145.4142
3809	Officer	Victoria	Australia	-38.0592	145.4095
3810	Pakenham	Victoria	Australia	-38.0702	145.4741
3812	Nar Nar Goon	Victoria	Australia	-38.0825	145.5701
3813	Tynong North	Victoria	Australia	-38.0667	145.6167
3814	Garfield	Victoria	Australia	-38.0899	145.675
3815	Bunyip	Victoria	Australia	-38.0979	145.7161
3816	Longwarry	Victoria	Australia	-38.1128	145.7685
3818	Drouin	Victoria	Australia	-38.1366	145.8584
3820	Warragul	Victoria	Australia	-38.1591	145.9312
3821	Buln Buln	Victoria	Australia	-38.1	145.9333
3822	Darnum	Victoria	Australia	-38.1885	146.0053
3823	Yarragon	Victoria	Australia	-38.2052	146.0608
3824	Trafalgar	Victoria	Australia	-38.2091	146.1535
3825	Moe	Victoria	Australia	-38.1783	146.261
3831	Neerim South	Victoria	Australia	-38.0168	145.9545
3832	Nayook	Victoria	Australia	-37.9137	145.9324
3833	Baw Baw Village	Victoria	Australia	-37.8378	146.2499
3835	Thorpdale	Victoria	Australia	-38.2833	146.1833
3840	Morwell	Victoria	Australia	-38.2348	146.395
3841	Gippsland Mc	Victoria	Australia	-38.2903	146.5885
3842	Churchill	Victoria	Australia	-38.3078	146.4137
3844	Traralgon	Victoria	Australia	-38.1953	146.5415
3847	Rosedale	Victoria	Australia	-38.1545	146.7886
3850	Sale	Victoria	Australia	-38.111	147.068
3851	Longford	Victoria	Australia	-38.1624	147.0859
3852	East Sale Raaf	Victoria	Australia	-38.1035	147.127
3853	Sale	Victoria	Australia	-38.111	147.068
3854	Glengarry	Victoria	Australia	-38.1167	146.5667
3856	Toongabbie	Victoria	Australia	-38.05	146.6167
3857	Cowwarr	Victoria	Australia	-38.0167	146.6833
3858	Heyfield	Victoria	Australia	-37.9813	146.7856
3859	Mewburn Park	Victoria	Australia	-37.9214	146.8621
3860	Maffra	Victoria	Australia	-37.9713	146.9837
3862	Stratford	Victoria	Australia	-37.9634	147.0826
3864	Glenaladale	Victoria	Australia	-37.7501	147.3026
3865	Lindenow	Victoria	Australia	-37.8005	147.4598
3869	Yinnar	Victoria	Australia	-38.3225	146.3292
3870	Boolarra	Victoria	Australia	-38.3794	146.2753
3871	Mirboo North	Victoria	Australia	-38.401	146.1613
3873	Gormandale	Victoria	Australia	-38.2833	146.7
3874	Woodside North	Victoria	Australia	-38.5299	146.885
3875	Bairnsdale	Victoria	Australia	-37.8229	147.6104
3878	Eagle Point	Victoria	Australia	-37.9	147.6833
3880	Paynesville	Victoria	Australia	-37.9189	147.7194
3882	Nicholson	Victoria	Australia	-37.8167	147.7333
3885	Bruthen	Victoria	Australia	-37.7067	147.831
3886	Newmerella	Victoria	Australia	-37.753	148.4549
3887	Lake Tyers	Victoria	Australia	-37.841	148.121
3888	Orbost	Victoria	Australia	-37.6964	148.457
3889	Combienbar	Victoria	Australia	-37.3833	149.0167
3890	Chandlers Creek	Victoria	Australia	-37.3238	149.309
3891	Genoa	Victoria	Australia	-37.4833	149.5833
3892	Mallacoota	Victoria	Australia	-37.559	149.7541
3893	Double Bridges	Victoria	Australia	-37.4667	147.7917
3895	Doctors Flat	Victoria	Australia	-37.3	147.75
3896	Tongio	Victoria	Australia	-37.1833	147.7333
3898	Dinner Plain	Victoria	Australia	-37.0236	147.2412
3900	Cobberas	Victoria	Australia	-36.9535	147.7046
3902	Johnsonville	Victoria	Australia	-37.8167	147.8
3903	Swan Reach	Victoria	Australia	-37.8333	147.8667
3904	Metung	Victoria	Australia	-37.8915	147.853
3909	Lakes Entrance	Victoria	Australia	-37.8668	148.0016
3910	Langwarrin	Victoria	Australia	-38.1667	145.1667
3911	Baxter	Victoria	Australia	-38.2	145.15
3912	Somerville	Victoria	Australia	-38.2167	145.1667
3913	Tyabb	Victoria	Australia	-38.25	145.1833
3915	Hastings	Victoria	Australia	-38.3	145.1833
3916	Shoreham	Victoria	Australia	-38.4263	145.0469
3918	Bittern	Victoria	Australia	-38.3333	145.1667
3919	Crib Point	Victoria	Australia	-38.35	145.2
3920	Hmas Cerberus	Victoria	Australia	-38.3649	145.2004
3921	Tankerton	Victoria	Australia	-38.3872	145.2915
3922	Cowes	Victoria	Australia	-38.4523	145.2386
3923	Rhyll	Victoria	Australia	-38.4642	145.2995
3925	Cape Woolamai	Victoria	Australia	-38.5428	145.3441
3926	Balnarring	Victoria	Australia	-38.3667	145.1333
3927	Somers	Victoria	Australia	-38.3813	145.159
3928	Main Ridge	Victoria	Australia	-38.3973	144.9724
3929	Flinders	Victoria	Australia	-38.4739	145.0222
3930	Mount Eliza	Victoria	Australia	-38.1833	145.0833
3931	Mornington	Victoria	Australia	-38.2179	145.0388
3933	Moorooduc	Victoria	Australia	-38.2167	145.1167
3934	Mount Martha	Victoria	Australia	-38.2667	145.0167
3936	Dromana	Victoria	Australia	-38.3338	144.9646
3937	Red Hill	Victoria	Australia	-38.35	145.0167
3938	Mccrae	Victoria	Australia	-38.3497	144.9281
3939	Rosebud	Victoria	Australia	-38.3554	144.9068
3940	Capel Sound	Victoria	Australia	-38.3673	144.8788
3941	Rye	Victoria	Australia	-38.3853	144.8122
3942	Blairgowrie	Victoria	Australia	-38.3613	144.7795
3943	Sorrento	Victoria	Australia	-38.3396	144.7413
3944	Portsea	Victoria	Australia	-38.3238	144.7099
3945	Loch	Victoria	Australia	-38.3691	145.7081
3946	Bena	Victoria	Australia	-38.4167	145.7667
3950	Korumburra	Victoria	Australia	-38.4319	145.8235
3951	Moyarra	Victoria	Australia	-38.4833	145.7333
3953	Leongatha	Victoria	Australia	-38.4761	145.9469
3954	Koonwarra	Victoria	Australia	-38.55	145.95
3956	Venus Bay	Victoria	Australia	-38.7004	145.8224
3957	Stony Creek	Victoria	Australia	-38.5833	146.0333
3958	Buffalo	Victoria	Australia	-38.65	146.0333
3959	Fish Creek	Victoria	Australia	-38.6833	146.0833
3960	Foster	Victoria	Australia	-38.6527	146.2007
3962	Toora	Victoria	Australia	-38.6629	146.3279
3964	Port Franklin	Victoria	Australia	-38.6833	146.2667
3965	Port Welshpool	Victoria	Australia	-38.6992	146.4531
3966	Hazel Park	Victoria	Australia	-38.6333	146.3833
3967	Hedley	Victoria	Australia	-38.6333	146.5
3971	Yarram	Victoria	Australia	-38.5648	146.6756
3975	Lynbrook	Victoria	Australia	-38.0559	145.2562
3976	Hampton Park	Victoria	Australia	-38.0333	145.25
3977	Cranbourne North	Victoria	Australia	-38.0776	145.2987
3978	Clyde	Victoria	Australia	-38.1333	145.3333
3979	Kernot	Victoria	Australia	-38.4333	145.6
3980	Tooradin	Victoria	Australia	-38.2147	145.3833
3981	Bayles	Victoria	Australia	-38.1833	145.5667
3984	Lang Lang	Victoria	Australia	-38.266	145.5621
3987	Nyora	Victoria	Australia	-38.3336	145.6725
3988	Poowong	Victoria	Australia	-38.3428	145.7638
3989	St Helier	Victoria	Australia	-38.2941	145.5647
3990	Glen Forbes	Victoria	Australia	-38.45	145.5333
3991	Bass	Victoria	Australia	-38.4833	145.45
3992	Dalyston	Victoria	Australia	-38.5667	145.55
3995	Wonthaggi	Victoria	Australia	-38.6059	145.5936
3996	Inverloch	Victoria	Australia	-38.6266	145.7226
4000	Brisbane	Queensland	Australia	-27.4679	153.0281
4001	Brisbane	Queensland	Australia	-27.4679	153.0281
4002	Wintergarden	Queensland	Australia	-27.4412	153.0588
4003	George Street	Queensland	Australia	-27.4412	153.0588
4004	Spring Hill	Queensland	Australia	-27.4614	153.0231
4005	New Farm	Queensland	Australia	-27.4678	153.0483
4006	Fortitude Valley	Queensland	Australia	-27.4571	153.0318
4007	Hamilton	Queensland	Australia	-27.439	153.0629
4008	Pinkenba	Queensland	Australia	-27.428	153.1167
4009	Eagle Farm Bc	Queensland	Australia	-27.4306	153.0906
4010	Albion	Queensland	Australia	-27.4336	153.0445
4011	Clayfield	Queensland	Australia	-27.4189	153.0582
4012	Nundah	Queensland	Australia	-27.4025	153.0617
4013	Northgate	Queensland	Australia	-27.3901	153.0706
4014	Banyo	Queensland	Australia	-27.3824	153.079
4017	Bracken Ridge	Queensland	Australia	-27.3171	153.031
4018	Taigum	Queensland	Australia	-27.3426	153.0444
4019	Clontarf	Queensland	Australia	-27.2534	153.0783
4020	Scarborough	Queensland	Australia	-27.2012	153.1094
4021	Kippa-Ring	Queensland	Australia	-27.2259	153.0835
4022	Rothwell	Queensland	Australia	-27.2143	153.0468
4025	Moreton Island	Queensland	Australia	-27.2198	153.3884
4029	Royal Brisbane Hospital	Queensland	Australia	-27.1874	153.2577
4030	Windsor	Queensland	Australia	-27.4363	153.0288
4031	Kedron	Queensland	Australia	-27.4029	153.0297
4032	Chermside	Queensland	Australia	-27.3847	153.0306
4034	Aspley	Queensland	Australia	-27.3667	153.0167
4035	Albany Creek	Queensland	Australia	-27.3536	152.9685
4036	Bald Hills	Queensland	Australia	-27.3211	153.0086
4037	Eatons Hill	Queensland	Australia	-27.3392	152.9599
4051	Alderley	Queensland	Australia	-27.4255	153.001
4053	Everton Park	Queensland	Australia	-27.4073	152.9884
4054	Keperra	Queensland	Australia	-27.4138	152.947
4055	Ferny Hills	Queensland	Australia	-27.3959	152.9374
4059	Kelvin Grove	Queensland	Australia	-27.4482	153.0134
4060	Ashgrove	Queensland	Australia	-27.4455	152.992
4061	The Gap	Queensland	Australia	-27.4419	152.9386
4064	Paddington	Queensland	Australia	-27.4594	152.9951
4065	Bardon	Queensland	Australia	-27.461	152.9792
4066	Toowong	Queensland	Australia	-27.4833	152.9833
4067	Ironside	Queensland	Australia	-27.4752	152.8871
4068	Indooroopilly	Queensland	Australia	-27.503	152.9752
4069	Chapel Hill	Queensland	Australia	-27.5026	152.9501
4070	Bellbowrie	Queensland	Australia	-27.5594	152.8828
4072	University Of Queensland	Queensland	Australia	-27.5656	152.943
4073	Sinnamon Park	Queensland	Australia	-27.5444	152.9489
4074	Jindalee	Queensland	Australia	-27.5345	152.9384
4075	Oxley	Queensland	Australia	-27.55	152.9833
4076	Darra	Queensland	Australia	-27.5669	152.9539
4077	Inala	Queensland	Australia	-27.5972	152.9743
4078	Forest Lake	Queensland	Australia	-27.6256	152.9688
4101	West End	Queensland	Australia	-27.4792	153.0096
4102	Woolloongabba	Queensland	Australia	-27.4886	153.0365
4103	Annerley	Queensland	Australia	-27.5123	153.0325
4104	Yeronga	Queensland	Australia	-27.5157	153.0164
4105	Moorooka	Queensland	Australia	-27.5344	153.0246
4106	Rocklea	Queensland	Australia	-27.5392	153.004
4107	Salisbury	Queensland	Australia	-27.5514	153.0325
4108	Coopers Plains	Queensland	Australia	-27.5646	153.0407
4109	Sunnybank Hills	Queensland	Australia	-27.6103	153.0539
4110	Acacia Ridge	Queensland	Australia	-27.5833	153.0333
4111	Nathan	Queensland	Australia	-27.5589	153.0623
4112	Kuraby	Queensland	Australia	-27.6068	153.0937
4113	Eight Mile Plains	Queensland	Australia	-27.5833	153.1
4114	Woodridge	Queensland	Australia	-27.6333	153.1
4115	Parkinson	Queensland	Australia	-27.6434	153.0298
4116	Calamvale	Queensland	Australia	-27.6233	153.0479
4117	Berrinba	Queensland	Australia	-27.6585	153.0789
4118	Regents Park	Queensland	Australia	-27.6766	153.0417
4119	Underwood	Queensland	Australia	-27.6089	153.1113
4120	Greenslopes	Queensland	Australia	-27.5082	153.0495
4121	Tarragindi	Queensland	Australia	-27.5271	153.0456
4122	Mount Gravatt East	Queensland	Australia	-27.5405	153.0822
4123	Rochedale South	Queensland	Australia	-27.5952	153.1233
4124	Boronia Heights	Queensland	Australia	-27.6885	153.0196
4125	Munruben	Queensland	Australia	-27.7463	153.0312
4127	Slacks Creek	Queensland	Australia	-27.65	153.15
4128	Shailer Park	Queensland	Australia	-27.6498	153.1775
4129	Loganholme	Queensland	Australia	-27.6844	153.1864
4130	Cornubia	Queensland	Australia	-27.6667	153.2167
4131	Loganlea	Queensland	Australia	-27.6754	153.1347
4132	Marsden	Queensland	Australia	-27.6734	153.0973
4133	Waterford West	Queensland	Australia	-27.6906	153.1332
4151	Coorparoo	Queensland	Australia	-27.4932	153.0583
4152	Carindale	Queensland	Australia	-27.5058	153.1024
4153	Belmont	Queensland	Australia	-27.4988	153.134
4154	Wakerley	Queensland	Australia	-27.483	153.1559
4155	Chandler	Queensland	Australia	-27.514	153.1491
4156	Mackenzie	Queensland	Australia	-27.5435	153.1206
4157	Capalaba	Queensland	Australia	-27.5433	153.2029
4158	Thorneside	Queensland	Australia	-27.4878	153.1982
4159	Birkdale	Queensland	Australia	-27.4833	153.2167
4160	Wellington Point	Queensland	Australia	-27.4833	153.25
4161	Alexandra Hills	Queensland	Australia	-27.5322	153.2289
4163	Cleveland	Queensland	Australia	-27.5268	153.2652
4164	Thornlands	Queensland	Australia	-27.5575	153.2648
4165	Victoria Point	Queensland	Australia	-27.5833	153.3117
4169	Kangaroo Point	Queensland	Australia	-27.4768	153.0367
4170	Morningside	Queensland	Australia	-27.4616	153.0751
4171	Bulimba	Queensland	Australia	-27.45	153.0667
4172	Murarrie	Queensland	Australia	-27.4629	153.0981
4173	Tingalpa	Queensland	Australia	-27.4736	153.127
4174	Hemmant	Queensland	Australia	-27.4478	153.1317
4178	Wynnum	Queensland	Australia	-27.4453	153.1581
4179	Manly West	Queensland	Australia	-27.4738	153.1664
4183	Point Lookout	Queensland	Australia	-27.4273	153.5366
4184	Russell Island	Queensland	Australia	-27.6487	153.3812
4205	Bethania	Queensland	Australia	-27.6833	153.1667
4207	Eagleby	Queensland	Australia	-27.6833	153.2167
4208	Ormeau	Queensland	Australia	-27.7679	153.2428
4209	Upper Coomera	Queensland	Australia	-27.8768	153.2857
4210	Oxenford	Queensland	Australia	-27.8903	153.3131
4211	Nerang	Queensland	Australia	-27.9894	153.3363
4212	Helensvale	Queensland	Australia	-27.9183	153.3327
4213	Mudgeeraba	Queensland	Australia	-28.0833	153.3667
4214	Ashmore	Queensland	Australia	-27.9888	153.3765
4215	Southport	Queensland	Australia	-27.9672	153.398
4216	Coombabah	Queensland	Australia	-27.9107	153.3709
4217	Surfers Paradise	Queensland	Australia	-28.0027	153.43
4218	Mermaid Waters	Queensland	Australia	-28.0491	153.4308
4219	West Burleigh	Queensland	Australia	-28.1124	153.4405
4220	Burleigh Waters	Queensland	Australia	-28.0998	153.4246
4221	Palm Beach	Queensland	Australia	-28.1169	153.4658
4222	Griffith University	Queensland	Australia	-28.1085	153.3582
4223	Currumbin Waters	Queensland	Australia	-28.1544	153.4728
4224	Tugun	Queensland	Australia	-28.15	153.5
4225	Coolangatta	Queensland	Australia	-28.1694	153.5347
4226	Robina	Queensland	Australia	-28.0707	153.3933
4227	Varsity Lakes	Queensland	Australia	-28.0894	153.4122
4228	Tallebudgera	Queensland	Australia	-28.15	153.4333
4229	Bond University	Queensland	Australia	-28.1085	153.3582
4230	Robina Town Centre	Queensland	Australia	-27.9596	153.1824
4270	Tamborine	Queensland	Australia	-27.8833	153.1333
4271	Eagle Heights	Queensland	Australia	-27.9193	153.1994
4272	Tamborine Mountain	Queensland	Australia	-27.9695	153.1994
4275	Canungra	Queensland	Australia	-28.0169	153.1653
4280	Jimboomba	Queensland	Australia	-27.8312	153.0274
4285	Beaudesert	Queensland	Australia	-27.9869	152.9966
4287	Palen Creek	Queensland	Australia	-28.2584	152.824
4300	Springfield Lakes	Queensland	Australia	-27.6676	152.9249
4301	Redbank Plains	Queensland	Australia	-27.6461	152.8596
4303	Riverview	Queensland	Australia	-27.6	152.85
4304	Bundamba	Queensland	Australia	-27.6095	152.8113
4305	Brassall	Queensland	Australia	-27.5975	152.7476
4306	Karalee	Queensland	Australia	-27.5648	152.8245
4307	Harrisville	Queensland	Australia	-27.811	152.6646
4309	Kalbar	Queensland	Australia	-27.9417	152.6237
4310	Boonah	Queensland	Australia	-27.9972	152.6811
4311	Lowood	Queensland	Australia	-27.4655	152.5762
4312	Esk	Queensland	Australia	-27.239	152.4222
4313	Toogoolawah	Queensland	Australia	-27.0866	152.3764
4314	Blackbutt	Queensland	Australia	-26.8863	152.1017
4340	Rosewood	Queensland	Australia	-27.6335	152.5895
4341	Laidley	Queensland	Australia	-27.6328	152.3929
4342	Forest Hill	Queensland	Australia	-27.5926	152.3557
4343	Gatton	Queensland	Australia	-27.5587	152.2762
4344	Helidon	Queensland	Australia	-27.5532	152.124
4345	Gatton College	Queensland	Australia	-27.6515	152.352
4346	Marburg	Queensland	Australia	-27.5661	152.597
4347	Grantham	Queensland	Australia	-27.5792	152.2017
4350	Toowoomba	Queensland	Australia	-27.5606	151.9539
4352	Highfields	Queensland	Australia	-27.4634	151.9539
4353	Haden	Queensland	Australia	-27.2266	151.8858
4354	Goombungee	Queensland	Australia	-27.3167	151.7
4355	Crows Nest	Queensland	Australia	-27.2599	152.0516
4356	Pittsworth	Queensland	Australia	-27.7164	151.634
4357	Millmerran	Queensland	Australia	-27.8791	151.2706
4358	Cambooya	Queensland	Australia	-27.7145	151.8603
4359	Ascot	Queensland	Australia	-27.4315	153.058
4360	Nobby	Queensland	Australia	-27.8616	151.9011
4361	Clifton	Queensland	Australia	-27.9337	151.9066
4362	Allora	Queensland	Australia	-28.0348	151.9806
4363	Southbrook	Queensland	Australia	-27.6833	151.7167
4364	Brookstead	Queensland	Australia	-27.7607	151.4456
4365	Leyburn	Queensland	Australia	-28.011	151.5821
4370	Warwick	Queensland	Australia	-28.219	152.0344
4371	Emu Vale	Queensland	Australia	-28.2229	152.2471
4372	Tannymorel	Queensland	Australia	-28.2909	152.2461
4373	Killarney	Queensland	Australia	-28.3327	152.2942
4374	Palgrave	Queensland	Australia	-28.4871	151.9674
4375	Fleurbaix	Queensland	Australia	-28.5333	151.9167
4376	Thulimbah	Queensland	Australia	-28.5506	151.9486
4377	Maryland	New South Wales	Australia	-28.55	152
4378	Applethorpe	Queensland	Australia	-28.6193	151.9601
4380	Stanthorpe	Queensland	Australia	-28.6543	151.9339
4381	Fletcher	Queensland	Australia	-28.774	151.8637
4382	Somme	Queensland	Australia	-28.7872	151.8147
4383	Jennings	New South Wales	Australia	-28.9307	151.9382
4384	Limevale	Queensland	Australia	-28.721	151.1824
4385	Camp Creek	New South Wales	Australia	-28.882	151.0203
4387	Inglewood	Queensland	Australia	-28.4159	151.0807
4388	Kurumbul	Queensland	Australia	-28.6167	150.55
4390	Goondiwindi	Queensland	Australia	-28.5471	150.3055
4400	Kingsthorpe	Queensland	Australia	-27.4756	151.8141
4401	Oakey	Queensland	Australia	-27.4331	151.7206
4402	Cooyar	Queensland	Australia	-26.9844	151.8297
4403	Mount Moriah	Queensland	Australia	-27.2775	151.5927
4404	Irvingdale	Queensland	Australia	-27.1587	151.4847
4405	Dalby	Queensland	Australia	-27.1817	151.2621
4406	Southwood	Queensland	Australia	-27.7683	150.0713
4407	Cecil Plains	Queensland	Australia	-27.5332	151.1962
4408	Cooranga North	Queensland	Australia	-26.7833	151.3833
4410	Jandowae	Queensland	Australia	-26.7841	151.1124
4411	Tuckerang	Queensland	Australia	-26.9323	150.9229
4412	Wychie	Queensland	Australia	-26.8452	150.7916
4413	Chinchilla	Queensland	Australia	-26.7379	150.6297
4415	Miles	Queensland	Australia	-26.6584	150.1882
4416	Moraby	Queensland	Australia	-26.8917	149.7451
4417	Weribone	Queensland	Australia	-27.2039	148.8696
4418	Guluguba	Queensland	Australia	-26.2593	150.0493
4419	Wandoan	Queensland	Australia	-26.1228	149.9603
4420	Taroom	Queensland	Australia	-25.6393	149.7998
4421	Tara	Queensland	Australia	-27.2761	150.4568
4422	Coomrith	Queensland	Australia	-27.6759	149.7321
4423	Teelba	Queensland	Australia	-27.5239	149.3687
4424	Drillham	Queensland	Australia	-26.6431	149.9762
4425	Dulacca	Queensland	Australia	-26.6452	149.7612
4426	Jackson	Queensland	Australia	-26.6452	149.626
4427	Yuleba North	Queensland	Australia	-26.5006	149.3945
4428	Pickanjinnie	Queensland	Australia	-26.4418	149.1033
4454	Arcadia Valley	Queensland	Australia	-25.098	148.7933
4455	Roma	Queensland	Australia	-26.5674	148.7875
4461	Muckadilla	Queensland	Australia	-26.5896	148.3919
4462	Eurella	Queensland	Australia	-26.5833	148.25
4465	Mitchell	Queensland	Australia	-26.4849	147.9742
4467	Tyrconnel	Queensland	Australia	-26.6071	147.4952
4468	Boatman	Queensland	Australia	-26.2542	147.0182
4470	Charleville	Queensland	Australia	-26.4054	146.2427
4471	Claverton	Queensland	Australia	-27.3726	145.9577
4472	Blackall	Queensland	Australia	-24.4233	145.463
4474	Adavale	Queensland	Australia	-25.9073	144.6008
4475	Cheepie	Queensland	Australia	-26.6333	145.0167
4477	Nive	Queensland	Australia	-25.735	146.7856
4478	Windeyer	Queensland	Australia	-25.0109	146.2196
4479	Cooladdi	Queensland	Australia	-26.6426	145.4644
4480	Quilpie	Queensland	Australia	-26.6135	144.2695
4481	Tanbar	Queensland	Australia	-25.4222	142.6566
4482	Birdsville	Queensland	Australia	-27.4488	146.4958
4486	Dirranbandi	Queensland	Australia	-28.5854	148.2255
4487	St George	Queensland	Australia	-28.0369	148.58
4488	Bindebango	Queensland	Australia	-27.6237	147.4352
4489	Wyandra	Queensland	Australia	-27.2478	145.9805
4490	Cunnamulla	Queensland	Australia	-28.0677	145.6844
4491	Eulo	Queensland	Australia	-28.1599	145.0471
4492	Norley	Queensland	Australia	-27.8932	143.1355
4493	Hungerford	Queensland	Australia	-28.9963	144.407
4494	Tarawera	Queensland	Australia	-28.2167	149.6667
4496	North Talwood	Queensland	Australia	-28.4858	149.4681
4497	Daymar	Queensland	Australia	-28.6043	148.9792
4498	Toobeah	Queensland	Australia	-28.4206	149.8662
4500	Warner	Queensland	Australia	-27.3122	152.9498
4501	Lawnton	Queensland	Australia	-27.2833	152.9833
4502	Petrie	Queensland	Australia	-27.2667	152.9833
4503	Kallangur	Queensland	Australia	-27.252	152.9923
4504	Narangba	Queensland	Australia	-27.2034	152.9592
4505	Burpengary	Queensland	Australia	-27.1575	152.9576
4506	Morayfield	Queensland	Australia	-27.1088	152.9491
4507	Bongaree	Queensland	Australia	-27.0837	153.1594
4508	Deception Bay	Queensland	Australia	-27.1935	153.0263
4509	North Lakes	Queensland	Australia	-27.2243	153.0208
4510	Caboolture	Queensland	Australia	-27.0846	152.9511
4511	Ningi	Queensland	Australia	-27.0611	153.0788
4512	Wamuran	Queensland	Australia	-27.0391	152.8654
4513	Corymbia	Queensland	Australia	-26.9621	152.8128
4514	Woodford	Queensland	Australia	-26.9529	152.7775
4515	Kilcoy	Queensland	Australia	-26.943	152.5654
4516	Elimbah	Queensland	Australia	-27.0167	152.95
4517	Beerburrum	Queensland	Australia	-26.9613	152.9544
4518	Glass House Mountains	Queensland	Australia	-26.8976	152.9532
4519	Beerwah	Queensland	Australia	-26.8588	152.9614
4520	Samford Valley	Queensland	Australia	-27.3727	152.867
4521	Dayboro	Queensland	Australia	-27.1963	152.8225
4550	Landsborough	Queensland	Australia	-26.8067	152.961
4551	Caloundra	Queensland	Australia	-26.8035	153.1219
4552	Maleny	Queensland	Australia	-26.76	152.8493
4553	Glenview	Queensland	Australia	-26.7667	153.0167
4554	Eudlo	Queensland	Australia	-26.7296	152.954
4555	Palmwoods	Queensland	Australia	-26.6858	152.9613
4556	Buderim	Queensland	Australia	-26.6844	153.0571
4557	Mountain Creek	Queensland	Australia	-26.7028	153.1013
4558	Maroochydore	Queensland	Australia	-26.6601	153.0995
4559	Woombye	Queensland	Australia	-26.6605	152.9695
4560	Nambour	Queensland	Australia	-26.6261	152.9594
4561	Yandina	Queensland	Australia	-26.5616	152.9559
4562	Doonan	Queensland	Australia	-26.4396	152.992
4563	Cooroy	Queensland	Australia	-26.4178	152.9115
4564	Marcoola	Queensland	Australia	-26.5845	153.0947
4565	Tewantin	Queensland	Australia	-26.391	153.0343
4566	Noosaville	Queensland	Australia	-26.4	153.0667
4567	Noosa Heads	Queensland	Australia	-26.3943	153.0901
4568	Pomona	Queensland	Australia	-26.3668	152.8557
4569	Cooran	Queensland	Australia	-26.3369	152.8225
4570	Gympie	Queensland	Australia	-26.1898	152.665
4571	Kin Kin	Queensland	Australia	-26.2709	152.8773
4572	Alexandra Headland	Queensland	Australia	-26.6715	153.1006
4573	Coolum Beach	Queensland	Australia	-26.5283	153.0881
4574	Kenilworth	Queensland	Australia	-26.5966	152.7281
4575	Wurtulla	Queensland	Australia	-26.7565	153.128
4580	Cooloola Cove	Queensland	Australia	-25.9864	152.9935
4581	Rainbow Beach	Queensland	Australia	-25.9043	153.0917
4600	Kilkivan	Queensland	Australia	-26.0869	152.234
4601	Goomeri	Queensland	Australia	-26.1838	152.0687
4605	Murgon	Queensland	Australia	-26.2417	151.9405
4606	Wondai	Queensland	Australia	-26.3177	151.8724
4608	Cushnie	Queensland	Australia	-26.3278	151.7479
4610	Kingaroy	Queensland	Australia	-26.5399	151.8373
4611	Mondure	Queensland	Australia	-26.1837	151.7724
4612	Keysland	Queensland	Australia	-26.182	151.712
4613	Boondooma	Queensland	Australia	-26.3036	151.262
4614	Yarraman	Queensland	Australia	-26.8417	151.9814
4615	Nanango	Queensland	Australia	-26.6716	152.0021
4620	Brooweena	Queensland	Australia	-25.6059	152.2611
4621	Biggenden	Queensland	Australia	-25.5086	152.0448
4625	Gayndah	Queensland	Australia	-25.6252	151.6114
4626	Mundubbera	Queensland	Australia	-25.5927	151.3022
4627	Eidsvold	Queensland	Australia	-25.3717	151.1215
4630	Monto	Queensland	Australia	-24.8648	151.122
4650	Maryborough	Queensland	Australia	-25.5407	152.7049
4655	Hervey Bay	Queensland	Australia	-25.2876	152.7694
4659	Burrum Heads	Queensland	Australia	-25.1846	152.6126
4660	Childers	Queensland	Australia	-25.2371	152.2788
4662	Torbanlea	Queensland	Australia	-25.3453	152.5938
4670	Bundaberg	Queensland	Australia	-24.8662	152.3479
4671	Gin Gin	Queensland	Australia	-24.9936	151.9581
4673	Littabella	Queensland	Australia	-24.6857	152.0781
4674	Berajondo	Queensland	Australia	-24.6171	151.8441
4676	Lowmead	Queensland	Australia	-24.5295	151.7532
4677	Agnes Water	Queensland	Australia	-24.2119	151.9035
4678	Rodds Bay	Queensland	Australia	-24.0855	151.6282
4680	Gladstone	Queensland	Australia	-23.8485	151.2577
4694	Targinie	Queensland	Australia	-23.8	151.1
4695	East End	Queensland	Australia	-23.8233	150.938
4697	Raglan	Queensland	Australia	-23.7167	150.8167
4699	Port Alma	Queensland	Australia	-23.5831	150.8608
4700	Rockhampton	Queensland	Australia	-23.3803	150.506
4701	Norman Gardens	Queensland	Australia	-23.3304	150.5275
4702	Gracemere	Queensland	Australia	-23.4379	150.4575
4703	Yeppoon	Queensland	Australia	-23.1268	150.7441
4704	Yaamba	Queensland	Australia	-23.1333	150.3667
4705	Clarke Creek	Queensland	Australia	-22.638	149.2512
4706	Ogmore	Queensland	Australia	-22.6167	149.65
4707	St Lawrence	Queensland	Australia	-22.3456	149.5353
4709	Tieri	Queensland	Australia	-23.0383	148.3446
4710	Zilzie	Queensland	Australia	-23.2887	150.7982
4711	Glendale	Queensland	Australia	-24.1689	150.2319
4712	Duaringa	Queensland	Australia	-23.7158	149.6701
4713	Woorabinda	Queensland	Australia	-24.1306	149.4566
4714	Mount Morgan	Queensland	Australia	-23.6453	150.389
4715	Biloela	Queensland	Australia	-24.3959	150.515
4716	Thangool	Queensland	Australia	-24.4863	150.5736
4717	Blackwater	Queensland	Australia	-23.5835	148.8791
4718	Moura	Queensland	Australia	-24.5722	149.9673
4719	Theodore	Queensland	Australia	-24.946	150.0742
4720	Emerald	Queensland	Australia	-23.523	148.1578
4721	Clermont	Queensland	Australia	-22.8241	147.6364
4722	Springsure	Queensland	Australia	-24.1148	148.0885
4723	Capella	Queensland	Australia	-23.0859	148.0221
4724	Sedgeford	Queensland	Australia	-23.6511	146.8555
4725	Barcaldine	Queensland	Australia	-23.5535	145.2854
4726	Galilee	Queensland	Australia	-22.9683	145.245
4727	Ilfracombe	Queensland	Australia	-23.5	144.5
4728	Jericho	Queensland	Australia	-23.6	146.1333
4730	Vergemont	Queensland	Australia	-23.5558	143.1897
4731	Yaraka	Queensland	Australia	-24.8842	144.08
4732	Tablederry	Queensland	Australia	-22.3956	144.5099
4733	Corfield	Queensland	Australia	-21.7167	143.3667
4735	Winton	Queensland	Australia	-22.3818	143.0424
4736	Jundah	Queensland	Australia	-24.8331	143.0616
4737	Sarina	Queensland	Australia	-21.4191	149.2168
4738	Koumala	Queensland	Australia	-21.6167	149.25
4739	Carmila	Queensland	Australia	-21.9167	149.4167
4740	Mackay	Queensland	Australia	-21.1534	149.1655
4741	Coppabella	Queensland	Australia	-21.9471	148.3005
4742	Nebo	Queensland	Australia	-21.6833	148.6833
4743	Glenden	Queensland	Australia	-21.3544	148.1149
4744	Moranbah	Queensland	Australia	-22.0016	148.0466
4745	Dysart	Queensland	Australia	-22.5882	148.3492
4746	Middlemount	Queensland	Australia	-22.8123	148.6993
4750	Bucasia	Queensland	Australia	-21.0349	149.1573
4751	Walkerston	Queensland	Australia	-21.161	149.0581
4753	Marian	Queensland	Australia	-21.1439	148.9421
4754	Mirani	Queensland	Australia	-21.1573	148.8622
4756	Finch Hatton	Queensland	Australia	-21.1404	148.6288
4757	Crediton	Queensland	Australia	-21.2048	148.5416
4798	St Helens Beach	Queensland	Australia	-20.8564	148.8096
4799	Bloomsbury	Queensland	Australia	-20.7167	148.6
4800	Proserpine	Queensland	Australia	-20.4011	148.5802
4801	Hayman Island	Queensland	Australia	-20.0511	148.8849
4802	Cannonvale	Queensland	Australia	-20.2768	148.6976
4803	Hamilton Island	Queensland	Australia	-20.346	148.9519
4804	Collinsville	Queensland	Australia	-20.5522	147.844
4805	Bowen	Queensland	Australia	-20.0137	148.2475
4806	Home Hill	Queensland	Australia	-19.6592	147.4123
4807	Ayr	Queensland	Australia	-19.5739	147.4067
4808	Brandon	Queensland	Australia	-19.5539	147.353
4809	Shirbourne	Queensland	Australia	-19.5687	147.0703
4810	Townsville	Queensland	Australia	-19.2664	146.8057
4811	Wulguru	Queensland	Australia	-19.3285	146.8184
4812	Mundingburra	Queensland	Australia	-19.2985	146.7935
4813	Lavarack Barracks	Queensland	Australia	-19.342	146.636
4814	Mount Louisa	Queensland	Australia	-19.274	146.7509
4815	Kelso	Queensland	Australia	-19.3893	146.7191
4816	Palm Island	Queensland	Australia	-18.7356	146.5779
4817	Kirwan	Queensland	Australia	-19.3032	146.7253
4818	Bushland Beach	Queensland	Australia	-19.1913	146.6768
4819	Magnetic Island	Queensland	Australia	-19.1551	146.8485
4820	Charters Towers	Queensland	Australia	-20.0767	146.2635
4821	Hughenden	Queensland	Australia	-20.844	144.2003
4822	Richmond	Queensland	Australia	-20.7324	143.1436
4823	Julia Creek	Queensland	Australia	-20.6558	141.7413
4824	Cloncurry	Queensland	Australia	-20.7072	140.513
4825	Mount Isa	Queensland	Australia	-20.7252	139.4973
4828	Camooweal	Queensland	Australia	-19.9215	138.1201
4829	Min Min	Queensland	Australia	-22.9114	139.9093
4830	Doomadgee	Queensland	Australia	-17.9435	138.8272
4849	Cardwell	Queensland	Australia	-18.2669	146.028
4850	Ingham	Queensland	Australia	-18.6455	146.1625
4852	Wongaling Beach	Queensland	Australia	-17.9133	146.0961
4854	Tully	Queensland	Australia	-17.9326	145.9228
4855	Daveson	Queensland	Australia	-17.7854	146.0211
4856	Mccutcheon	Queensland	Australia	-17.7351	145.983
4857	Silkwood East	Queensland	Australia	-18.1193	146.0404
4858	Mourilyan	Queensland	Australia	-17.5826	146.0435
4859	South Johnstone	Queensland	Australia	-17.5972	145.9945
4860	East Innisfail	Queensland	Australia	-17.5332	146.0349
4861	Babinda	Queensland	Australia	-17.3439	145.9227
4865	Gordonvale	Queensland	Australia	-17.0996	145.7804
4868	Mount Sheridan	Queensland	Australia	-16.9861	145.7324
4869	Edmonton	Queensland	Australia	-17.019	145.7444
4870	Cairns	Queensland	Australia	-16.9237	145.7661
4871	Yarrabah	Queensland	Australia	-16.9945	145.8972
4872	Kuranda	Queensland	Australia	-16.8198	145.6382
4873	Mossman	Queensland	Australia	-16.4629	145.3714
4874	Weipa	Queensland	Australia	-12.6235	141.8788
4875	Yam Island	Queensland	Australia	-16.6282	145.2087
4876	Somerset	Queensland	Australia	-16.6282	145.2087
4877	Port Douglas	Queensland	Australia	-16.4838	145.4673
4878	Yorkeys Knob	Queensland	Australia	-16.8028	145.7208
4879	Trinity Beach	Queensland	Australia	-16.7888	145.6968
4880	Mareeba	Queensland	Australia	-16.991	145.4231
4881	Kuranda	Queensland	Australia	-16.8198	145.6382
4882	Tolga	Queensland	Australia	-17.1856	145.4771
4883	Atherton	Queensland	Australia	-17.2686	145.4752
4884	Yungaburra	Queensland	Australia	-17.2706	145.5833
4885	Malanda	Queensland	Australia	-17.3523	145.5953
4886	Millaa Millaa	Queensland	Australia	-17.5139	145.6129
4887	Herberton	Queensland	Australia	-17.3736	145.3845
4888	Ravenshoe	Queensland	Australia	-17.609	145.4841
4890	Normanton	Queensland	Australia	-17.6718	141.0772
4891	Karumba	Queensland	Australia	-17.4869	140.8426
4892	Aurukun	Queensland	Australia	-13.3558	141.7271
4895	Cooktown	Queensland	Australia	-15.4657	145.2498
5000	Adelaide	South Australia	Australia	-34.9287	138.5986
5001	Adelaide	South Australia	Australia	-34.9287	138.5986
5005	The University Of Adelaide	South Australia	Australia	-34.8972	138.5717
5006	North Adelaide	South Australia	Australia	-34.9073	138.5914
5007	Brompton	South Australia	Australia	-34.8944	138.5782
5008	West Croydon	South Australia	Australia	-34.8945	138.5593
5009	Allenby Gardens	South Australia	Australia	-34.8977	138.5542
5010	Ferryden Park	South Australia	Australia	-34.8662	138.5618
5011	Woodville South	South Australia	Australia	-34.8819	138.5348
5012	Mansfield Park	South Australia	Australia	-34.8566	138.5519
5013	Pennington	South Australia	Australia	-34.8576	138.5316
5014	Royal Park	South Australia	Australia	-34.8742	138.5119
5015	Birkenhead	South Australia	Australia	-34.8368	138.4979
5016	Largs Bay	South Australia	Australia	-34.8258	138.4862
5017	Taperoo	South Australia	Australia	-34.8043	138.4959
5018	North Haven	South Australia	Australia	-34.7883	138.4916
5019	Semaphore Park	South Australia	Australia	-34.8507	138.4789
5020	West Lakes Shore	South Australia	Australia	-34.8601	138.4897
5021	West Lakes	South Australia	Australia	-34.873	138.4946
5022	Henley Beach	South Australia	Australia	-34.9203	138.4944
5023	Seaton	South Australia	Australia	-34.9	138.5167
5024	Fulham Gardens	South Australia	Australia	-34.9148	138.5132
5025	Flinders Park	South Australia	Australia	-34.9103	138.5432
5031	Mile End	South Australia	Australia	-34.9265	138.5703
5032	Lockleys	South Australia	Australia	-34.9259	138.528
5033	Richmond	South Australia	Australia	-34.942	138.5632
5034	Goodwood	South Australia	Australia	-34.9509	138.5923
5035	Black Forest	South Australia	Australia	-34.9603	138.5767
5037	North Plympton	South Australia	Australia	-34.9577	138.5534
5038	Plympton	South Australia	Australia	-34.962	138.555
5039	Edwardstown	South Australia	Australia	-34.9802	138.5694
5040	Novar Gardens	South Australia	Australia	-34.9663	138.5326
5041	Colonel Light Gardens	South Australia	Australia	-34.9863	138.5975
5042	Clovelly Park	South Australia	Australia	-34.9995	138.5708
5043	Mitchell Park	South Australia	Australia	-35.0103	138.5627
5044	Somerton Park	South Australia	Australia	-34.9971	138.5215
5045	Glenelg North	South Australia	Australia	-34.9679	138.5175
5046	Warradale	South Australia	Australia	-34.9972	138.5316
5047	Seacombe Gardens	South Australia	Australia	-35.0234	138.5458
5048	Brighton	South Australia	Australia	-35.0182	138.5235
5049	Seaview Downs	South Australia	Australia	-35.037	138.538
5050	Eden Hills	South Australia	Australia	-35.0211	138.5957
5051	Coromandel Valley	South Australia	Australia	-35.05	138.6167
5052	Belair	South Australia	Australia	-34.9977	138.6208
5061	Unley	South Australia	Australia	-34.95	138.6
5062	Torrens Park	South Australia	Australia	-34.9761	138.6103
5063	Parkside	South Australia	Australia	-34.9451	138.613
5064	Myrtle Bank	South Australia	Australia	-34.9606	138.6338
5065	Toorak Gardens	South Australia	Australia	-34.9348	138.6364
5066	Beaumont	South Australia	Australia	-34.949	138.6619
5067	Norwood	South Australia	Australia	-34.9273	138.6285
5068	Kensington Park	South Australia	Australia	-34.9202	138.6543
5069	St Peters	South Australia	Australia	-34.905	138.6225
5070	Marden	South Australia	Australia	-34.8957	138.6378
5071	Kent Town	South Australia	Australia	-34.9216	138.6201
5072	Magill	South Australia	Australia	-34.9091	138.675
5073	Rostrevor	South Australia	Australia	-34.8833	138.6667
5074	Campbelltown	South Australia	Australia	-34.8833	138.6667
5075	Paradise	South Australia	Australia	-34.8736	138.669
5076	Athelstone	South Australia	Australia	-34.8702	138.6999
5081	Vale Park	South Australia	Australia	-34.886	138.6271
5082	Prospect	South Australia	Australia	-34.8824	138.5933
5083	Broadview	South Australia	Australia	-34.8759	138.615
5084	Kilburn	South Australia	Australia	-34.8597	138.5856
5085	Northgate	South Australia	Australia	-34.8578	138.6291
5086	Oakden	South Australia	Australia	-34.8528	138.6433
5087	Klemzig	South Australia	Australia	-34.8793	138.6356
5088	Holden Hill	South Australia	Australia	-34.8516	138.6723
5089	Highbury	South Australia	Australia	-34.8529	138.6975
5090	Hope Valley	South Australia	Australia	-34.8333	138.7
5091	Banksia Park	South Australia	Australia	-34.8102	138.7357
5092	Modbury Heights	South Australia	Australia	-34.8097	138.6854
5093	Valley View	South Australia	Australia	-34.8399	138.6607
5094	Gepps Cross	South Australia	Australia	-34.8415	138.5956
5095	Mawson Lakes	South Australia	Australia	-34.8159	138.6081
5096	Para Hills	South Australia	Australia	-34.8121	138.658
5097	Redwood Park	South Australia	Australia	-34.8116	138.7069
5098	Ingle Farm	South Australia	Australia	-34.8333	138.6333
5106	Salisbury South Dc	South Australia	Australia	-34.7847	138.6427
5107	Parafield Gardens	South Australia	Australia	-34.7825	138.6108
5108	Paralowie	South Australia	Australia	-34.7571	138.6082
5109	Salisbury East	South Australia	Australia	-34.7905	138.6545
5110	Burton	South Australia	Australia	-34.7334	138.6025
5111	Edinburgh Raaf	South Australia	Australia	-34.7462	138.6375
5112	Hillbank	South Australia	Australia	-34.7359	138.6872
5113	Davoren Park	South Australia	Australia	-34.6906	138.6686
5114	Craigmore	South Australia	Australia	-34.7006	138.7096
5115	Munno Para West	South Australia	Australia	-34.657	138.671
5116	Evanston Park	South Australia	Australia	-34.6228	138.7412
5117	Angle Vale	South Australia	Australia	-34.641	138.6461
5118	Gawler	South Australia	Australia	-34.6025	138.749
5120	Virginia	South Australia	Australia	-34.6663	138.5603
5121	Penfield	South Australia	Australia	-34.695	138.6401
5125	Golden Grove	South Australia	Australia	-34.7833	138.7333
5126	Fairview Park	South Australia	Australia	-34.8	138.7286
5127	Wynn Vale	South Australia	Australia	-34.7994	138.6871
5131	Houghton	South Australia	Australia	-34.8287	138.7615
5132	Paracombe	South Australia	Australia	-34.8488	138.78
5133	Inglewood	South Australia	Australia	-34.824	138.7739
5134	Cherryville	South Australia	Australia	-34.912	138.7657
5136	Norton Summit	South Australia	Australia	-34.9229	138.7249
5137	Ashton	South Australia	Australia	-34.9395	138.7371
5138	Basket Range	South Australia	Australia	-34.9398	138.765
5139	Forest Range	South Australia	Australia	-34.928	138.807
5140	Greenhill	South Australia	Australia	-34.9499	138.6917
5141	Summertown	South Australia	Australia	-34.9595	138.7313
5142	Uraidla	South Australia	Australia	-34.956	138.7444
5144	Carey Gully	South Australia	Australia	-34.9647	138.7618
5150	Eagle On The Hill	South Australia	Australia	-34.9741	138.6734
5151	Piccadilly	South Australia	Australia	-34.9778	138.7302
5152	Stirling	South Australia	Australia	-35.0022	138.7196
5153	Macclesfield	South Australia	Australia	-35.1718	138.8359
5154	Aldgate	South Australia	Australia	-35.0167	138.7333
5155	Bridgewater	South Australia	Australia	-35.014	138.7665
5156	Upper Sturt	South Australia	Australia	-35.0167	138.6833
5157	Kangarilla	South Australia	Australia	-35.1488	138.6604
5158	Hallett Cove	South Australia	Australia	-35.0792	138.5146
5159	Happy Valley	South Australia	Australia	-35.0838	138.5726
5160	Lonsdale Dc	South Australia	Australia	-35.1068	138.4929
5161	Reynella	South Australia	Australia	-35.0937	138.5308
5162	Morphett Vale	South Australia	Australia	-35.1333	138.5167
5163	Huntfield Heights	South Australia	Australia	-35.1545	138.5142
5164	Christie Downs	South Australia	Australia	-35.13	138.4963
5165	Christies Beach	South Australia	Australia	-35.1388	138.4723
5166	O'Sullivan Beach	South Australia	Australia	-35.1188	138.4734
5167	Port Noarlunga	South Australia	Australia	-35.148	138.471
5168	Noarlunga Downs	South Australia	Australia	-35.1504	138.504
5169	Seaford Rise	South Australia	Australia	-35.193	138.4817
5170	Maslin Beach	South Australia	Australia	-35.2259	138.4798
5171	Mclaren Vale	South Australia	Australia	-35.2189	138.5433
5172	Willunga	South Australia	Australia	-35.2713	138.5542
5173	Aldinga Beach	South Australia	Australia	-35.2783	138.458
5174	Sellicks Beach	South Australia	Australia	-35.3387	138.4473
5201	Meadows	South Australia	Australia	-35.1802	138.7625
5202	Myponga	South Australia	Australia	-35.404	138.4712
5203	Yankalilla	South Australia	Australia	-35.4571	138.3498
5204	Normanville	South Australia	Australia	-35.4462	138.3213
5210	Mount Compass	South Australia	Australia	-35.3469	138.6203
5211	Encounter Bay	South Australia	Australia	-35.5742	138.6005
5212	Port Elliot	South Australia	Australia	-35.5302	138.6792
5213	Middleton	South Australia	Australia	-35.5105	138.7038
5214	Goolwa	South Australia	Australia	-35.5016	138.7819
5220	Parndana	South Australia	Australia	-35.7853	137.2571
5221	American River	South Australia	Australia	-35.7725	137.7783
5222	Cuttlefish Bay	South Australia	Australia	-35.7495	138.0415
5223	Kingscote	South Australia	Australia	-35.6559	137.6393
5231	Kersbrook	South Australia	Australia	-34.7831	138.8509
5232	Cudlee Creek	South Australia	Australia	-34.8409	138.8284
5233	Gumeracha	South Australia	Australia	-34.8239	138.8847
5234	Birdwood	South Australia	Australia	-34.8183	138.9648
5235	Mount Pleasant	South Australia	Australia	-34.7749	139.0491
5236	Tungkillo	South Australia	Australia	-34.8167	139.0667
5237	Milendella	South Australia	Australia	-34.8167	139.2
5238	Mannum	South Australia	Australia	-34.9153	139.3033
5240	Lenswood	South Australia	Australia	-34.9182	138.8326
5241	Lobethal	South Australia	Australia	-34.9045	138.8748
5242	Balhannah	South Australia	Australia	-34.9909	138.8257
5243	Oakbank	South Australia	Australia	-34.9834	138.8453
5244	Woodside	South Australia	Australia	-34.9543	138.879
5245	Hahndorf	South Australia	Australia	-35.0286	138.8078
5250	Littlehampton	South Australia	Australia	-35.0422	138.8642
5251	Mount Barker	South Australia	Australia	-35.0667	138.8667
5252	Nairne	South Australia	Australia	-35.0345	138.9115
5253	Murray Bridge	South Australia	Australia	-35.1199	139.2735
5254	Murray Bridge	South Australia	Australia	-35.1199	139.2735
5255	Strathalbyn	South Australia	Australia	-35.2598	138.8925
5256	Milang	South Australia	Australia	-35.4078	138.9712
5259	Tailem Bend	South Australia	Australia	-35.2523	139.4555
5260	Tailem Bend	South Australia	Australia	-35.2523	139.4555
5261	Culburra	South Australia	Australia	-35.8134	139.9649
5262	Kybybolite	South Australia	Australia	-36.8833	140.9167
5263	Coonawarra	South Australia	Australia	-37.2906	140.8344
5264	Meningie	South Australia	Australia	-35.6864	139.3401
5265	Coonalpyn	South Australia	Australia	-35.6942	139.8578
5266	Tintinara	South Australia	Australia	-35.8871	140.0565
5267	Keith	South Australia	Australia	-36.0991	140.3531
5268	Bordertown	South Australia	Australia	-36.3077	140.7717
5269	Pine Hill	South Australia	Australia	-36.4222	140.9111
5270	Mundulla	South Australia	Australia	-36.3667	140.6833
5271	Naracoorte	South Australia	Australia	-36.9578	140.7383
5272	Lucindale	South Australia	Australia	-36.9727	140.3701
5273	Avenue Range	South Australia	Australia	-36.9667	140.2333
5275	Wangolina	South Australia	Australia	-36.9625	139.759
5276	Robe	South Australia	Australia	-37.1639	139.7603
5277	Penola	South Australia	Australia	-37.3752	140.8368
5278	Kalangadoo	South Australia	Australia	-37.5648	140.6992
5279	Trihi	South Australia	Australia	-37.5054	140.6197
5280	Millicent	South Australia	Australia	-37.5939	140.3495
5290	Mount Gambier	South Australia	Australia	-37.8318	140.7792
5291	Mount Gambier	South Australia	Australia	-37.8318	140.7792
5301	Carcuma	South Australia	Australia	-35.3728	140.0254
5302	Lameroo	South Australia	Australia	-35.329	140.5167
5303	Parilla	South Australia	Australia	-35.3	140.6667
5304	Pinnaroo	South Australia	Australia	-35.2616	140.912
5306	Wynarka	South Australia	Australia	-35.1333	139.7333
5307	Karoonda	South Australia	Australia	-35.0945	139.8934
5308	Galga	South Australia	Australia	-34.6994	139.9646
5309	Halidon	South Australia	Australia	-34.8833	140.1667
5310	Caliph	South Australia	Australia	-34.6667	140.2833
5311	Malpas	South Australia	Australia	-34.7167	140.6167
5320	Maude	South Australia	Australia	-33.9355	139.4141
5321	Cadell	South Australia	Australia	-34.0388	139.7639
5322	Ramco Heights	South Australia	Australia	-34.1932	139.9076
5330	Waikerie	South Australia	Australia	-34.1818	139.9855
5331	Kingston On Murray	South Australia	Australia	-34.2189	140.3345
5332	Moorook	South Australia	Australia	-34.2663	140.3566
5333	Loxton	South Australia	Australia	-34.4502	140.5691
5340	Paringa	South Australia	Australia	-34.1764	140.7858
5341	Renmark	South Australia	Australia	-34.177	140.747
5342	Monash	South Australia	Australia	-34.2384	140.5613
5343	Berri	South Australia	Australia	-34.2811	140.5996
5344	Glossop	South Australia	Australia	-34.2769	140.541
5345	Barmera	South Australia	Australia	-34.2556	140.4615
5346	Cobdogla	South Australia	Australia	-34.2438	140.4043
5350	Rosedale	South Australia	Australia	-34.55	138.85
5351	Williamstown	South Australia	Australia	-34.6721	138.8911
5352	Tanunda	South Australia	Australia	-34.5234	138.9598
5353	Angaston	South Australia	Australia	-34.5013	139.0462
5354	Fisher	South Australia	Australia	-34.5856	139.6767
5355	Nuriootpa	South Australia	Australia	-34.4682	138.9977
5356	Truro	South Australia	Australia	-34.4087	139.1274
5357	New Well	South Australia	Australia	-34.3874	139.9239
5360	Greenock	South Australia	Australia	-34.457	138.9272
5371	Roseworthy	South Australia	Australia	-34.534	138.7502
5372	Freeling	South Australia	Australia	-34.4541	138.8087
5373	Kapunda	South Australia	Australia	-34.3387	138.9164
5374	Eudunda	South Australia	Australia	-34.177	139.0841
5381	Bright	South Australia	Australia	-33.9035	139.1343
5400	Wasleys	South Australia	Australia	-34.4699	138.6856
5401	Hamley Bridge	South Australia	Australia	-34.3576	138.6807
5410	Linwood	South Australia	Australia	-34.3603	138.7679
5411	Tarlee	South Australia	Australia	-34.2716	138.7713
5412	Riverton	South Australia	Australia	-34.1551	138.7482
5413	Tothill Creek	South Australia	Australia	-34.1	138.9167
5414	Manoora	South Australia	Australia	-34	138.8167
5415	Stanley	South Australia	Australia	-33.787	138.6034
5416	Farrell Flat	South Australia	Australia	-33.8228	138.8791
5417	Burra	South Australia	Australia	-33.6717	138.9283
5418	Mount Bryan	South Australia	Australia	-33.5494	138.8922
5419	Mount Bryan East	South Australia	Australia	-33.4047	139.0184
5420	Canowie Belt	South Australia	Australia	-33.1826	138.7625
5421	Terowie	South Australia	Australia	-33.1667	138.9
5422	Peterborough	South Australia	Australia	-32.9721	138.8407
5431	Orroroo	South Australia	Australia	-32.7344	138.6139
5432	Wilcowie	South Australia	Australia	-32.2748	138.6181
5433	Quorn	South Australia	Australia	-32.3468	138.0418
5434	Flinders Ranges	South Australia	Australia	-31.8467	138.3446
5440	Nackara	South Australia	Australia	-32.8	139.2333
5451	Auburn	South Australia	Australia	-34.0269	138.6852
5452	Leasingham	South Australia	Australia	-33.9826	138.6463
5453	Clare	South Australia	Australia	-33.8332	138.6106
5454	Euromina	South Australia	Australia	-33.6252	138.5759
5455	Hilltown	South Australia	Australia	-33.8205	138.6153
5460	Pinery	South Australia	Australia	-34.3	138.45
5461	Balaklava	South Australia	Australia	-34.1454	138.4115
5462	Blyth	South Australia	Australia	-33.8486	138.4893
5464	Bungaree	South Australia	Australia	-33.7443	138.5609
5470	Yacka	South Australia	Australia	-33.5709	138.4492
5471	Gulnare	South Australia	Australia	-33.4672	138.443
5472	Georgetown	South Australia	Australia	-33.3667	138.4
5473	Gladstone	South Australia	Australia	-33.2669	138.3566
5480	Laura	South Australia	Australia	-33.1852	138.3023
5481	Wirrabara	South Australia	Australia	-33.0338	138.2692
5482	Wepowie	South Australia	Australia	-32.8333	138.4833
5483	Melrose	South Australia	Australia	-32.8253	138.1863
5485	Wilmington	South Australia	Australia	-32.6499	138.0981
5490	Caltowie North	South Australia	Australia	-33.1233	138.4916
5491	Jamestown	South Australia	Australia	-33.2053	138.605
5493	Yongala	South Australia	Australia	-33.0303	138.7503
5495	Port Germein	South Australia	Australia	-33.0216	138.0013
5501	Lewiston	South Australia	Australia	-34.6045	138.5913
5502	Mallala	South Australia	Australia	-34.4374	138.5099
5510	Lochiel	South Australia	Australia	-33.9333	138.1667
5520	Barunga Gap	South Australia	Australia	-33.5241	138.0404
5521	Redhill	South Australia	Australia	-33.5333	138.2333
5522	Port Broughton	South Australia	Australia	-33.6007	137.936
5523	Crystal Brook	South Australia	Australia	-33.3526	138.2095
5540	Port Pirie	South Australia	Australia	-33.1918	138.0175
5550	Port Wakefield	South Australia	Australia	-34.1848	138.1453
5552	Kainton	South Australia	Australia	-34.1233	137.9028
5554	Kadina	South Australia	Australia	-33.965	137.7163
5555	Hope Gap	South Australia	Australia	-33.8907	137.9935
5556	Wallaroo	South Australia	Australia	-33.9388	137.6337
5558	Moonta Bay	South Australia	Australia	-34.05	137.5667
5560	Ninnes	South Australia	Australia	-33.9691	138.0237
5570	Winulta	South Australia	Australia	-34.2763	137.8728
5571	Ardrossan	South Australia	Australia	-34.4222	137.9191
5572	Arthurton	South Australia	Australia	-34.2667	137.75
5573	Maitland	South Australia	Australia	-34.3739	137.6733
5575	Minlaton	South Australia	Australia	-34.771	137.5958
5576	Yorketown	South Australia	Australia	-35.0185	137.6049
5577	Point Souttar	South Australia	Australia	-34.9027	137.2417
5580	Port Julia	South Australia	Australia	-34.6667	137.8667
5581	Port Vincent	South Australia	Australia	-34.7798	137.8593
5582	Stansbury	South Australia	Australia	-34.9111	137.799
5583	Coobowie	South Australia	Australia	-35.044	137.7311
5600	Whyalla	South Australia	Australia	-33.0327	137.5648
5601	Douglas Point South	South Australia	Australia	-32.8547	137.8064
5602	Cowell	South Australia	Australia	-33.6823	136.9212
5603	Arno Bay	South Australia	Australia	-33.9	136.5667
5604	Port Neill	South Australia	Australia	-34.1191	136.3493
5605	Tumby Bay	South Australia	Australia	-34.3773	136.1007
5606	Port Lincoln	South Australia	Australia	-34.7263	135.8744
5607	Port Lincoln	South Australia	Australia	-34.7263	135.8744
5608	Whyalla Norrie	South Australia	Australia	-33.029	137.5392
5609	Whyalla Jenkins	South Australia	Australia	-33.0221	137.5127
5611	Cooyerdoo	South Australia	Australia	-32.864	137.1598
5630	Edilillie	South Australia	Australia	-34.4118	135.7063
5631	Cummins	South Australia	Australia	-34.264	135.726
5632	Kapinnie	South Australia	Australia	-34.138	135.4976
5633	Lock	South Australia	Australia	-33.568	135.7565
5640	Cleve	South Australia	Australia	-33.7	136.5
5641	Kimba	South Australia	Australia	-33.1416	136.4187
5642	Kielpa	South Australia	Australia	-33.5833	136.2167
5650	Warramboo	South Australia	Australia	-33.2333	135.6
5651	Kyancutta	South Australia	Australia	-33.1333	135.5667
5652	Wudinna	South Australia	Australia	-33.0501	135.4638
5653	Yaninee	South Australia	Australia	-32.9462	135.2737
5654	Cocata	South Australia	Australia	-32.9111	135.0722
5655	Kaldoonera	South Australia	Australia	-32.5839	134.8774
5660	Chilpenunda	South Australia	Australia	-32.5833	134.7167
5661	Pimbaacla	South Australia	Australia	-32.3241	134.4495
5670	Elliston	South Australia	Australia	-33.6479	134.8889
5671	Witera	South Australia	Australia	-33.0981	134.5451
5680	Streaky Bay	South Australia	Australia	-32.7955	134.2093
5690	Ceduna	South Australia	Australia	-32.1266	133.6727
5700	Port Augusta	South Australia	Australia	-32.496	137.7728
5701	Port Augusta	South Australia	Australia	-32.496	137.7728
5710	Port Augusta	South Australia	Australia	-32.496	137.7728
5713	Lake Torrens	South Australia	Australia	-33.892	137.903
5715	Wartaka	South Australia	Australia	-32.2125	136.5539
5717	Uno	South Australia	Australia	-32.4474	136.411
5719	Bon Bon	South Australia	Australia	-30.9427	135.5329
5720	Woomera	South Australia	Australia	-31.1998	136.8326
5722	Andamooka	South Australia	Australia	-30.4481	137.1656
5723	Coober Pedy	South Australia	Australia	-29.0141	134.755
5724	Marla	South Australia	Australia	-27.2997	133.6225
5725	Roxby Downs	South Australia	Australia	-30.5631	136.8955
5730	Beltana	South Australia	Australia	-30.8143	138.4152
5731	Innamincka	South Australia	Australia	-27.7434	140.7393
5732	Gammon Ranges	South Australia	Australia	-30.3354	139.1148
5733	Mungeranie	South Australia	Australia	-28.0189	138.6642
5734	Simpson Desert	South Australia	Australia	-27.5514	135.4491
5800	Adelaide	South Australia	Australia	-34.9287	138.5986
5801	Adelaide	South Australia	Australia	-34.9287	138.5986
5810	Adelaide	South Australia	Australia	-34.9287	138.5986
5839	Adelaide	South Australia	Australia	-34.9287	138.5986
5942	Regency Park	South Australia	Australia	-34.8626	138.5724
5950	Adelaide Airport	South Australia	Australia	-34.9391	138.5341
6000	Perth	Western Australia	Australia	-31.9522	115.8614
6001	Perth	Western Australia	Australia	-31.9522	115.8614
6003	Highgate	Western Australia	Australia	-31.9397	115.8701
6004	East Perth	Western Australia	Australia	-31.9587	115.8711
6005	West Perth	Western Australia	Australia	-31.949	115.842
6006	North Perth	Western Australia	Australia	-31.9272	115.8528
6007	West Leederville	Western Australia	Australia	-31.9414	115.8312
6008	Subiaco	Western Australia	Australia	-31.9485	115.8268
6009	Nedlands	Western Australia	Australia	-31.9818	115.8073
6010	Claremont	Western Australia	Australia	-31.9796	115.7823
6011	Cottesloe	Western Australia	Australia	-31.9943	115.7582
6012	Mosman Park	Western Australia	Australia	-32.0054	115.7638
6014	Wembley	Western Australia	Australia	-31.9331	115.8178
6015	City Beach	Western Australia	Australia	-31.9344	115.7617
6016	Mount Hawthorn	Western Australia	Australia	-31.92	115.8351
6017	Osborne Park	Western Australia	Australia	-31.9007	115.8108
6018	Karrinyup	Western Australia	Australia	-31.8723	115.7768
6019	Scarborough	Western Australia	Australia	-31.8958	115.7643
6020	Sorrento	Western Australia	Australia	-31.8253	115.7525
6021	Balcatta	Western Australia	Australia	-31.875	115.8284
6022	Hamersley	Western Australia	Australia	-31.849	115.8076
6023	Duncraig	Western Australia	Australia	-31.8329	115.7759
6024	Greenwood	Western Australia	Australia	-31.8272	115.8025
6025	Hillarys	Western Australia	Australia	-31.807	115.7405
6026	Kingsley	Western Australia	Australia	-31.8104	115.8008
6027	Joondalup	Western Australia	Australia	-31.7444	115.7683
6028	Currambine	Western Australia	Australia	-31.7331	115.7477
6029	Trigg	Western Australia	Australia	-31.8694	115.7571
6030	Clarkson	Western Australia	Australia	-31.6828	115.7247
6031	Banksia Grove	Western Australia	Australia	-31.6962	115.805
6032	Nowergup	Western Australia	Australia	-31.6371	115.7625
6033	Carabooda	Western Australia	Australia	-31.6058	115.7144
6034	Eglinton	Western Australia	Australia	-31.5868	115.6888
6035	Yanchep	Western Australia	Australia	-31.5468	115.6317
6036	Butler	Western Australia	Australia	-31.643	115.7043
6037	Two Rocks	Western Australia	Australia	-31.4998	115.5874
6038	Alkimos	Western Australia	Australia	-31.6304	115.6864
6041	Gabbadah	Western Australia	Australia	-31.292	115.5059
6042	Seabird	Western Australia	Australia	-31.2772	115.4439
6043	Ledge Point	Western Australia	Australia	-31.1002	115.3909
6044	Lancelin	Western Australia	Australia	-31.0225	115.3365
6050	Mount Lawley	Western Australia	Australia	-31.9344	115.8716
6051	Maylands	Western Australia	Australia	-31.931	115.8949
6052	Inglewood	Western Australia	Australia	-31.9166	115.8798
6053	Bayswater	Western Australia	Australia	-31.9169	115.9178
6054	Bassendean	Western Australia	Australia	-31.9091	115.9437
6055	Caversham	Western Australia	Australia	-31.8833	115.9667
6056	Swan View	Western Australia	Australia	-31.8833	116.05
6057	High Wycombe	Western Australia	Australia	-31.9444	116.0034
6058	Forrestfield	Western Australia	Australia	-31.9828	116.0067
6059	Dianella	Western Australia	Australia	-31.8882	115.8719
6060	Yokine	Western Australia	Australia	-31.9011	115.8532
6061	Balga	Western Australia	Australia	-31.855	115.8399
6062	Morley	Western Australia	Australia	-31.8877	115.9099
6063	Beechboro	Western Australia	Australia	-31.8651	115.9366
6064	Marangaroo	Western Australia	Australia	-31.8271	115.8384
6065	Landsdale	Western Australia	Australia	-31.8075	115.866
6066	Ballajura	Western Australia	Australia	-31.8406	115.8955
6067	Cullacabardee	Western Australia	Australia	-31.8194	115.9055
6068	Whiteman	Western Australia	Australia	-31.8245	115.9416
6069	Ellenbrook	Western Australia	Australia	-31.7674	115.9694
6070	Darlington	Western Australia	Australia	-31.9191	116.0812
6071	Glen Forrest	Western Australia	Australia	-31.9193	116.1073
6072	Mahogany Creek	Western Australia	Australia	-31.9056	116.1367
6073	Mundaring	Western Australia	Australia	-31.9021	116.1676
6074	Sawyers Valley	Western Australia	Australia	-31.9023	116.2007
6076	Lesmurdie	Western Australia	Australia	-32.002	116.0482
6077	Gnangara	Western Australia	Australia	-31.7761	115.8662
6078	Mariginiup	Western Australia	Australia	-31.7111	115.8432
6079	Melaleuca	Western Australia	Australia	-31.7225	115.9127
6081	Stoneville	Western Australia	Australia	-31.8783	116.1707
6082	Mount Helena	Western Australia	Australia	-31.8761	116.2103
6083	Gidgegannup	Western Australia	Australia	-31.7544	116.1875
6084	Bullsbrook	Western Australia	Australia	-31.669	115.9999
6090	Malaga	Western Australia	Australia	-31.8526	115.881
6100	Victoria Park	Western Australia	Australia	-31.9762	115.9052
6101	East Victoria Park	Western Australia	Australia	-31.9889	115.9039
6102	Bentley	Western Australia	Australia	-32.0022	115.9247
6103	Rivervale	Western Australia	Australia	-31.9555	115.9131
6104	Belmont	Western Australia	Australia	-31.9435	115.9255
6105	Cloverdale	Western Australia	Australia	-31.9628	115.9443
6106	Welshpool	Western Australia	Australia	-31.9944	115.9222
6107	Beckenham	Western Australia	Australia	-32.0248	115.9599
6108	Thornlie	Western Australia	Australia	-32.06	115.955
6109	Maddington	Western Australia	Australia	-32.05	115.9833
6110	Gosnells	Western Australia	Australia	-32.081	116.0054
6111	Kelmscott	Western Australia	Australia	-32.1243	116.0259
6112	Armadale	Western Australia	Australia	-32.1461	116.0093
6121	Oakford	Western Australia	Australia	-32.2009	115.9339
6122	Byford	Western Australia	Australia	-32.221	116.009
6123	Mundijong	Western Australia	Australia	-32.2922	115.9856
6124	Jarrahdale	Western Australia	Australia	-32.3358	116.0595
6125	Serpentine	Western Australia	Australia	-32.3605	115.9772
6126	Keysbrook	Western Australia	Australia	-32.4333	115.9667
6147	Parkwood	Western Australia	Australia	-32.0491	115.9184
6148	Riverton	Western Australia	Australia	-32.0347	115.8986
6149	Leeming	Western Australia	Australia	-32.0751	115.8661
6150	Winthrop	Western Australia	Australia	-32.0522	115.8297
6151	South Perth	Western Australia	Australia	-31.9833	115.8667
6152	Como	Western Australia	Australia	-31.9912	115.8634
6153	Applecross	Western Australia	Australia	-32.0167	115.8333
6154	Booragoon	Western Australia	Australia	-32.0395	115.8337
6155	Canning Vale	Western Australia	Australia	-32.058	115.9181
6156	Attadale	Western Australia	Australia	-32.0249	115.802
6157	Palmyra	Western Australia	Australia	-32.045	115.7859
6158	East Fremantle	Western Australia	Australia	-32.0382	115.7676
6159	North Fremantle	Western Australia	Australia	-32.0333	115.75
6160	Fremantle	Western Australia	Australia	-32.0563	115.7456
6161	Rottnest Island	Western Australia	Australia	-31.9952	115.5404
6162	Beaconsfield	Western Australia	Australia	-32.0675	115.764
6163	Hamilton Hill	Western Australia	Australia	-32.0845	115.7795
6164	Success	Western Australia	Australia	-32.1428	115.85
6165	Naval Base	Western Australia	Australia	-32.191	115.7777
6166	Coogee	Western Australia	Australia	-32.1193	115.7665
6167	Bertram	Western Australia	Australia	-32.2437	115.8457
6168	Rockingham	Western Australia	Australia	-32.2768	115.7298
6169	Waikiki	Western Australia	Australia	-32.3161	115.7546
6170	Wellard	Western Australia	Australia	-32.2667	115.8333
6171	Baldivis	Western Australia	Australia	-32.3289	115.8305
6172	Port Kennedy	Western Australia	Australia	-32.3734	115.7515
6173	Secret Harbour	Western Australia	Australia	-32.4059	115.7585
6174	Golden Bay	Western Australia	Australia	-32.425	115.761
6175	Singleton	Western Australia	Australia	-32.444	115.7572
6176	Karnup	Western Australia	Australia	-32.4189	115.7927
6180	Lakelands	Western Australia	Australia	-32.4716	115.7729
6181	Stake Hill	Western Australia	Australia	-32.4778	115.7942
6182	Keralup	Western Australia	Australia	-32.4299	115.8314
6207	North Dandalup	Western Australia	Australia	-32.5168	115.9719
6208	Pinjarra	Western Australia	Australia	-32.6298	115.8735
6209	Furnissdale	Western Australia	Australia	-32.5585	115.7604
6210	Mandurah	Western Australia	Australia	-32.5269	115.7217
6211	Dawesville	Western Australia	Australia	-32.6323	115.629
6213	Dwellingup	Western Australia	Australia	-32.7144	116.0622
6214	Coolup	Western Australia	Australia	-32.7333	115.8667
6215	Waroona	Western Australia	Australia	-32.8432	115.922
6218	Yarloop	Western Australia	Australia	-32.9537	115.8969
6219	Cookernup	Western Australia	Australia	-32.9897	115.8799
6220	Harvey	Western Australia	Australia	-33.0786	115.9151
6221	Mornington	Western Australia	Australia	-33.15	115.9333
6223	Benger	Western Australia	Australia	-33.1667	115.85
6224	Brunswick	Western Australia	Australia	-33.2324	115.8628
6225	Collie	Western Australia	Australia	-33.3621	116.1562
6226	Roelands	Western Australia	Australia	-33.2833	115.8167
6227	Burekup	Western Australia	Australia	-33.3071	115.8137
6228	Waterloo	Western Australia	Australia	-33.2398	116.1539
6229	Picton East	Western Australia	Australia	-33.3508	115.7268
6230	Bunbury	Western Australia	Australia	-33.3271	115.6414
6231	Bunbury	Western Australia	Australia	-33.3271	115.6414
6232	Eaton	Western Australia	Australia	-33.3166	115.705
6233	Australind	Western Australia	Australia	-33.2792	115.715
6236	Dardanup West	Western Australia	Australia	-33.3864	115.7296
6237	Boyanup	Western Australia	Australia	-33.4829	115.7284
6239	Donnybrook	Western Australia	Australia	-33.5713	115.8245
6240	Lowden	Western Australia	Australia	-33.5344	115.9756
6243	Wilga	Western Australia	Australia	-33.6833	116.2333
6244	Boyup Brook	Western Australia	Australia	-33.8343	116.3878
6251	Newlands	Western Australia	Australia	-33.6667	115.8667
6252	Mullalyup	Western Australia	Australia	-33.7333	115.9333
6253	Balingup	Western Australia	Australia	-33.8	115.9667
6254	North Greenbushes	Western Australia	Australia	-33.8225	116.053
6255	Bridgetown	Western Australia	Australia	-33.9624	116.136
6256	Yornup	Western Australia	Australia	-34.05	116.1667
6258	Manjimup	Western Australia	Australia	-34.2412	116.1456
6260	Pemberton	Western Australia	Australia	-34.4431	116.0369
6262	Crowea	Western Australia	Australia	-34.5327	116.1571
6271	Capel	Western Australia	Australia	-33.5581	115.5628
6275	Nannup	Western Australia	Australia	-33.9787	115.7646
6280	Busselton	Western Australia	Australia	-33.6525	115.3455
6281	Dunsborough	Western Australia	Australia	-33.6148	115.1044
6282	Yallingup	Western Australia	Australia	-33.7	115.1
6284	Cowaramup	Western Australia	Australia	-33.8504	115.1038
6285	Margaret River	Western Australia	Australia	-33.955	115.076
6286	Boranup	Western Australia	Australia	-34.05	115.0917
6288	Karridale	Western Australia	Australia	-34.2167	115.0833
6290	Augusta	Western Australia	Australia	-34.3157	115.1592
6302	York	Western Australia	Australia	-31.8881	116.7678
6304	Beverley	Western Australia	Australia	-32.1084	116.9274
6306	Brookton	Western Australia	Australia	-32.3723	117.0105
6308	Pingelly	Western Australia	Australia	-32.5325	117.0824
6309	East Popanyinning	Western Australia	Australia	-32.6329	117.2604
6311	Cuballing	Western Australia	Australia	-32.8196	117.1758
6312	Narrogin	Western Australia	Australia	-32.9328	117.1776
6313	Highbury	Western Australia	Australia	-33.0667	117.25
6315	Wagin	Western Australia	Australia	-33.3089	117.3433
6316	Woodanilling	Western Australia	Australia	-33.5667	117.4333
6317	Katanning	Western Australia	Australia	-33.6879	117.5584
6318	Broomehill East	Western Australia	Australia	-33.8462	117.6401
6320	Dartnall	Western Australia	Australia	-34.0809	117.649
6321	Cranbrook	Western Australia	Australia	-34.2976	117.5518
6322	Tenterden	Western Australia	Australia	-34.362	117.5549
6323	Kendenup	Western Australia	Australia	-34.4821	117.6253
6324	Mount Barker	Western Australia	Australia	-34.6308	117.6661
6326	Narrikup	Western Australia	Australia	-34.7723	117.7042
6327	Redmond West	Western Australia	Australia	-34.8667	117.6833
6328	Kojaneerup South	Western Australia	Australia	-34.5457	118.3248
6330	Albany	Western Australia	Australia	-35.0269	117.8837
6331	Albany Dc	Western Australia	Australia	-34.7609	117.9075
6332	Albany	Western Australia	Australia	-35.0269	117.8837
6333	Denmark	Western Australia	Australia	-34.9607	117.3532
6335	Gnowangerup	Western Australia	Australia	-33.937	118.009
6336	Mills Lake	Western Australia	Australia	-33.8548	118.5822
6337	Gairdner	Western Australia	Australia	-33.9405	119.345
6338	Magitup	Western Australia	Australia	-34.1472	118.1398
6341	Nyabing	Western Australia	Australia	-33.5413	118.146
6343	Pingrup	Western Australia	Australia	-33.5378	118.5122
6346	Ravensthorpe	Western Australia	Australia	-33.583	120.0469
6348	Hopetoun	Western Australia	Australia	-33.9506	120.1264
6350	Dumbleyung	Western Australia	Australia	-33.3126	117.7393
6351	North Moulyinning	Western Australia	Australia	-33.1268	117.9109
6352	Merilup	Western Australia	Australia	-33.3038	118.2121
6353	Lake Grace	Western Australia	Australia	-33.1032	118.4646
6355	East Newdegate	Western Australia	Australia	-33.1061	119.2796
6356	Hatter Hill	Western Australia	Australia	-33.1763	119.7294
6357	Pingaring	Western Australia	Australia	-32.7546	118.6278
6358	Karlgarin	Western Australia	Australia	-32.4971	118.7098
6359	Hyden	Western Australia	Australia	-32.45	118.8833
6361	Harrismith	Western Australia	Australia	-32.9357	117.8609
6363	Dudinin	Western Australia	Australia	-32.8762	117.9053
6365	Kulin	Western Australia	Australia	-32.6668	118.158
6367	Kondinin	Western Australia	Australia	-32.4986	118.2653
6368	South Kumminin	Western Australia	Australia	-32.2	118.3333
6369	Narembeen	Western Australia	Australia	-32.0637	118.3957
6370	Wickepin	Western Australia	Australia	-32.7816	117.503
6372	Kirk Rock	Western Australia	Australia	-32.5921	117.6273
6373	Bullaring	Western Australia	Australia	-32.4964	117.7453
6375	Corrigin	Western Australia	Australia	-32.3338	117.8718
6383	Quairading	Western Australia	Australia	-32.012	117.3955
6384	Pantapin	Western Australia	Australia	-31.9525	117.6572
6385	Kwolyin	Western Australia	Australia	-31.9295	117.7501
6386	Shackleton	Western Australia	Australia	-31.9325	117.8313
6390	Boddington	Western Australia	Australia	-32.8007	116.4752
6391	Williams	Western Australia	Australia	-33.028	116.8792
6392	Darkan	Western Australia	Australia	-33.3357	116.7443
6393	Duranillin	Western Australia	Australia	-33.5159	116.8072
6394	Mokup	Western Australia	Australia	-33.7663	116.9437
6395	Kojonup	Western Australia	Australia	-33.8305	117.1595
6396	Frankland River	Western Australia	Australia	-34.3667	117.0667
6397	Rocky Gully	Western Australia	Australia	-34.5105	117.0106
6398	Walpole	Western Australia	Australia	-34.976	116.7302
6401	Northam	Western Australia	Australia	-31.6493	116.6742
6403	Grass Valley	Western Australia	Australia	-31.6373	116.7976
6405	Warding East	Western Australia	Australia	-31.765	117.0021
6407	Cunderdin	Western Australia	Australia	-31.654	117.2337
6409	Tammin	Western Australia	Australia	-31.6409	117.4885
6410	Kellerberrin	Western Australia	Australia	-31.6318	117.7198
6411	Doodlakine	Western Australia	Australia	-31.6092	117.8722
6412	North Baandee	Western Australia	Australia	-31.3577	117.9611
6413	Hines Hill	Western Australia	Australia	-31.5342	118.0748
6414	Nangeenan	Western Australia	Australia	-31.5333	118.1667
6415	Merredin	Western Australia	Australia	-31.4809	118.2745
6418	Bruce Rock	Western Australia	Australia	-31.8805	118.1475
6419	Ardath	Western Australia	Australia	-32.0325	118.0952
6420	Muntadgin	Western Australia	Australia	-31.7578	118.5619
6421	Campion	Western Australia	Australia	-31.0287	118.4893
6422	Walgoolan	Western Australia	Australia	-31.3833	118.5667
6423	Westonia	Western Australia	Australia	-31.3029	118.6962
6424	Bodallin	Western Australia	Australia	-31.3766	118.8761
6425	Moorine Rock	Western Australia	Australia	-31.3208	119.1267
6426	Southern Cross	Western Australia	Australia	-31.2268	119.3238
6427	Koolyanobbing	Western Australia	Australia	-30.8212	119.5214
6428	Babakin	Western Australia	Australia	-32.1264	118.0241
6429	Coolgardie	Western Australia	Australia	-30.9527	121.1635
6430	Kalgoorlie	Western Australia	Australia	-30.7461	121.4742
6431	Bulong	Western Australia	Australia	-30.7484	121.7945
6432	Boulder	Western Australia	Australia	-30.782	121.4912
6433	Kalgoorlie	Western Australia	Australia	-30.7461	121.4742
6434	Rawlinna	Western Australia	Australia	-31.0115	125.3302
6435	Agnew	Western Australia	Australia	-28.0119	120.5186
6436	Menzies	Western Australia	Australia	-29.6939	121.0285
6437	Leinster	Western Australia	Australia	-27.9203	120.6967
6438	Leonora	Western Australia	Australia	-28.8851	121.3307
6440	Laverton	Western Australia	Australia	-28.6253	122.3994
6442	Kambalda West	Western Australia	Australia	-31.2017	121.6306
6443	Norseman	Western Australia	Australia	-32.1977	121.7787
6445	North Cascade	Western Australia	Australia	-32.9833	121.6333
6446	Grass Patch	Western Australia	Australia	-33.2317	121.7222
6447	Mount Ney	Western Australia	Australia	-33.4138	121.7649
6448	Gibson	Western Australia	Australia	-33.6442	121.8157
6450	Esperance	Western Australia	Australia	-33.8592	121.8916
6452	Cape Arid	Western Australia	Australia	-33.7873	121.9114
6460	Goomalling	Western Australia	Australia	-31.3016	116.8253
6461	Dowerin	Western Australia	Australia	-31.1937	117.0396
6462	Ucarty	Western Australia	Australia	-31.2914	117.0115
6463	Benjaberring	Western Australia	Australia	-31.1389	117.2885
6465	Manmanning	Western Australia	Australia	-30.8486	117.0977
6466	Cadoux	Western Australia	Australia	-30.7694	117.1328
6467	Burakin	Western Australia	Australia	-30.5246	117.1769
6468	Goodlands	Western Australia	Australia	-29.9769	117.3973
6470	Kulja	Western Australia	Australia	-30.4854	117.2775
6472	Tampu	Western Australia	Australia	-30.1948	117.8047
6473	North Wialki	Western Australia	Australia	-30.478	118.12
6475	Koorda	Western Australia	Australia	-30.8256	117.4879
6476	Gabbin	Western Australia	Australia	-30.8011	117.6788
6477	Welbungin	Western Australia	Australia	-30.8285	117.9886
6479	Bonnie Rock	Western Australia	Australia	-30.5408	118.3649
6480	Nukarni	Western Australia	Australia	-31.2833	118.2
6484	Ennuin	Western Australia	Australia	-30.9842	119.1085
6485	Wyalkatchem	Western Australia	Australia	-31.1806	117.3836
6487	North Yelbeni	Western Australia	Australia	-31.0577	117.6711
6488	Trayning	Western Australia	Australia	-31.1169	117.7935
6489	South Kununoppin	Western Australia	Australia	-31.2217	117.9188
6490	Nungarin	Western Australia	Australia	-31.1864	118.104
6501	Muchea	Western Australia	Australia	-31.5821	115.9716
6502	Bindoon	Western Australia	Australia	-31.3866	116.0966
6503	Gingin	Western Australia	Australia	-31.3472	115.9043
6504	Mooliabeenee	Western Australia	Australia	-31.3303	116.0212
6505	Wannamal	Western Australia	Australia	-31.1597	116.056
6506	Mogumber	Western Australia	Australia	-31.0403	116.0425
6507	Dandaragan	Western Australia	Australia	-30.6762	115.7029
6509	New Norcia	Western Australia	Australia	-30.9706	116.2125
6510	Moora	Western Australia	Australia	-30.64	116.0036
6511	Cervantes	Western Australia	Australia	-30.4961	115.0672
6512	Coomberdale	Western Australia	Australia	-30.4633	116.0393
6513	Gunyidi	Western Australia	Australia	-30.1366	116.1792
6514	Leeman	Western Australia	Australia	-29.9494	114.9821
6515	Coorow	Western Australia	Australia	-29.8819	116.0226
6516	Jurien Bay	Western Australia	Australia	-30.3059	115.0383
6517	Carnamah	Western Australia	Australia	-29.6887	115.8859
6518	Eneabba	Western Australia	Australia	-29.8196	115.2659
6519	Three Springs	Western Australia	Australia	-29.5336	115.7605
6521	Boothendarra	Western Australia	Australia	-30.2599	115.7406
6522	Mingenew	Western Australia	Australia	-29.1908	115.4416
6525	Port Denison	Western Australia	Australia	-29.2737	114.9207
6528	Mount Hill	Western Australia	Australia	-29.0112	114.9105
6530	Geraldton	Western Australia	Australia	-28.779	114.6146
6531	Geraldton	Western Australia	Australia	-28.779	114.6146
6532	Drummond Cove	Western Australia	Australia	-28.6738	114.6128
6535	Northampton	Western Australia	Australia	-28.3499	114.6382
6536	Kalbarri	Western Australia	Australia	-27.7105	114.165
6537	Denham	Western Australia	Australia	-25.9268	113.5333
6556	Chidlow	Western Australia	Australia	-31.8609	116.2724
6558	Wooroloo	Western Australia	Australia	-31.8038	116.3131
6560	Wundowie	Western Australia	Australia	-31.7616	116.3799
6562	Bakers Hill	Western Australia	Australia	-31.7469	116.4587
6564	Clackline	Western Australia	Australia	-31.7333	116.5333
6566	Toodyay	Western Australia	Australia	-31.5498	116.4674
6567	Julimar	Western Australia	Australia	-31.4779	116.2483
6568	Wattening	Western Australia	Australia	-31.3333	116.5167
6569	Carani	Western Australia	Australia	-30.9925	116.4053
6571	Yerecoin	Western Australia	Australia	-30.9225	116.391
6572	Piawaning	Western Australia	Australia	-30.841	116.3884
6574	Gabalong	Western Australia	Australia	-30.7214	116.389
6575	Miling	Western Australia	Australia	-30.4897	116.3624
6603	Wongan Hills	Western Australia	Australia	-30.8929	116.7193
6605	Kondut	Western Australia	Australia	-30.7109	116.7732
6606	West Ballidu	Western Australia	Australia	-30.6409	116.8351
6608	Pithara	Western Australia	Australia	-30.3919	116.6688
6609	Dalwallinu	Western Australia	Australia	-30.2805	116.6601
6612	Miamoon	Western Australia	Australia	-29.6829	117.1613
6613	Buntine	Western Australia	Australia	-29.987	116.5713
6614	Maya	Western Australia	Australia	-29.8849	116.5044
6616	Latham	Western Australia	Australia	-29.7587	116.4457
6620	Perenjori	Western Australia	Australia	-29.4361	116.2856
6623	Morawa	Western Australia	Australia	-29.2134	116.0079
6625	Merkanooka	Western Australia	Australia	-29.1833	115.8273
6627	Canna	Western Australia	Australia	-28.9002	115.8621
6628	Tardun	Western Australia	Australia	-28.7937	115.7478
6630	Mullewa	Western Australia	Australia	-28.5395	115.5117
6631	Pindar	Western Australia	Australia	-28.4804	115.793
6632	Ambania	Western Australia	Australia	-28.6965	115.1016
6635	Yalgoo	Western Australia	Australia	-28.3436	116.6825
6638	Mount Magnet	Western Australia	Australia	-28.0648	117.849
6639	Sandstone	Western Australia	Australia	-27.9868	119.2973
6640	East Murchison	Western Australia	Australia	-27.3846	118.049
6642	Meekatharra	Western Australia	Australia	-26.5952	118.4939
6646	Wiluna	Western Australia	Australia	-26.5921	120.224
6701	Carnarvon	Western Australia	Australia	-24.8826	113.6571
6705	West Lyons River	Western Australia	Australia	-25.0499	115.2091
6707	Exmouth	Western Australia	Australia	-21.9306	114.1209
6710	Onslow	Western Australia	Australia	-21.6376	115.1122
6711	Thevenard Island	Western Australia	Australia	-20.85	116.7638
6712	Barrow Island	Western Australia	Australia	-20.85	116.7638
6713	Dampier	Western Australia	Australia	-20.6627	116.7126
6714	Karratha	Western Australia	Australia	-20.7377	116.8463
6716	Pannawonica	Western Australia	Australia	-21.6392	116.3222
6718	Roebourne	Western Australia	Australia	-20.7723	117.1465
6720	Wickham	Western Australia	Australia	-20.6747	117.1378
6721	Port Hedland	Western Australia	Australia	-20.3121	118.6106
6722	South Hedland	Western Australia	Australia	-20.4066	118.6007
6723	Goldsworthy	Western Australia	Australia	-20.35	119.5333
6725	Broome	Western Australia	Australia	-17.9554	122.2392
6726	Cable Beach	Western Australia	Australia	-17.961	122.2127
6728	Derby	Western Australia	Australia	-17.3029	123.6286
6731	Cockatoo Island	Western Australia	Australia	-20.7905	118.8132
6733	Koolan Island	Western Australia	Australia	-20.7905	118.8132
6740	Mitchell Plateau	Western Australia	Australia	-16.3794	126.4993
6743	Gibb	Western Australia	Australia	-16.3794	126.4993
6751	Tom Price	Western Australia	Australia	-22.6939	117.7931
6753	Newman	Western Australia	Australia	-23.3564	119.7355
6754	Paraburdoo	Western Australia	Australia	-23.2042	117.6697
6758	Nullagine	Western Australia	Australia	-21.8897	120.1114
6760	Marble Bar	Western Australia	Australia	-21.1707	119.7444
6761	Shay Gap	Western Australia	Australia	-19.4863	123.9379
6762	Telfer	Western Australia	Australia	-21.2117	123.2617
6765	Fitzroy Crossing	Western Australia	Australia	-18.1971	125.5666
6770	Ord River	Western Australia	Australia	-19.2717	127.4191
6798	Christmas Island	Western Australia	Australia	-20.7905	118.8132
6799	West Island Cocos (Keeling) Islands	Western Australia	Australia	-20.7905	118.8132
6800	Perth	Western Australia	Australia	-31.9522	115.8614
6803	Northbridge	Western Australia	Australia	-31.9478	115.8588
6809	Perth	Western Australia	Australia	-31.9522	115.8614
6817	Perth	Western Australia	Australia	-31.9522	115.8614
6820	Perth	Western Australia	Australia	-31.9522	115.8614
6827	Perth	Western Australia	Australia	-31.9522	115.8614
6830	Perth	Western Australia	Australia	-31.9522	115.8614
6831	Perth St Georges Tce	Western Australia	Australia	-31.9522	115.8614
6832	Perth East St Georges Tce	Western Australia	Australia	-31.9522	115.8614
6837	Perth	Western Australia	Australia	-31.9522	115.8614
6838	Perth	Western Australia	Australia	-31.9522	115.8614
6839	Perth	Western Australia	Australia	-31.9522	115.8614
6840	Perth	Western Australia	Australia	-31.9522	115.8614
6841	Perth	Western Australia	Australia	-31.9522	115.8614
6842	Perth	Western Australia	Australia	-31.9522	115.8614
6843	Perth	Western Australia	Australia	-31.9522	115.8614
6844	Perth	Western Australia	Australia	-31.9522	115.8614
6845	Perth	Western Australia	Australia	-31.9522	115.8614
6846	Perth	Western Australia	Australia	-31.9522	115.8614
6847	Perth	Western Australia	Australia	-31.9522	115.8614
6848	Perth	Western Australia	Australia	-31.9522	115.8614
6849	Perth Bc	Western Australia	Australia	-31.9522	115.8614
6850	Cloisters Square	Western Australia	Australia	-31.952	115.8607
6865	Northbridge	Western Australia	Australia	-31.9478	115.8588
6872	West Perth	Western Australia	Australia	-31.949	115.842
6892	East Perth	Western Australia	Australia	-31.9587	115.8711
6900	Leederville	Western Australia	Australia	-31.9363	115.8419
6901	West Leederville	Western Australia	Australia	-31.9414	115.8312
6902	Leederville	Western Australia	Australia	-31.9363	115.8419
6903	Leederville	Western Australia	Australia	-31.9363	115.8419
6904	Subiaco	Western Australia	Australia	-31.9485	115.8268
6905	Northlands	Western Australia	Australia	-31.9487	115.8314
6906	North Perth	Western Australia	Australia	-31.9272	115.8528
6907	Nedlands	Western Australia	Australia	-31.9818	115.8073
6909	Nedlands	Western Australia	Australia	-31.9818	115.8073
6910	Claremont	Western Australia	Australia	-31.9796	115.7823
6911	Cottesloe	Western Australia	Australia	-31.9943	115.7582
6912	Mosman Park	Western Australia	Australia	-32.0054	115.7638
6913	Wembley	Western Australia	Australia	-31.9331	115.8178
6914	Balcatta	Western Australia	Australia	-31.875	115.8284
6915	Mount Hawthorn	Western Australia	Australia	-31.92	115.8351
6916	Osborne Park	Western Australia	Australia	-31.9007	115.8108
6917	Osborne Park	Western Australia	Australia	-31.9007	115.8108
6918	Innaloo	Western Australia	Australia	-31.8927	115.7951
6919	Joondalup Dc	Western Australia	Australia	-31.9335	115.8003
6920	North Beach	Western Australia	Australia	-31.863	115.7562
6921	Karrinyup	Western Australia	Australia	-31.8723	115.7768
6922	Scarborough	Western Australia	Australia	-31.8958	115.7643
6923	Hillarys	Western Australia	Australia	-31.807	115.7405
6924	Greenwood	Western Australia	Australia	-31.8272	115.8025
6925	Walliston Dc	Western Australia	Australia	-31.8819	115.8243
6926	Kalamunda	Western Australia	Australia	-31.9737	116.0584
6929	Mount Lawley	Western Australia	Australia	-31.9344	115.8716
6931	Maylands	Western Australia	Australia	-31.931	115.8949
6932	Inglewood	Western Australia	Australia	-31.9166	115.8798
6933	Bayswater	Western Australia	Australia	-31.9169	115.9178
6934	Bassendean	Western Australia	Australia	-31.9091	115.9437
6935	Guildford	Western Australia	Australia	-31.9	115.9667
6936	Midland Dc	Western Australia	Australia	-31.9085	115.8885
6937	Tuart Hill	Western Australia	Australia	-31.8981	115.8349
6938	Tuart Hill	Western Australia	Australia	-31.8981	115.8349
6939	Tuart Hill	Western Australia	Australia	-31.8981	115.8349
6940	Tuart Hill	Western Australia	Australia	-31.8981	115.8349
6941	Mirrabooka	Western Australia	Australia	-31.8596	115.8659
6942	Bassendean Dc	Western Australia	Australia	-31.8496	115.8584
6943	Morley	Western Australia	Australia	-31.8877	115.9099
6944	Malaga	Western Australia	Australia	-31.8526	115.881
6945	Malaga Dc	Western Australia	Australia	-31.8496	115.8584
6946	Wanneroo	Western Australia	Australia	-31.75	115.8
6947	Wangara Dc	Western Australia	Australia	-31.8496	115.8584
6951	South Perth	Western Australia	Australia	-31.9833	115.8667
6952	Como	Western Australia	Australia	-31.9912	115.8634
6953	Applecross	Western Australia	Australia	-32.0167	115.8333
6954	Booragoon	Western Australia	Australia	-32.0395	115.8337
6955	Willetton	Western Australia	Australia	-32.0525	115.8878
6956	Melville	Western Australia	Australia	-32.0404	115.8012
6957	Palmyra	Western Australia	Australia	-32.045	115.7859
6958	Royal Australian Navy Warships	Western Australia	Australia	-32.0281	115.8272
6959	Fremantle	Western Australia	Australia	-32.0563	115.7456
6960	Myaree	Western Australia	Australia	-32.04	115.8176
6961	Palmyra Dc	Western Australia	Australia	-32.1549	115.7916
6963	Hamilton Hill	Western Australia	Australia	-32.0845	115.7795
6964	Success	Western Australia	Australia	-32.1428	115.85
6965	Bibra Lake Dc	Western Australia	Australia	-32.1549	115.7916
6966	Kwinana	Western Australia	Australia	-32.2301	115.7813
6967	Rockingham Dc	Western Australia	Australia	-32.1549	115.7916
6968	Rockingham	Western Australia	Australia	-32.2768	115.7298
6969	Rockingham Beach	Western Australia	Australia	-32.1549	115.7916
6970	Canning Vale Dc	Western Australia	Australia	-31.9762	115.9052
6979	Victoria Park	Western Australia	Australia	-31.9762	115.9052
6980	Cannington	Western Australia	Australia	-32.0163	115.9365
6981	East Victoria Park	Western Australia	Australia	-31.9889	115.9039
6982	Bentley	Western Australia	Australia	-32.0022	115.9247
6983	Bentley Dc	Western Australia	Australia	-32.005	115.9387
6984	Belmont	Western Australia	Australia	-31.9435	115.9255
6985	Cloverdale	Western Australia	Australia	-31.9628	115.9443
6986	Welshpool Dc	Western Australia	Australia	-32.005	115.9387
6987	Cannington	Western Australia	Australia	-32.0163	115.9365
6988	Thornlie	Western Australia	Australia	-32.06	115.955
6989	Maddington	Western Australia	Australia	-32.05	115.9833
6990	Gosnells	Western Australia	Australia	-32.081	116.0054
6991	Kelmscott	Western Australia	Australia	-32.1243	116.0259
6992	Armadale	Western Australia	Australia	-32.1461	116.0093
6997	Kelmscott Dc	Western Australia	Australia	-32.1171	116.0135
7000	Hobart	Tasmania	Australia	-42.8794	147.3294
7001	Hobart	Tasmania	Australia	-42.8794	147.3294
7002	North Hobart	Tasmania	Australia	-42.8741	147.316
7004	South Hobart	Tasmania	Australia	-42.8946	147.3092
7005	Sandy Bay	Tasmania	Australia	-42.8945	147.3244
7006	Sandy Bay	Tasmania	Australia	-42.8945	147.3244
7007	Mount Nelson	Tasmania	Australia	-42.9207	147.3207
7008	New Town	Tasmania	Australia	-42.8576	147.3087
7009	Moonah	Tasmania	Australia	-42.8462	147.3023
7010	Glenorchy	Tasmania	Australia	-42.8334	147.2759
7011	Claremont	Tasmania	Australia	-42.7833	147.25
7012	Collinsvale	Tasmania	Australia	-42.8417	147.1961
7015	Lindisfarne	Tasmania	Australia	-42.8484	147.3619
7016	Risdon Vale	Tasmania	Australia	-42.8124	147.3565
7017	Old Beach	Tasmania	Australia	-42.7776	147.2666
7018	Howrah	Tasmania	Australia	-42.8873	147.4055
7019	Rokeby	Tasmania	Australia	-42.8987	147.4492
7020	Sandford	Tasmania	Australia	-42.9333	147.5
7021	Lauderdale	Tasmania	Australia	-42.9136	147.4875
7022	South Arm	Tasmania	Australia	-43.0261	147.422
7023	Opossum Bay	Tasmania	Australia	-42.9954	147.4038
7024	Cremorne	Tasmania	Australia	-42.9578	147.5315
7025	Richmond	Tasmania	Australia	-42.7355	147.4383
7026	Campania	Tasmania	Australia	-42.6648	147.4232
7027	Colebrook	Tasmania	Australia	-42.5333	147.3667
7030	Bridgewater	Tasmania	Australia	-42.7372	147.2278
7050	Kingston	Tasmania	Australia	-42.9764	147.3035
7051	Kingston	Tasmania	Australia	-42.9764	147.3035
7052	Blackmans Bay	Tasmania	Australia	-43.0031	147.3169
7053	Taroona	Tasmania	Australia	-42.9452	147.3484
7054	Margate	Tasmania	Australia	-43.0281	147.2626
7055	Huntingfield	Tasmania	Australia	-43.0016	147.2957
7109	Huonville	Tasmania	Australia	-43.0312	147.0481
7112	Cygnet	Tasmania	Australia	-43.1533	147.0725
7113	Franklin	Tasmania	Australia	-43.0888	147.0091
7116	Geeveston	Tasmania	Australia	-43.1634	146.9255
7117	Dover	Tasmania	Australia	-43.3142	147.0149
7119	Stonor	Tasmania	Australia	-42.4	147.3833
7120	Oatlands	Tasmania	Australia	-42.303	147.3672
7139	Strathgordon	Tasmania	Australia	-42.7665	146.0521
7140	New Norfolk	Tasmania	Australia	-42.7826	147.0587
7150	Lunawanna	Tasmania	Australia	-43.3666	147.2432
7151	Casey	Tasmania	Australia	-42.7119	146.9131
7155	Kettering	Tasmania	Australia	-43.1262	147.2464
7162	Birchs Bay	Tasmania	Australia	-43.1837	147.224
7163	Flowerpot	Tasmania	Australia	-43.2034	147.2496
7170	Acton Park	Tasmania	Australia	-42.8793	147.4846
7171	Midway Point	Tasmania	Australia	-42.7816	147.5627
7172	Sorell	Tasmania	Australia	-42.7816	147.5627
7173	Dodges Ferry	Tasmania	Australia	-42.8531	147.6226
7174	Copping	Tasmania	Australia	-42.8167	147.8
7175	Marion Bay	Tasmania	Australia	-42.8133	147.8342
7176	Kellevie	Tasmania	Australia	-42.7785	147.8153
7177	Dunalley	Tasmania	Australia	-42.8865	147.8108
7178	Murdunna	Tasmania	Australia	-42.9473	147.8705
7179	Eaglehawk Neck	Tasmania	Australia	-43.0106	147.8888
7180	Taranna	Tasmania	Australia	-43.0629	147.863
7182	Fortescue	Tasmania	Australia	-43.1458	147.8437
7183	Highcroft	Tasmania	Australia	-43.1533	147.7753
7184	Cape Raoul	Tasmania	Australia	-43.1366	147.7481
7185	Premaydena	Tasmania	Australia	-43.0546	147.7708
7186	Saltwater River	Tasmania	Australia	-43.0234	147.7183
7187	Koonya	Tasmania	Australia	-43.0796	147.8176
7190	Swansea	Tasmania	Australia	-42.1228	148.0743
7209	Ross	Tasmania	Australia	-42.0308	147.4927
7210	Campbell Town	Tasmania	Australia	-41.9256	147.4939
7211	Epping Forest	Tasmania	Australia	-41.7599	147.3498
7212	Evandale	Tasmania	Australia	-41.5686	147.2527
7213	Storys Creek	Tasmania	Australia	-41.7614	147.7876
7214	Mathinna	Tasmania	Australia	-41.4751	147.89
7215	Bicheno	Tasmania	Australia	-41.8743	148.3024
7216	St Helens	Tasmania	Australia	-41.3203	148.2389
7248	Newnham	Tasmania	Australia	-41.3897	147.114
7249	South Launceston	Tasmania	Australia	-41.4551	147.1456
7250	Launceston	Tasmania	Australia	-41.4388	147.1347
7252	Hillwood	Tasmania	Australia	-41.2442	146.9842
7253	George Town	Tasmania	Australia	-41.1056	146.8261
7254	Wyena	Tasmania	Australia	-41.176	147.2668
7255	Ranga	Tasmania	Australia	-40.1522	148.0673
7256	Currie	Tasmania	Australia	-39.9298	143.8538
7257	Cape Barren Island	Tasmania	Australia	-40.3734	148.027
7258	White Hills	Tasmania	Australia	-41.5055	147.2543
7259	Targa	Tasmania	Australia	-41.3138	147.367
7260	Scottsdale	Tasmania	Australia	-41.1578	147.5173
7261	Warrentinna	Tasmania	Australia	-41.1004	147.7559
7262	Bridport	Tasmania	Australia	-41.0005	147.3918
7263	Trenah	Tasmania	Australia	-41.3106	147.69
7264	Gladstone	Tasmania	Australia	-40.9593	148.0094
7265	Winnaleah	Tasmania	Australia	-41.0975	147.8238
7267	Karoola	Tasmania	Australia	-41.2443	147.1534
7268	Lilydale	Tasmania	Australia	-41.2503	147.2176
7270	Beaconsfield	Tasmania	Australia	-41.2023	146.8172
7275	Exeter	Tasmania	Australia	-41.2975	146.9505
7276	Gravelly Beach	Tasmania	Australia	-41.2863	146.9752
7277	Legana	Tasmania	Australia	-41.3657	147.0458
7290	Hadspen	Tasmania	Australia	-41.5006	147.0736
7291	Carrick	Tasmania	Australia	-41.5324	147.0103
7292	Hagley	Tasmania	Australia	-41.526	146.9026
7300	Perth	Tasmania	Australia	-41.5723	147.171
7301	Longford	Tasmania	Australia	-41.6051	147.1189
7302	Cressy	Tasmania	Australia	-41.6856	147.0779
7303	Westbury	Tasmania	Australia	-41.5291	146.8391
7304	Deloraine	Tasmania	Australia	-41.5248	146.657
7305	Railton	Tasmania	Australia	-41.3457	146.4236
7306	Sheffield	Tasmania	Australia	-41.3995	146.339
7307	Latrobe	Tasmania	Australia	-41.2464	146.4246
7310	Devonport	Tasmania	Australia	-41.1769	146.3515
7315	Ulverstone	Tasmania	Australia	-41.1603	146.1824
7316	Penguin	Tasmania	Australia	-41.1226	146.0732
7320	Burnie	Tasmania	Australia	-41.0558	145.9037
7321	Ridgley	Tasmania	Australia	-41.148	145.833
7322	Somerset	Tasmania	Australia	-41.0406	145.8305
7325	Wynyard	Tasmania	Australia	-40.9897	145.7262
7330	Smithton	Tasmania	Australia	-40.8459	145.125
7331	Stanley	Tasmania	Australia	-40.7606	145.2955
7466	Gormanston	Tasmania	Australia	-42.0749	145.5968
7467	Queenstown	Tasmania	Australia	-42.0805	145.5565
7468	Strahan	Tasmania	Australia	-42.1519	145.3273
7469	Zeehan	Tasmania	Australia	-41.8834	145.3362
7470	Rosebery	Tasmania	Australia	-41.7794	145.5383
8001	Melbourne	Victoria	Australia	-37.814	144.9633
8002	East Melbourne	Victoria	Australia	-37.8167	144.9879
8003	Collins Street East	Victoria	Australia	-37.8153	144.9756
8004	St Kilda Road	Victoria	Australia	-37.8153	144.9756
8005	World Trade Centre	Victoria	Australia	-37.8153	144.9756
8006	Abeckett Street	Victoria	Australia	-37.8153	144.9756
8007	Collins Street West	Victoria	Australia	-37.8153	144.9756
8008	St Kilda Road Central	Victoria	Australia	-37.8153	144.9756
8009	Flinders Lane	Victoria	Australia	-37.8153	144.9756
8010	Law Courts	Victoria	Australia	-37.8149	144.9505
8011	Little Lonsdale Street	Victoria	Australia	-37.8149	144.9505
8012	Docklands	Victoria	Australia	-37.8149	144.9505
8045	Melbourne	Victoria	Australia	-37.814	144.9633
8051	Melbourne	Victoria	Australia	-37.814	144.9633
8066	Melbourne	Victoria	Australia	-37.814	144.9633
8069	Melbourne	Victoria	Australia	-37.814	144.9633
8070	Melbourne	Victoria	Australia	-37.814	144.9633
8071	Melbourne	Victoria	Australia	-37.814	144.9633
8102	Melbourne	Victoria	Australia	-37.814	144.9633
8107	Melbourne	Victoria	Australia	-37.814	144.9633
8111	Melbourne	Victoria	Australia	-37.814	144.9633
8120	Melbourne	Victoria	Australia	-37.814	144.9633
8205	Melbourne	Victoria	Australia	-37.814	144.9633
8383	Melbourne	Victoria	Australia	-37.814	144.9633
8438	Sunshine West	Victoria	Australia	-37.7912	144.8164
8511	Sunshine West	Victoria	Australia	-37.7912	144.8164
8785	Dandenong	Victoria	Australia	-37.9833	145.2
9000	Brisbane	Queensland	Australia	-27.4679	153.0281
9001	Brisbane	Queensland	Australia	-27.4679	153.0281
9002	Brisbane	Queensland	Australia	-27.4679	153.0281
9005	Brisbane	Queensland	Australia	-27.4679	153.0281
9007	Brisbane	Queensland	Australia	-27.4679	153.0281
9009	Brisbane	Queensland	Australia	-27.4679	153.0281
9010	Brisbane	Queensland	Australia	-27.4679	153.0281
9013	Brisbane	Queensland	Australia	-27.4679	153.0281
9015	Brisbane	Queensland	Australia	-27.4679	153.0281
0110	Woodhill	Northland	New Zealand	-35.7317	174.3104
0112	Whau Valley	Northland	New Zealand	-35.6982	174.3002
0114	Waro	Northland	New Zealand	-35.5833	174.3
0116	Ruakaka	Northland	New Zealand	-35.8833	174.4
0140	Riverside	Northland	New Zealand	-35.7234	174.3258
0141	Otangarei	Northland	New Zealand	-35.6882	174.3102
0142	Sherwood Rise	Northland	New Zealand	-35.7487	174.3598
0143	Morningside	Northland	New Zealand	-35.7348	174.3199
0144	Tikipunga	Northland	New Zealand	-35.6882	174.3202
0145	Kensington	Northland	New Zealand	-35.7103	174.3135
0146	Maungakaramea	Northland	New Zealand	-35.85	174.2167
0147	Woodhill	Northland	New Zealand	-35.7317	174.3104
0148	Woodhill	Northland	New Zealand	-35.7317	174.3104
0149	Riverside	Northland	New Zealand	-35.7234	174.3258
0150	Hikurangi	Northland	New Zealand	-35.6	174.3
0151	Ruakaka	Northland	New Zealand	-35.8833	174.4
0152	Maungatapere	Northland	New Zealand	-35.75	174.2
0153	Tutukaka	Northland	New Zealand	-35.6	174.5333
0154	Ngunguru	Northland	New Zealand	-35.6167	174.5
0170	Puwera	Northland	New Zealand	-35.7833	174.2833
0171	Mata	Northland	New Zealand	-35.85	174.3667
0172	Parakao	Northland	New Zealand	-35.7167	173.95
0173	Kiripaka	Northland	New Zealand	-35.6333	174.4333
0174	Whangarei Heads	Northland	New Zealand	-35.8167	174.5
0175	Tahere	Northland	New Zealand	-35.6833	174.4333
0176	Moengawahine	Northland	New Zealand	-35.6333	174.05
0178	Maungakaramea	Northland	New Zealand	-35.85	174.2167
0179	Maungatapere	Northland	New Zealand	-35.75	174.2
0181	Marua	Northland	New Zealand	-35.5667	174.3667
0182	Hukerenui	Northland	New Zealand	-35.5167	174.1833
0184	Whangaruru North	Northland	New Zealand	-35.35	174.35
0185	Ruatangata East	Northland	New Zealand	-35.65	174.2333
0192	Rukuwai	Northland	New Zealand	-35.75	174.4667
0193	Waiotira	Northland	New Zealand	-35.9333	174.2
0200	Opua	Northland	New Zealand	-35.3167	174.1167
0202	Russell	Northland	New Zealand	-35.2615	174.1226
0210	Kawakawa	Northland	New Zealand	-35.3833	174.0667
0211	Moerewa	Northland	New Zealand	-35.3833	174.0333
0230	Kerikeri	Northland	New Zealand	-35.2268	173.9474
0241	Opua	Northland	New Zealand	-35.3167	174.1167
0242	Russell	Northland	New Zealand	-35.2615	174.1226
0243	Kawakawa	Northland	New Zealand	-35.3833	174.0667
0244	Moerewa	Northland	New Zealand	-35.3833	174.0333
0245	Kerikeri	Northland	New Zealand	-35.2268	173.9474
0246	Waipapa	Northland	New Zealand	-35.2	173.9167
0247	Paihia	Northland	New Zealand	-35.2807	174.091
0271	Haruru	Northland	New Zealand	-35.2807	174.0543
0272	Manawaora	Northland	New Zealand	-35.2833	174.2
0281	Pokere	Northland	New Zealand	-35.4833	173.9833
0282	Karetu	Northland	New Zealand	-35.3667	174.15
0283	Waihaha	Northland	New Zealand	-35.3333	174.2333
0293	Puketona	Northland	New Zealand	-35.3	173.9667
0294	Purerua	Northland	New Zealand	-35.15	174.0333
0295	Waipapa	Northland	New Zealand	-35.2	173.9167
0310	Dargaville	Northland	New Zealand	-35.9333	173.8833
0340	Dargaville	Northland	New Zealand	-35.9333	173.8833
0341	Te Kopura	Northland	New Zealand	-36.0333	173.9333
0370	Arapohue	Northland	New Zealand	-35.9833	173.9667
0371	Redhill	Northland	New Zealand	-36.0333	173.85
0372	Kairara	Northland	New Zealand	-35.8	173.8167
0373	Mamaranui	Northland	New Zealand	-35.8333	173.75
0374	Arapohue	Northland	New Zealand	-35.9833	173.9667
0376	Tutamoe	Northland	New Zealand	-35.65	173.65
0377	Baylys Beach	Northland	New Zealand	-35.9523	173.747
0379	Whatoro	Northland	New Zealand	-35.75	173.6833
0381	Kirikopuni	Northland	New Zealand	-35.8167	174.0167
0391	Tangaihe	Northland	New Zealand	-36.1667	174.0167
0405	Kaikohe	Northland	New Zealand	-35.3982	173.8002
0410	Kaitaia	Northland	New Zealand	-35.1149	173.2637
0420	Taipa	Northland	New Zealand	-34.996	173.4666
0440	Kaikohe	Northland	New Zealand	-35.3982	173.8002
0441	Kaitaia	Northland	New Zealand	-35.1149	173.2637
0442	Mangonui	Northland	New Zealand	-34.9905	173.5317
0443	Rawene	Northland	New Zealand	-35.4022	173.5032
0444	Omapere	Northland	New Zealand	-35.5333	173.3833
0445	Opononi	Northland	New Zealand	-35.5	173.4
0446	Waimamaku	Northland	New Zealand	-35.5563	173.4782
0447	Okaihau	Northland	New Zealand	-35.3167	173.7833
0448	Kaeo	Northland	New Zealand	-35.1	173.7833
0449	Ahipara	Northland	New Zealand	-35.1667	173.1667
0451	Awanui	Northland	New Zealand	-35.05	173.25
0453	Kohukohu	Northland	New Zealand	-35.35	173.5333
0460	Pukenui	Northland	New Zealand	-34.8167	173.1167
0462	Broadwood	Northland	New Zealand	-35.2667	173.3833
0472	Pakaraka	Northland	New Zealand	-35.35	173.95
0473	Waima	Northland	New Zealand	-35.4833	173.5833
0474	Tautoro	Northland	New Zealand	-35.4667	173.8333
0475	Marangai	Northland	New Zealand	-35.3333	173.7167
0476	Umawera	Northland	New Zealand	-35.2833	173.5833
0478	Kaeo	Northland	New Zealand	-35.1	173.7833
0479	Saies	Northland	New Zealand	-35.05	173.7
0481	Manukau	Northland	New Zealand	-35.2333	173.2167
0482	Kaiaka	Northland	New Zealand	-35.1	173.4167
0483	Lake Ohia	Northland	New Zealand	-34.9833	173.3667
0484	Te Kao	Northland	New Zealand	-34.65	172.95
0486	Waiharera	Northland	New Zealand	-34.9333	173.2167
0491	Broadwood	Northland	New Zealand	-35.2667	173.3833
0492	Panguru	Northland	New Zealand	-35.3833	173.3833
0494	Paraoanui	Northland	New Zealand	-35.05	173.6167
0496	Pawarenga	Northland	New Zealand	-35.35	173.25
0505	Mangawhai Heads	Northland	New Zealand	-36.0882	174.5702
0510	Waipu	Northland	New Zealand	-35.9833	174.45
0520	Rowsells	Northland	New Zealand	-36.1	174.35
0530	Ruawai	Northland	New Zealand	-36.1333	174.0333
0540	Mangawhai	Northland	New Zealand	-36.1167	174.5667
0541	Mangawhai Heads	Northland	New Zealand	-36.0882	174.5702
0542	Kaiwaka	Northland	New Zealand	-36.1667	174.45
0543	Paparoa	Northland	New Zealand	-36.1	174.2333
0545	Waipu	Northland	New Zealand	-35.9833	174.45
0547	Rowsells	Northland	New Zealand	-36.1	174.35
0549	Ruawai	Northland	New Zealand	-36.1333	174.0333
0550	Matakohe	Northland	New Zealand	-36.1333	174.1833
0571	Mareretu	Northland	New Zealand	-36.0333	174.2667
0573	Kaiwaka	Northland	New Zealand	-36.1667	174.45
0582	Waipu	Northland	New Zealand	-35.9833	174.45
0583	Marohemo	Northland	New Zealand	-36.1833	174.3
0587	Ranganui	Northland	New Zealand	-36.15	174.4
0588	Maungaturoto	Northland	New Zealand	-36.1	174.3667
0589	Huarau	Northland	New Zealand	-36.1	174.3
0591	Ruawai	Northland	New Zealand	-36.1333	174.0333
0592	Rehia	Northland	New Zealand	-36.0667	174.0333
0593	Pahi	Northland	New Zealand	-36.1572	174.2283
0594	Matakohe	Northland	New Zealand	-36.1333	174.1833
0600	Blockhouse Bay	Auckland	New Zealand	-36.9182	174.7002
0602	Kelston	Auckland	New Zealand	-36.8982	174.6602
0604	Huia	Auckland	New Zealand	-36.9983	174.5667
0610	Te Atatu South	Auckland	New Zealand	-36.8647	174.6477
0612	McLaren Park	Auckland	New Zealand	-36.8882	174.6102
0614	Swanson	Auckland	New Zealand	-36.8667	174.5833
0618	Hobsonville	Auckland	New Zealand	-36.8	174.6667
0620	Forrest Hill	Auckland	New Zealand	-36.7645	174.7477
0622	Belmont	Auckland	New Zealand	-36.8075	174.7864
0624	Devonport	Auckland	New Zealand	-36.8282	174.7902
0626	Chatswood	Auckland	New Zealand	-36.8184	174.7098
0627	North Shore	Auckland	New Zealand	-36.8	174.75
0629	Marlborough	Auckland	New Zealand	-36.7782	174.7202
0630	Browns Bay	Auckland	New Zealand	-36.7193	174.7367
0632	Greenhithe	Auckland	New Zealand	-36.7667	174.6833
0640	New Lynn	Auckland	New Zealand	-36.9069	174.687
0641	Glen Eden	Auckland	New Zealand	-36.9167	174.65
0642	Titirangi	Auckland	New Zealand	-36.9375	174.6558
0643	Green Bay	Auckland	New Zealand	-36.931	174.6749
0644	Blockhouse Bay	Auckland	New Zealand	-36.9182	174.7002
0645	Glendene	Auckland	New Zealand	-36.8882	174.6402
0650	Sunnyvale	Auckland	New Zealand	-36.8882	174.6302
0651	Te Atatu	Auckland	New Zealand	-36.8333	174.65
0652	Te Atatu South	Auckland	New Zealand	-36.8647	174.6477
0653	Swanson	Auckland	New Zealand	-36.8667	174.5833
0654	Te Atatu South	Auckland	New Zealand	-36.8647	174.6477
0655	Swanson	Auckland	New Zealand	-36.8667	174.5833
0656	Massey East	Auckland	New Zealand	-36.8282	174.6202
0657	West Harbour	Auckland	New Zealand	-36.8182	174.6102
0660	Waitakere	Auckland	New Zealand	-36.8513	174.5448
0661	Te Atatu Peninsula	Auckland	New Zealand	-36.841	174.6522
0662	Brighams Creek	Auckland	New Zealand	-36.7833	174.6
0663	Massey East	Auckland	New Zealand	-36.8282	174.6202
0740	Hauraki	Auckland	New Zealand	-36.7996	174.778
0741	Milford	Auckland	New Zealand	-36.7716	174.7659
0742	Torbay	Auckland	New Zealand	-36.696	174.7512
0743	Forrest Hill	Auckland	New Zealand	-36.7645	174.7477
0744	Devonport	Auckland	New Zealand	-36.7775	174.7399
0745	Glenfield	Auckland	New Zealand	-36.7826	174.7211
0746	Birkenhead	Auckland	New Zealand	-36.8082	174.7202
0747	Marlborough	Auckland	New Zealand	-36.7782	174.7202
0748	North Shore	Auckland	New Zealand	-36.8	174.75
0749	Birkdale	Auckland	New Zealand	-36.7972	174.7046
0750	Takapuna	Auckland	New Zealand	-36.7917	174.7758
0751	Glenfield	Auckland	New Zealand	-36.7826	174.7211
0752	Albany	Auckland	New Zealand	-36.7167	174.7
0753	Browns Bay	Auckland	New Zealand	-36.7193	174.7367
0754	Mairangi Bay	Auckland	New Zealand	-36.7381	174.752
0755	Albany	Auckland	New Zealand	-36.7167	174.7
0756	Paremoremo	Auckland	New Zealand	-36.7667	174.6667
0757	Forrest Hill	Auckland	New Zealand	-36.7645	174.7477
0758	Mairangi Bay	Auckland	New Zealand	-36.7381	174.752
0772	Karekare	Auckland	New Zealand	-36.9833	174.4833
0781	Piha	Auckland	New Zealand	-36.95	174.4667
0782	Waitakere	Auckland	New Zealand	-36.8513	174.5448
0792	Red Vale	Auckland	New Zealand	-36.6833	174.7
0793	Coatesville	Auckland	New Zealand	-36.7167	174.65
0794	Dairy Flat	Auckland	New Zealand	-36.6667	174.65
0800	Helensville	Auckland	New Zealand	-36.6782	174.4502
0810	Huapai	Auckland	New Zealand	-36.7667	174.55
0812	Waimauku	Auckland	New Zealand	-36.75	174.5
0814	West Harbour	Auckland	New Zealand	-36.8182	174.6102
0820	Riverhead	Auckland	New Zealand	-36.75	174.6
0830	Parakai	Auckland	New Zealand	-36.65	174.4333
0840	Helensville	Auckland	New Zealand	-36.6782	174.4502
0841	Huapai	Auckland	New Zealand	-36.7667	174.55
0842	Pahitoa	Auckland	New Zealand	-36.7833	174.4833
0843	Kaukapakapa	Auckland	New Zealand	-36.6167	174.5
0871	Kaukapakapa	Auckland	New Zealand	-36.6167	174.5
0873	Parakakau	Auckland	New Zealand	-36.5833	174.6
0874	Parkhurst	Auckland	New Zealand	-36.65	174.4
0875	Helensville	Auckland	New Zealand	-36.6782	174.4502
0881	Woodhill	Auckland	New Zealand	-36.75	174.4333
0882	Waimauku	Auckland	New Zealand	-36.75	174.5
0883	Pahitoa	Auckland	New Zealand	-36.7833	174.4833
0891	Huapai	Auckland	New Zealand	-36.7667	174.55
0892	Kumeu	Auckland	New Zealand	-36.7667	174.5667
0900	Wellsford	Auckland	New Zealand	-36.2833	174.5167
0910	Warkworth	Auckland	New Zealand	-36.4	174.6667
0920	Leigh	Auckland	New Zealand	-36.2833	174.8167
0930	Whangaparaoa	Auckland	New Zealand	-36.6333	174.7667
0931	Orewa	Auckland	New Zealand	-36.5667	174.7
0932	Red Beach	Auckland	New Zealand	-36.6124	174.6887
0940	Wellsford	Auckland	New Zealand	-36.2833	174.5167
0941	Warkworth	Auckland	New Zealand	-36.4	174.6667
0942	Snells Beach	Auckland	New Zealand	-36.4082	174.7202
0943	Whangaparaoa	Auckland	New Zealand	-36.6333	174.7667
0944	Silverdale	Auckland	New Zealand	-36.6187	174.6776
0945	Red Beach	Auckland	New Zealand	-36.6124	174.6887
0946	Orewa	Auckland	New Zealand	-36.5667	174.7
0947	Leigh	Auckland	New Zealand	-36.2833	174.8167
0948	Matakana	Auckland	New Zealand	-36.35	174.7167
0950	Waiwera	Auckland	New Zealand	-36.55	174.7167
0951	Puhoi	Auckland	New Zealand	-36.5035	174.6676
0960	Okiwi	Auckland	New Zealand	-36.15	175.4167
0961	Okupu	Auckland	New Zealand	-36.2667	175.4333
0962	Tryphena	Auckland	New Zealand	-36.3014	175.4893
0963	Port Fitzroy	Auckland	New Zealand	-36.1667	175.35
0972	Wayby	Auckland	New Zealand	-36.3333	174.5667
0973	Wharehine	Auckland	New Zealand	-36.3167	174.4167
0974	Te Hana	Auckland	New Zealand	-36.2667	174.5167
0975	Topuni	Northland	New Zealand	-36.2167	174.4667
0977	Wharehine	Auckland	New Zealand	-36.3167	174.4167
0981	Woodcocks	Auckland	New Zealand	-36.45	174.5667
0982	Algies Bay	Auckland	New Zealand	-36.4353	174.7403
0983	Pohuehue	Auckland	New Zealand	-36.45	174.65
0984	Ahuroa	Auckland	New Zealand	-36.4753	174.5542
0985	Big Omaha	Auckland	New Zealand	-36.3333	174.7333
0986	Tawharanui	Auckland	New Zealand	-36.3833	174.8
0991	Whangapara	Auckland	New Zealand	-36.2333	175.4
0992	Silverdale	Auckland	New Zealand	-36.6187	174.6776
0993	Red Beach	Auckland	New Zealand	-36.6124	174.6887
1010	Auckland	Auckland	New Zealand	-36.8485	174.7635
1011	Herne Bay	Auckland	New Zealand	-36.8461	174.7292
1021	Arch Hill	Auckland	New Zealand	-36.8597	174.7531
1022	Point Chevalier	Auckland	New Zealand	-36.8633	174.7049
1023	Epsom	Auckland	New Zealand	-36.8874	174.7706
1024	Epsom	Auckland	New Zealand	-36.8874	174.7706
1025	Sandringham	Auckland	New Zealand	-36.8882	174.7302
1026	Waterview	Auckland	New Zealand	-36.8782	174.6902
1041	Mount Roskill	Auckland	New Zealand	-36.9082	174.7302
1042	Hillsborough	Auckland	New Zealand	-36.9182	174.7502
1050	Remuera	Auckland	New Zealand	-36.8804	174.7982
1051	Ellerslie	Auckland	New Zealand	-36.8982	174.8102
1052	Point Resolution	Auckland	New Zealand	-36.8514	174.7894
1060	Penrose	Auckland	New Zealand	-36.9167	174.8167
1061	Te Papapa	Auckland	New Zealand	-36.9182	174.8002
1062	OTAHUHU	Auckland	New Zealand	-36.9382	174.8402
1071	Kohimarama	Auckland	New Zealand	-36.8582	174.8402
1072	Tamaki	Auckland	New Zealand	-36.8882	174.8602
1081	Ostend	Auckland	New Zealand	-36.7982	175.0402
1140	Mechanics Bay	Auckland	New Zealand	-36.8382	174.7802
1141	Newmarket	Auckland	New Zealand	-36.8698	174.7757
1142	Newton	Auckland	New Zealand	-36.85	174.75
1143	Mechanics Bay	Auckland	New Zealand	-36.8382	174.7802
1144	Freemans Bay	Auckland	New Zealand	-36.8482	174.7402
1145	Grafton	Auckland	New Zealand	-36.8603	174.7657
1147	Herne Bay	Auckland	New Zealand	-36.8461	174.7292
1148	Auckland	Auckland	New Zealand	-36.8485	174.7635
1149	Parnell	Auckland	New Zealand	-36.8667	174.7833
1150	Auckland	Auckland	New Zealand	-36.8485	174.7635
1151	Point Resolution	Auckland	New Zealand	-36.8514	174.7894
1245	Western Springs	Auckland	New Zealand	-36.8667	174.7333
1246	Mount Albert	Auckland	New Zealand	-36.8782	174.7202
1340	Wesley	Auckland	New Zealand	-36.8982	174.7302
1342	Balmoral	Auckland	New Zealand	-36.8882	174.7402
1344	One Tree Hill	Auckland	New Zealand	-36.8982	174.7802
1345	Royal Oak	Auckland	New Zealand	-36.9082	174.7702
1346	Sandringham	Auckland	New Zealand	-36.8882	174.7302
1347	One Tree Hill	Auckland	New Zealand	-36.8982	174.7802
1348	Avondale	Auckland	New Zealand	-36.8833	174.7
1349	Epsom	Auckland	New Zealand	-36.8874	174.7706
1350	Owairaka	Auckland	New Zealand	-36.8882	174.7102
1351	Balmoral	Auckland	New Zealand	-36.8882	174.7402
1352	Mount Eden	Auckland	New Zealand	-36.8816	174.762
1440	Three Kings	Auckland	New Zealand	-36.8982	174.7502
1443	Lynfield	Auckland	New Zealand	-36.9282	174.7202
1445	Waikowhai	Auckland	New Zealand	-36.9282	174.7302
1446	Mount Eden	Auckland	New Zealand	-36.8816	174.762
1541	Greenlane	Auckland	New Zealand	-36.8906	174.7943
1542	Ellerslie	Auckland	New Zealand	-36.8982	174.8102
1543	Greenlane	Auckland	New Zealand	-36.8906	174.7943
1544	Ellerslie	Auckland	New Zealand	-36.8982	174.8102
1545	Panmure	Auckland	New Zealand	-36.8833	174.8667
1546	Ellerslie	Auckland	New Zealand	-36.8982	174.8102
1640	Otahuhu	Auckland	New Zealand	-36.9382	174.8402
1641	Panmure	Auckland	New Zealand	-36.8833	174.8667
1642	Mount Wellington	Auckland	New Zealand	-36.9082	174.8202
1643	Onehunga	Auckland	New Zealand	-36.9182	174.7802
1740	Saint Heliers	Auckland	New Zealand	-36.85	174.8667
1741	Panmure	Auckland	New Zealand	-36.8833	174.8667
1742	Meadowbank	Auckland	New Zealand	-36.8682	174.8202
1743	Point England	Auckland	New Zealand	-36.8782	174.8602
1744	Mission Bay	Auckland	New Zealand	-36.8547	174.8317
1745	Orakei	Auckland	New Zealand	-36.85	174.8167
1746	New Windsor	Auckland	New Zealand	-36.8982	174.7002
1840	Oneroa	Auckland	New Zealand	-36.7782	175.0102
1841	Onetangi	Auckland	New Zealand	-36.7833	175.0833
1842	Blackpool	Auckland	New Zealand	-36.7889	175.0144
1843	Ostend	Auckland	New Zealand	-36.7982	175.0402
1971	Onetangi	Auckland	New Zealand	-36.7833	175.0833
2010	Pakuranga Heights	Auckland	New Zealand	-36.9082	174.8802
2012	Eastern Beach	Auckland	New Zealand	-36.8682	174.9002
2013	East Tamaki	Auckland	New Zealand	-36.95	174.9
2014	Shelly Park	Auckland	New Zealand	-36.9075	174.9459
2016	East Tamaki	Auckland	New Zealand	-36.95	174.9
2018	Beachlands	Auckland	New Zealand	-36.8833	175
2022	Mangere	Auckland	New Zealand	-36.9681	174.7987
2023	Wiri	Auckland	New Zealand	-36.9982	174.8602
2024	Mangere East	Auckland	New Zealand	-36.9659	174.8239
2025	Wiri	Auckland	New Zealand	-36.9982	174.8602
2102	Manurewa	Auckland	New Zealand	-37.0182	174.8802
2103	Weymouth	Auckland	New Zealand	-37.0333	174.8667
2104	Wiri	Auckland	New Zealand	-36.9982	174.8602
2105	Manurewa East	Auckland	New Zealand	-37.0182	174.9102
2110	Red Hill	Auckland	New Zealand	-37.0582	174.9702
2112	Takanini	Auckland	New Zealand	-37.0482	174.9002
2113	Papakura	Auckland	New Zealand	-37.0657	174.9439
2120	Pukekohe	Auckland	New Zealand	-37.202	174.9036
2121	Tuakau	Waikato	New Zealand	-37.2705	174.9438
2122	Waiau Pa	Auckland	New Zealand	-37.1333	174.75
2123	Waiuku	Auckland	New Zealand	-37.2481	174.7349
2140	Pakuranga	Auckland	New Zealand	-36.8833	174.9167
2141	East Tamaki	Auckland	New Zealand	-36.95	174.9
2142	East Tamaki	Auckland	New Zealand	-36.95	174.9
2143	Botany Downs	Auckland	New Zealand	-36.906	174.9179
2144	Eastern Beach	Auckland	New Zealand	-36.8682	174.9002
2145	Shelly Park	Auckland	New Zealand	-36.9075	174.9459
2146	Shelly Park	Auckland	New Zealand	-36.9075	174.9459
2147	Beachlands	Auckland	New Zealand	-36.8833	175
2148	Maraetai	Auckland	New Zealand	-36.8833	175.05
2149	Whitford	Auckland	New Zealand	-36.9333	174.9667
2150	Mangere	Auckland	New Zealand	-36.9681	174.7987
2151	Favona	Auckland	New Zealand	-36.9333	174.8
2153	Mangere	Auckland	New Zealand	-36.9681	174.7987
2154	Mangere	Auckland	New Zealand	-36.9681	174.7987
2155	Papatoetoe	Auckland	New Zealand	-36.9682	174.8402
2156	Papatoetoe	Auckland	New Zealand	-36.9682	174.8402
2157	Wiri	Auckland	New Zealand	-36.9982	174.8602
2158	Mangere East	Auckland	New Zealand	-36.9659	174.8239
2159	Otara	Auckland	New Zealand	-36.9482	174.8702
2160	Wiri	Auckland	New Zealand	-36.9982	174.8602
2240	Homai	Auckland	New Zealand	-37.0167	174.8833
2241	Wiri	Auckland	New Zealand	-36.9982	174.8602
2242	Weymouth	Auckland	New Zealand	-37.0333	174.8667
2243	Manurewa East	Auckland	New Zealand	-37.0182	174.9102
2244	Pahurehure	Auckland	New Zealand	-37.0582	174.9202
2245	Takanini	Auckland	New Zealand	-37.0482	174.9002
2246	Pahurehure	Auckland	New Zealand	-37.0582	174.9202
2247	Drury	Auckland	New Zealand	-37.1	174.95
2248	Clevedon	Auckland	New Zealand	-37	175.05
2340	Pukekohe	Auckland	New Zealand	-37.202	174.9036
2341	Waiuku	Auckland	New Zealand	-37.2481	174.7349
2342	Tuakau	Waikato	New Zealand	-37.2705	174.9438
2343	Bombay	Auckland	New Zealand	-37.1667	174.9833
2344	Patumahoe	Auckland	New Zealand	-37.1833	174.8333
2345	Waiau Pa	Auckland	New Zealand	-37.1333	174.75
2440	Pokeno	Waikato	New Zealand	-37.245	175.0205
2441	Meremere	Waikato	New Zealand	-37.319	175.069
2471	Kopuku	Waikato	New Zealand	-37.2833	175.1667
2472	Pokeno	Waikato	New Zealand	-37.245	175.0205
2473	Kaiaua	Waikato	New Zealand	-37.1111	175.2962
2474	Mercer	Waikato	New Zealand	-37.279	175.048
2571	Waikopua	Auckland	New Zealand	-36.9167	174.9833
2576	Whitford	Auckland	New Zealand	-36.9333	174.9667
2577	Drury	Auckland	New Zealand	-37.1	174.95
2578	Ramarama	Auckland	New Zealand	-37.15	174.95
2579	Ararimu	Auckland	New Zealand	-37.15	175.0333
2580	Weymouth	Auckland	New Zealand	-37.0333	174.8667
2582	Clevedon	Auckland	New Zealand	-37	175.05
2583	Paparimu	Auckland	New Zealand	-37.1333	175.1167
2584	Opaheke	Auckland	New Zealand	-37.0833	174.9667
2585	Whakatiri	Auckland	New Zealand	-36.95	175.1167
2675	Ararimu	Auckland	New Zealand	-37.15	175.0333
2676	Paerata	Auckland	New Zealand	-37.1667	174.9
2677	Pukekohe East	Auckland	New Zealand	-37.2	174.95
2678	Mauku	Auckland	New Zealand	-37.2	174.8167
2679	Waiau Pa	Auckland	New Zealand	-37.1333	174.75
2681	Glenbrook	Auckland	New Zealand	-37.2167	174.7833
2682	Otaua	Waikato	New Zealand	-37.3064	174.7408
2683	Waipipi	Auckland	New Zealand	-37.2167	174.6667
2684	Pollok	Auckland	New Zealand	-37.1333	174.6167
2693	Te Kohanga	Auckland	New Zealand	-37.3141	174.8451
2694	Tuakau	Waikato	New Zealand	-37.2705	174.9438
2695	Kaawa	Waikato	New Zealand	-37.5108	174.8836
2696	Opuatia	Auckland	New Zealand	-37.4048	175.0002
2697	Te Kohanga	Auckland	New Zealand	-37.3141	174.8451
3010	Ohinemutu	Bay of Plenty	New Zealand	-38.1276	176.2446
3015	Sunnybrook	Bay of Plenty	New Zealand	-38.1482	176.2102
3020	Mamaku	Bay of Plenty	New Zealand	-38.1	176.0833
3025	Murupara	Bay of Plenty	New Zealand	-38.4667	176.7
3040	Ngapuna	Bay of Plenty	New Zealand	-38.1468	176.2747
3041	Ngongotaha	Bay of Plenty	New Zealand	-38.0833	176.2
3042	Owhata	Bay of Plenty	New Zealand	-38.1326	176.2982
3043	Whakarewarewa	Bay of Plenty	New Zealand	-38.1603	176.2651
3044	Glenholme	Bay of Plenty	New Zealand	-38.1487	176.2471
3045	Ngapuna	Bay of Plenty	New Zealand	-38.1468	176.2747
3046	Koutu	Bay of Plenty	New Zealand	-38.1197	176.2383
3047	Mangakakahi	Bay of Plenty	New Zealand	-38.1335	176.2344
3048	Tihiotonga	Bay of Plenty	New Zealand	-38.1726	176.2432
3049	Mamaku	Bay of Plenty	New Zealand	-38.1	176.0833
3060	Reporoa	Bay of Plenty	New Zealand	-38.4359	176.3412
3062	Murupara	Bay of Plenty	New Zealand	-38.4667	176.7
3072	Tarukenga	Bay of Plenty	New Zealand	-38.0752	176.1581
3073	Waimangu	Bay of Plenty	New Zealand	-38.284	176.3826
3074	Tikitere	Bay of Plenty	New Zealand	-38.0667	176.3667
3076	Punaromia	Bay of Plenty	New Zealand	-38.2872	176.3389
3077	Guthrie	Bay of Plenty	New Zealand	-38.3	176.15
3078	Atiamuri	Waikato	New Zealand	-38.3833	176.0167
3079	Ruatahuna	Bay of Plenty	New Zealand	-38.6138	176.9592
3081	Tahorakui	Bay of Plenty	New Zealand	-38.479	176.2724
3083	Tahorakui	Bay of Plenty	New Zealand	-38.479	176.2724
3110	Tauranga	Bay of Plenty	New Zealand	-37.6861	176.1667
3112	Hairini	Bay of Plenty	New Zealand	-37.7333	176.1667
3114	Omokoroa Beach	Bay of Plenty	New Zealand	-37.6333	176.05
3116	Omanu	Bay of Plenty	New Zealand	-37.6568	176.2084
3118	Papamoa Beach	Bay of Plenty	New Zealand	-37.6973	176.2846
3119	Te Puke	Bay of Plenty	New Zealand	-37.7782	176.3302
3120	Poroporo	Bay of Plenty	New Zealand	-37.9833	176.9667
3121	Ohope Beach	Bay of Plenty	New Zealand	-37.9752	177.0759
3122	Opotiki	Bay of Plenty	New Zealand	-38.0091	177.2871
3123	Taneatua	Bay of Plenty	New Zealand	-38.0667	177.0167
3127	Kawerau	Bay of Plenty	New Zealand	-38.1	176.7
3129	Katikati	Bay of Plenty	New Zealand	-37.55	175.9167
3140	Tauranga	Bay of Plenty	New Zealand	-37.6861	176.1667
3141	Tauranga	Bay of Plenty	New Zealand	-37.6861	176.1667
3142	Greerton	Bay of Plenty	New Zealand	-37.7254	176.1335
3143	Tauranga	Bay of Plenty	New Zealand	-37.6861	176.1667
3144	Tauranga	Bay of Plenty	New Zealand	-37.6861	176.1667
3145	Otumoetai	Bay of Plenty	New Zealand	-37.6716	176.1386
3146	Judea	Bay of Plenty	New Zealand	-37.6953	176.1441
3147	Bethlehem	Bay of Plenty	New Zealand	-37.695	176.1086
3148	Hairini	Bay of Plenty	New Zealand	-37.7333	176.1667
3149	Omanu	Bay of Plenty	New Zealand	-37.6568	176.2084
3150	Mount Maunganui	Bay of Plenty	New Zealand	-37.6417	176.1861
3151	Kairua	Bay of Plenty	New Zealand	-37.7167	176.2833
3152	Omanu Beach	Bay of Plenty	New Zealand	-37.67	176.229
3153	Te Puke	Bay of Plenty	New Zealand	-37.7782	176.3302
3154	Omokoroa Beach	Bay of Plenty	New Zealand	-37.6333	176.05
3158	Whakatane	Bay of Plenty	New Zealand	-37.9585	176.9855
3159	Poroporo	Bay of Plenty	New Zealand	-37.9833	176.9667
3160	Edgecumbe	Bay of Plenty	New Zealand	-37.9833	176.8333
3161	Ohope Beach	Bay of Plenty	New Zealand	-37.9752	177.0759
3162	Opotiki	Bay of Plenty	New Zealand	-38.0091	177.2871
3163	Taneatua	Bay of Plenty	New Zealand	-38.0667	177.0167
3164	Waimana	Bay of Plenty	New Zealand	-38.15	177.0833
3166	Katikati		New Zealand	-38.0255	176.9425
3167	Te Teko	Bay of Plenty	New Zealand	-38.0365	176.7936
3168	Matata	Bay of Plenty	New Zealand	-37.8833	176.75
3169	Kawerau	Bay of Plenty	New Zealand	-38.1	176.7
3171	Lower Kaimai	Bay of Plenty	New Zealand	-37.8	176.0333
3172	Omokoroa Beach	Bay of Plenty	New Zealand	-37.6333	176.05
3173	Oropi	Bay of Plenty	New Zealand	-37.8395	176.1611
3175	Upper Papamoa	Bay of Plenty	New Zealand	-37.7667	176.25
3176	Whakamarama	Bay of Plenty	New Zealand	-37.7333	176
3177	Athenree	Bay of Plenty	New Zealand	-37.4667	175.9167
3178	Katikati	Bay of Plenty	New Zealand	-37.55	175.9167
3182	Te Puke	Bay of Plenty	New Zealand	-37.7782	176.3302
3183	Upper Papamoa	Bay of Plenty	New Zealand	-37.7667	176.25
3186	Ohinepanea	Bay of Plenty	New Zealand	-37.8219	176.5643
3187	Papamoa	Bay of Plenty	New Zealand	-37.7333	176.3
3188	Ngawaro	Bay of Plenty	New Zealand	-37.9333	176.15
3189	Paengaroa	Bay of Plenty	New Zealand	-37.8167	176.4167
3191	Otangihaku	Bay of Plenty	New Zealand	-38.0333	177
3192	Kawerau	Bay of Plenty	New Zealand	-38.1	176.7
3193	Edgecumbe	Bay of Plenty	New Zealand	-37.9833	176.8333
3194	Awakaponga	Bay of Plenty	New Zealand	-37.9333	176.7667
3196	Waimana	Bay of Plenty	New Zealand	-38.15	177.0833
3197	Toatoa	Bay of Plenty	New Zealand	-38.1333	177.5
3198	Waimana	Bay of Plenty	New Zealand	-38.15	177.0833
3199	Omaio	Bay of Plenty	New Zealand	-37.8167	177.6667
3200	Te Rapa	Waikato	New Zealand	-37.75	175.2167
3204	Frankton Junction	Waikato	New Zealand	-37.8	175.2667
3206	Melville	Waikato	New Zealand	-37.811	175.2821
3210	Claudelands	Waikato	New Zealand	-37.7833	175.2833
3214	Hamilton	Waikato	New Zealand	-37.7833	175.2833
3216	Hamilton East	Waikato	New Zealand	-37.7882	175.2902
3218	Temple View	Waikato	New Zealand	-37.8208	175.2255
3225	Raglan	Waikato	New Zealand	-37.8	174.8833
3240	Hamilton West	Waikato	New Zealand	-37.7882	175.2702
3241	Te Rapa	Waikato	New Zealand	-37.75	175.2167
3242	Hamilton West	Waikato	New Zealand	-37.7882	175.2702
3243	Frankton Junction	Waikato	New Zealand	-37.8	175.2667
3244	Hamilton	Waikato	New Zealand	-37.7833	175.2833
3245	Melville	Waikato	New Zealand	-37.811	175.2821
3246	Melville	Waikato	New Zealand	-37.811	175.2821
3247	Hamilton East	Waikato	New Zealand	-37.7882	175.2902
3248	Claudelands	Waikato	New Zealand	-37.7833	175.2833
3249	Te Rapa	Waikato	New Zealand	-37.75	175.2167
3251	Hamilton East	Waikato	New Zealand	-37.7882	175.2902
3252	Claudelands	Waikato	New Zealand	-37.7833	175.2833
3253	Newstead	Waikato	New Zealand	-37.7833	175.35
3254	Newstead	Waikato	New Zealand	-37.7833	175.35
3255	Hamilton East	Waikato	New Zealand	-37.7882	175.2902
3256	Claudelands	Waikato	New Zealand	-37.7833	175.2833
3257	Claudelands	Waikato	New Zealand	-37.7833	175.2833
3260	Matangi	Waikato	New Zealand	-37.8048	175.3952
3261	Whatawhata	Waikato	New Zealand	-37.8	175.15
3262	Horotiu	Waikato	New Zealand	-37.7167	175.2
3263	Te Kowhai	Waikato	New Zealand	-37.75	175.15
3264	Gordonton	Waikato	New Zealand	-37.6667	175.3
3265	Raglan	Waikato	New Zealand	-37.8	174.8833
3266	Te Uku	Waikato	New Zealand	-37.8333	174.9667
3281	Gordonton	Waikato	New Zealand	-37.6667	175.3
3282	Rukuhia	Waikato	New Zealand	-37.8667	175.2833
3283	Tamahere	Waikato	New Zealand	-37.8333	175.35
3284	Eureka	Waikato	New Zealand	-37.7333	175.4167
3285	Aramiro	Waikato	New Zealand	-37.8918	175.0318
3288	Te Kowhai	Waikato	New Zealand	-37.75	175.15
3289	Whatawhata	Waikato	New Zealand	-37.8	175.15
3290	Temple View	Waikato	New Zealand	-37.8208	175.2255
3293	Waitetuna	Waikato	New Zealand	-37.8333	175.0333
3295	Te Uku	Waikato	New Zealand	-37.8333	174.9667
3296	Ruapuke	Waikato	New Zealand	-37.9247	174.8138
3297	Raglan	Waikato	New Zealand	-37.8	174.8833
3300	Morrinsville	Waikato	New Zealand	-37.6482	175.5202
3310	Waitoa	Waikato	New Zealand	-37.6167	175.6333
3320	Te Aroha	Waikato	New Zealand	-37.5282	175.7102
3330	Wharewaka	Waikato	New Zealand	-38.7311	176.0734
3332	Wairakei	Waikato	New Zealand	-38.6333	176.1
3334	Turangi	Waikato	New Zealand	-38.9904	175.8084
3340	Morrinsville	Waikato	New Zealand	-37.6482	175.5202
3341	Waitoa	Waikato	New Zealand	-37.6167	175.6333
3342	Te Aroha	Waikato	New Zealand	-37.5282	175.7102
3343	Te Aroha	Waikato	New Zealand	-37.5282	175.7102
3351	Taupo	Waikato	New Zealand	-38.6833	176.0833
3352	Taupo	Waikato	New Zealand	-38.6833	176.0833
3353	Turangi	Waikato	New Zealand	-38.9904	175.8084
3360	Tarawera	Hawke's Bay	New Zealand	-39.0333	176.5833
3371	Kiwitahi	Waikato	New Zealand	-37.7	175.6
3372	Motumaoho	Waikato	New Zealand	-37.7	175.45
3373	Tahuna	Waikato	New Zealand	-37.5	175.4833
3374	Te Puninga	Waikato	New Zealand	-37.5833	175.5667
3375	Morrinsville	Waikato	New Zealand	-37.6482	175.5202
3377	Oruanui	Waikato	New Zealand	-38.5833	176.0333
3378	Waipahihi	Waikato	New Zealand	-38.7084	176.0907
3379	Rangitaiki	Waikato	New Zealand	-38.8792	176.3729
3380	Waitoa		New Zealand	-38.9393	175.7893
3381	Kuratau	Waikato	New Zealand	-38.8882	175.7702
3382	Turangi	Waikato	New Zealand	-38.9904	175.8084
3391	Manawaru	Waikato	New Zealand	-37.6333	175.7667
3392	Mangaiti	Waikato	New Zealand	-37.5	175.6833
3393	Mangaiti	Waikato	New Zealand	-37.5	175.6833
3400	Matamata	Waikato	New Zealand	-37.8106	175.7624
3401	Waharoa	Waikato	New Zealand	-37.7667	175.7667
3410	Tirau	Waikato	New Zealand	-37.9833	175.75
3411	Putaruru	Waikato	New Zealand	-38.0482	175.7802
3415	Arapuni	Waikato	New Zealand	-38.0709	175.646
3420	Tokoroa	Waikato	New Zealand	-38.2333	175.8667
3421	Mangakino	Waikato	New Zealand	-38.3741	175.771
3432	Leamington	Waikato	New Zealand	-37.8833	175.4667
3434	Leamington	Waikato	New Zealand	-37.8833	175.4667
3440	Matamata	Waikato	New Zealand	-37.8106	175.7624
3441	Waharoa	Waikato	New Zealand	-37.7667	175.7667
3442	Tirau	Waikato	New Zealand	-37.9833	175.75
3443	Putaruru	Waikato	New Zealand	-38.0482	175.7802
3444	Tokoroa	Waikato	New Zealand	-38.2333	175.8667
3445	Mangakino	Waikato	New Zealand	-38.3741	175.771
3450	Leamington	Waikato	New Zealand	-37.8833	175.4667
3451	Hautapu	Waikato	New Zealand	-37.8608	175.4535
3471	Okauia	Waikato	New Zealand	-37.787	175.8399
3472	Hinuera	Waikato	New Zealand	-37.8833	175.7667
3473	Kaimai	Bay of Plenty	New Zealand	-37.8333	175.9667
3474	Waharoa	Waikato	New Zealand	-37.7667	175.7667
3475	Walton	Waikato	New Zealand	-37.7333	175.6833
3481	Te Waotu	Waikato	New Zealand	-38.15	175.7
3482	Ngatira	Waikato	New Zealand	-38.1	175.9
3483	Putaruru	Waikato	New Zealand	-38.0482	175.7802
3484	Tirau	Waikato	New Zealand	-37.9833	175.75
3485	Okoroire	Waikato	New Zealand	-37.95	175.8
3491	Kinleith	Waikato	New Zealand	-38.2833	175.9
3492	Mangakino	Waikato	New Zealand	-38.3741	175.771
3493	Bruntwood	Waikato	New Zealand	-37.85	175.4333
3494	Pukeatua	Waikato	New Zealand	-38.0667	175.55
3495	Leamington	Waikato	New Zealand	-37.8833	175.4667
3496	Whitehall	Waikato	New Zealand	-37.8833	175.5667
3500	Thames	Waikato	New Zealand	-37.1383	175.5401
3503	Ngatea	Waikato	New Zealand	-37.2833	175.5
3506	Whangapoua	Waikato	New Zealand	-36.7167	175.6167
3508	Tairua	Waikato	New Zealand	-37.0167	175.85
3510	Whitianga	Waikato	New Zealand	-36.8333	175.7
3540	Thames	Waikato	New Zealand	-37.1383	175.5401
3541	Ngatea	Waikato	New Zealand	-37.2833	175.5
3542	Whitianga	Waikato	New Zealand	-36.8333	175.7
3543	Coromandel	Waikato	New Zealand	-36.7611	175.4963
3544	Tairua	Waikato	New Zealand	-37.0167	175.85
3545	Turua	Waikato	New Zealand	-37.2333	175.5667
3546	Pauanui	Waikato	New Zealand	-37.0167	175.8667
3547	Colville	Waikato	New Zealand	-36.6333	175.4667
3574	Turua	Waikato	New Zealand	-37.2333	175.5667
3575	Tapu	Waikato	New Zealand	-36.9833	175.5
3576	Waitakaruru	Waikato	New Zealand	-37.25	175.3833
3577	Parawai	Waikato	New Zealand	-37.1499	175.5599
3578	Nevesville	Waikato	New Zealand	-37.1667	175.7
3579	Hikuai	Waikato	New Zealand	-37.0833	175.7833
3581	Ahimia	Waikato	New Zealand	-36.85	175.4833
3582	Te Rerenga	Waikato	New Zealand	-36.75	175.6
3583	Kennedys Bay	Waikato	New Zealand	-36.6833	175.55
3584	Colville	Waikato	New Zealand	-36.6333	175.4667
3591	Coroglen	Waikato	New Zealand	-36.9167	175.7
3592	Coroglen	Waikato	New Zealand	-36.9167	175.7
3597	Ngatea	Waikato	New Zealand	-37.2833	175.5
3600	Paeroa	Waikato	New Zealand	-37.3667	175.6667
3610	Waihi	Waikato	New Zealand	-37.3833	175.8333
3611	Waihi Beach	Bay of Plenty	New Zealand	-37.4	175.9333
3620	Whangamata	Waikato	New Zealand	-37.2	175.8667
3640	Paeroa	Waikato	New Zealand	-37.3667	175.6667
3641	Waihi	Waikato	New Zealand	-37.3833	175.8333
3642	Waihi Beach	Bay of Plenty	New Zealand	-37.4	175.9333
3643	Whangamata	Waikato	New Zealand	-37.2	175.8667
3671	Netherton	Waikato	New Zealand	-37.3333	175.6167
3672	Netherton	Waikato	New Zealand	-37.3333	175.6167
3673	Tirohia	Waikato	New Zealand	-37.4333	175.65
3674	Komata	Waikato	New Zealand	-37.3667	175.7333
3681	Waihi	Waikato	New Zealand	-37.3833	175.8333
3682	Waihi	Waikato	New Zealand	-37.3833	175.8333
3691	Whangamata	Waikato	New Zealand	-37.2	175.8667
3700	Starrtown	Waikato	New Zealand	-37.562	175.1619
3710	Te Kauwhata	Waikato	New Zealand	-37.4	175.15
3720	Ngaruawahia	Waikato	New Zealand	-37.6674	175.1555
3721	Taupiri	Waikato	New Zealand	-37.6167	175.1833
3740	Starrtown	Waikato	New Zealand	-37.562	175.1619
3741	Te Kauwhata	Waikato	New Zealand	-37.4	175.15
3742	Ngaruawahia	Waikato	New Zealand	-37.6674	175.1555
3771	Pukekapia	Waikato	New Zealand	-37.5333	175.1167
3772	Ruawaro	Waikato	New Zealand	-37.5167	175.05
3781	Waerenga	Waikato	New Zealand	-37.3667	175.2333
3782	Whangamarino	Waikato	New Zealand	-37.3491	175.1135
3784	Waiterimu	Waikato	New Zealand	-37.45	175.3
3791	Komakorau	Waikato	New Zealand	-37.6333	175.2667
3792	Orini	Waikato	New Zealand	-37.5667	175.3
3793	Waingaro	Waikato	New Zealand	-37.6833	175
3794	Pepepe	Waikato	New Zealand	-37.5833	174.95
3800	Te Awamutu	Waikato	New Zealand	-38.0082	175.3302
3802	Pirongia	Waikato	New Zealand	-38	175.2
3803	Ohaupo	Waikato	New Zealand	-37.9167	175.3167
3840	Te Awamutu	Waikato	New Zealand	-38.0082	175.3302
3841	Kihikihi	Waikato	New Zealand	-38.0333	175.35
3843	Kawhia	Waikato	New Zealand	-38.0667	174.8167
3872	Wharepuhunga	Waikato	New Zealand	-38.1333	175.45
3873	Te Kawa	Waikato	New Zealand	-38.1	175.2833
3874	Matapara	Waikato	New Zealand	-38.2167	175.55
3875	Te Mawhai	Waikato	New Zealand	-38.05	175.3
3876	Pirongia	Waikato	New Zealand	-38	175.2
3877	Matapara	Waikato	New Zealand	-38.2167	175.55
3878	Hauturu	Waikato	New Zealand	-38.1	174.9333
3879	Kihikihi	Waikato	New Zealand	-38.0333	175.35
3880	Pukeatua	Waikato	New Zealand	-38.0667	175.55
3881	Ohaupo	Waikato	New Zealand	-37.9167	175.3167
3882	Rukuhia	Waikato	New Zealand	-37.8667	175.2833
3883	Ngaroto	Waikato	New Zealand	-37.9833	175.3
3885	Oparau	Waikato	New Zealand	-38.05	174.9167
3886	Owhiro	Waikato	New Zealand	-38.1667	174.9
3889	Kawhia	Waikato	New Zealand	-38.0667	174.8167
3894	Te Papatapu	Waikato	New Zealand	-37.95	174.8833
3895	Moerangi	Waikato	New Zealand	-37.9667	174.9167
3900	Otorohanga	Waikato	New Zealand	-38.1833	175.2
3910	Te Kuiti	Waikato	New Zealand	-38.3363	175.1701
3912	Piopio	Waikato	New Zealand	-38.4667	175.0167
3920	Taumarunui	Manawatu-Wanganui	New Zealand	-38.8782	175.2602
3924	Manunui	Manawatu-Wanganui	New Zealand	-38.8833	175.3333
3926	Ohura	Manawatu-Wanganui	New Zealand	-38.8333	174.9833
3940	Otorohanga	Waikato	New Zealand	-38.1833	175.2
3941	Te Kuiti	Waikato	New Zealand	-38.3363	175.1701
3942	Piopio	Waikato	New Zealand	-38.4667	175.0167
3943	Hangatiki	Waikato	New Zealand	-38.25	175.1667
3944	Benneydale	Waikato	New Zealand	-38.5206	175.3616
3945	Mahoenui	Waikato	New Zealand	-38.5667	174.85
3946	Taumarunui	Manawatu-Wanganui	New Zealand	-38.8782	175.2602
3947	Ohura	Manawatu-Wanganui	New Zealand	-38.8333	174.9833
3948	National Park	Manawatu-Wanganui	New Zealand	-39.1833	175.4
3949	Tongariro	Waikato	New Zealand	-39.0333	175.65
3970	Wairere Falls	Waikato	New Zealand	-38.5167	175.0167
3971	Waitanguru	Waikato	New Zealand	-38.3833	174.8667
3972	Maihiihi	Waikato	New Zealand	-38.2333	175.3833
3973	Honikiwi	Waikato	New Zealand	-38.15	175.1
3974	Te Kawa	Waikato	New Zealand	-38.1	175.2833
3975	Maihiihi	Waikato	New Zealand	-38.2333	175.3833
3976	Hangatiki	Waikato	New Zealand	-38.25	175.1667
3977	Hangatiki	Waikato	New Zealand	-38.25	175.1667
3978	Mahoenui	Waikato	New Zealand	-38.5667	174.85
3979	Waitewhenua	Manawatu-Wanganui	New Zealand	-38.7	174.9667
3980	Tatu	Manawatu-Wanganui	New Zealand	-38.9	174.95
3981	Arapae	Waikato	New Zealand	-38.4167	175.0833
3982	Puketutu	Waikato	New Zealand	-38.4333	175.2333
3983	Kopaki	Waikato	New Zealand	-38.4667	175.2667
3985	Waitanguru	Waikato	New Zealand	-38.3833	174.8667
3986	Te Kuiti	Waikato	New Zealand	-38.3363	175.1701
3987	Benneydale	Waikato	New Zealand	-38.5206	175.3616
3988	Owhiro	Waikato	New Zealand	-38.1667	174.9
3989	Oio	Manawatu-Wanganui	New Zealand	-39.05	175.4167
3990	Upper Ruatiti	Manawatu-Wanganui	New Zealand	-39.2	175.2
3991	Aukopae	Manawatu-Wanganui	New Zealand	-38.9	175.1667
3992	Hikumutu	Manawatu-Wanganui	New Zealand	-38.95	175.2833
3993	Kirikau	Manawatu-Wanganui	New Zealand	-39.0167	175.1333
3994	Ngapuke	Manawatu-Wanganui	New Zealand	-38.85	175.4667
3995	Matiere	Manawatu-Wanganui	New Zealand	-38.75	175.1
3996	Okahukura	Manawatu-Wanganui	New Zealand	-38.7833	175.2167
3997	Ongarue	Manawatu-Wanganui	New Zealand	-38.7167	175.2833
3998	Waimiha	Manawatu-Wanganui	New Zealand	-38.6167	175.3167
4010	Kaiti	Gisborne	New Zealand	-38.6682	178.0302
4022	Te Karaka	Gisborne	New Zealand	-38.4667	177.8667
4032	Ruatoria	Gisborne	New Zealand	-37.8833	178.3333
4040	Kaiti	Gisborne	New Zealand	-38.6682	178.0302
4041	Tamarau	Gisborne	New Zealand	-38.6782	178.0502
4042	Te Karaka	Gisborne	New Zealand	-38.4667	177.8667
4043	Ruatoria	Gisborne	New Zealand	-37.8833	178.3333
4044	Tiniroto	Gisborne	New Zealand	-38.7667	177.5667
4045	Patutahi	Gisborne	New Zealand	-38.6167	177.9
4046	Tolaga Bay	Gisborne	New Zealand	-38.3667	178.3
4047	Tokomaru	Gisborne	New Zealand	-38.1333	178.3
4048	Te Puia	Gisborne	New Zealand	-38.0667	178.3
4049	Rangitukia	Gisborne	New Zealand	-37.7667	178.45
4050	Te Araroa	Gisborne	New Zealand	-37.6333	178.3667
4051	Matawai	Gisborne	New Zealand	-38.35	177.5333
4052	Motu	Gisborne	New Zealand	-38.25	177.55
4071	Waerengaahika	Gisborne	New Zealand	-38.6	177.9333
4072	Pehiri	Gisborne	New Zealand	-38.6333	177.7
4073	Whangara	Gisborne	New Zealand	-38.5667	178.2167
4075	Rakauroa	Gisborne	New Zealand	-38.4167	177.55
4077	Tolaga Bay	Gisborne	New Zealand	-38.3667	178.3
4078	Tiniroto	Gisborne	New Zealand	-38.7667	177.5667
4079	Tokomaru	Gisborne	New Zealand	-38.1333	178.3
4081	Waitakaro	Gisborne	New Zealand	-37.9333	178.2667
4082	Ruatoria	Gisborne	New Zealand	-37.8833	178.3333
4083	Pakihiroa	Gisborne	New Zealand	-37.85	178.0667
4086	Whakaangiangi	Gisborne	New Zealand	-37.7167	178.3
4087	Te Araroa	Gisborne	New Zealand	-37.6333	178.3667
4091	Ahititi	Gisborne	New Zealand	-38.4333	178.05
4092	Otoko	Gisborne	New Zealand	-38.4	177.6667
4093	Te Karaka	Gisborne	New Zealand	-38.4667	177.8667
4094	Whatatutu	Gisborne	New Zealand	-38.3833	177.8333
4102	Haumoana	Hawke's Bay	New Zealand	-39.6037	176.9457
4104	Petane	Hawke's Bay	New Zealand	-39.3833	176.8667
4108	North Clyde	Hawke's Bay	New Zealand	-39.0282	177.4202
4110	Onekawa	Hawke's Bay	New Zealand	-39.4982	176.8802
4112	Puk-kura	Hawke's Bay	New Zealand	-39.5233	176.8442
4120	HASTINGS	Hawke's Bay	New Zealand	-39.6381	176.8492
4122	Akina	Hawke's Bay	New Zealand	-39.6482	176.8402
4130	Havelock North	Hawke's Bay	New Zealand	-39.6667	176.8833
4140	Onekawa	Hawke's Bay	New Zealand	-39.5091	176.8896
4141	Taradale	Hawke's Bay	New Zealand	-39.5333	176.85
4142	Pirimai	Hawke's Bay	New Zealand	-39.5082	176.8802
4143	Napier South	Hawke's Bay	New Zealand	-39.4982	176.9002
4144	Ahuriri	Hawke's Bay	New Zealand	-39.4833	176.9
4145	Greenmeadows	Hawke's Bay	New Zealand	-39.5182	176.8602
4146	Pirimai	Hawke's Bay	New Zealand	-39.5082	176.8802
4147	Tamatea	Hawke's Bay	New Zealand	-39.5082	176.8602
4148	Clive	Hawke's Bay	New Zealand	-39.5833	176.9167
4149	Petane	Hawke's Bay	New Zealand	-39.4131	176.8767
4153	Saint Leonards	Hawke's Bay	New Zealand	-39.6282	176.8302
4154	Flaxmere	Hawke's Bay	New Zealand	-39.6182	176.7802
4155	Parkvale	Hawke's Bay	New Zealand	-39.6382	176.8502
4156	Parkvale	Hawke's Bay	New Zealand	-39.6382	176.8502
4157	Havelock North	Hawke's Bay	New Zealand	-39.6667	176.8833
4158	Parkvale	Hawke's Bay	New Zealand	-39.6382	176.8502
4159	Mayfair	Hawke's Bay	New Zealand	-39.6382	176.8502
4160	Wairoa	Hawke's Bay	New Zealand	-39.0333	177.3667
4161	Pahowai	Hawke's Bay	New Zealand	-39.6006	176.8942
4162	Tutira	Hawke's Bay	New Zealand	-39.2	176.8667
4163	Frasertown	Hawke's Bay	New Zealand	-38.9686	177.4006
4164	Tuai	Hawke's Bay	New Zealand	-38.8167	177.1667
4165	Nuhaka	Hawke's Bay	New Zealand	-39.05	177.75
4166	Mahia	Hawke's Bay	New Zealand	-39.0872	177.9172
4171	Blackburn	Hawke's Bay	New Zealand	-39.8667	176.2833
4172	Te Awanga	Hawke's Bay	New Zealand	-39.6333	176.9833
4174	Te Hauke	Hawke's Bay	New Zealand	-39.7667	176.6833
4175	Flaxmere	Hawke's Bay	New Zealand	-39.6182	176.7802
4178	Poukawa	Hawke's Bay	New Zealand	-39.7667	176.7333
4179	Puketitiri	Hawke's Bay	New Zealand	-39.2833	176.55
4181	Tutira	Hawke's Bay	New Zealand	-39.2	176.8667
4182	Te Pohue	Hawke's Bay	New Zealand	-39.25	176.6833
4183	Taradale	Hawke's Bay	New Zealand	-39.5333	176.85
4184	Puketitiri	Hawke's Bay	New Zealand	-39.2833	176.55
4186	Patoka	Hawke's Bay	New Zealand	-39.35	176.6167
4188	Kotemaori	Hawke's Bay	New Zealand	-39.0667	177.0333
4189	Kotemaori	Hawke's Bay	New Zealand	-39.0667	177.0333
4191	Raupunga	Hawke's Bay	New Zealand	-39.0333	177.2167
4193	Wairoa	Hawke's Bay	New Zealand	-39.0333	177.3667
4195	Tuai	Hawke's Bay	New Zealand	-38.8167	177.1667
4196	Opoiti	Hawke's Bay	New Zealand	-38.8883	177.4928
4197	Raupunga	Hawke's Bay	New Zealand	-39.0333	177.2167
4198	Waitaniwha	Hawke's Bay	New Zealand	-39.0592	177.7989
4200	Waipukurau	Hawke's Bay	New Zealand	-39.9982	176.5602
4202	Otane	Hawke's Bay	New Zealand	-39.8833	176.6333
4203	Takapau	Hawke's Bay	New Zealand	-40.0333	176.35
4210	Waipawa	Hawke's Bay	New Zealand	-39.9382	176.6002
4240	Waipawa	Hawke's Bay	New Zealand	-39.9382	176.6002
4241	Otane	Hawke's Bay	New Zealand	-39.8833	176.6333
4242	Waipukurau	Hawke's Bay	New Zealand	-39.9982	176.5602
4243	Takapau	Hawke's Bay	New Zealand	-40.0333	176.35
4244	Onga Onga	Hawke's Bay	New Zealand	-39.9167	176.4167
4245	Porangahau	Hawke's Bay	New Zealand	-40.2789	176.6283
4271	Patangata	Hawke's Bay	New Zealand	-39.9167	176.7167
4272	Ruataniwha	Hawke's Bay	New Zealand	-39.9333	176.5
4273	Argyll East	Hawke's Bay	New Zealand	-39.8667	176.5333
4274	Tikokino	Hawke's Bay	New Zealand	-39.8167	176.45
4275	Waipawa	Hawke's Bay	New Zealand	-39.9382	176.6002
4276	Pukehou	Hawke's Bay	New Zealand	-39.8333	176.6333
4277	Patangata	Hawke's Bay	New Zealand	-39.9167	176.7167
4278	Blackburn	Hawke's Bay	New Zealand	-39.8667	176.2833
4279	Blackburn	Hawke's Bay	New Zealand	-39.8667	176.2833
4281	Maharakeke	Hawke's Bay	New Zealand	-40.0167	176.45
4282	Wanstead	Hawke's Bay	New Zealand	-40.1333	176.5333
4283	Ruataniwha	Hawke's Bay	New Zealand	-39.9333	176.5
4284	Wallingford	Hawke's Bay	New Zealand	-40.2167	176.6
4285	Waipukurau	Hawke's Bay	New Zealand	-39.9982	176.5602
4286	Ashley Clinton	Hawke's Bay	New Zealand	-39.95	176.25
4287	Norsewood	Manawatu-Wanganui	New Zealand	-40.0705	176.2183
4288	Maharakeke	Hawke's Bay	New Zealand	-40.0167	176.45
4291	Porangahau	Hawke's Bay	New Zealand	-40.2789	176.6283
4292	Porangahau	Hawke's Bay	New Zealand	-40.2789	176.6283
4293	Porangahau	Hawke's Bay	New Zealand	-40.2789	176.6283
4294	Waimarama	Hawke's Bay	New Zealand	-39.8	176.9833
4295	Elsthorpe	Hawke's Bay	New Zealand	-39.9167	176.8167
4310	Westown	Taranaki	New Zealand	-39.0714	174.0622
4312	Fitzroy	Taranaki	New Zealand	-39.05	174.1
4314	Oakura	Taranaki	New Zealand	-39.1167	173.95
4320	Waitara	Taranaki	New Zealand	-39.0016	174.2384
4322	Eltham	Taranaki	New Zealand	-39.4292	174.3
4330	Inglewood	Taranaki	New Zealand	-39.1582	174.1802
4332	Stratford	Taranaki	New Zealand	-39.3376	174.2837
4335	Okato	Taranaki	New Zealand	-39.2	173.8833
4340	Brooklands	Taranaki	New Zealand	-39.0735	174.0821
4341	Fitzroy	Taranaki	New Zealand	-39.05	174.1
4342	New Plymouth	Taranaki	New Zealand	-39.0667	174.0833
4343	Frankleigh Park	Taranaki	New Zealand	-39.0782	174.0602
4344	Moturoa	Taranaki	New Zealand	-39.0643	174.0356
4345	Oakura	Taranaki	New Zealand	-39.1167	173.95
4346	Waitara	Taranaki	New Zealand	-39.0016	174.2384
4347	Inglewood	Taranaki	New Zealand	-39.1582	174.1802
4348	Okato	Taranaki	New Zealand	-39.2	173.8833
4349	Urenui	Taranaki	New Zealand	-39	174.3833
4350	Mokau	Waikato	New Zealand	-38.6974	174.6192
4351	Bell Block	Taranaki	New Zealand	-39.0333	174.15
4352	Stratford	Taranaki	New Zealand	-39.3376	174.2837
4353	Eltham	Taranaki	New Zealand	-39.4292	174.3
4360	Merrilands	Taranaki	New Zealand	-39.068	174.0977
4371	Mangorei	Taranaki	New Zealand	-39.15	174.0833
4372	Hillsborough	Taranaki	New Zealand	-39.1	174.15
4373	Lepperton	Taranaki	New Zealand	-39.0667	174.2167
4374	Oakura	Taranaki	New Zealand	-39.1167	173.95
4375	Okoki	Taranaki	New Zealand	-39.0167	174.4833
4376	Awakino	Waikato	New Zealand	-38.65	174.6333
4377	Uruti	Taranaki	New Zealand	-38.95	174.5333
4378	Okau	Taranaki	New Zealand	-38.8667	174.65
4379	Uruti	Taranaki	New Zealand	-38.95	174.5333
4381	Okato	Taranaki	New Zealand	-39.2	173.8833
4382	Sentry Hill	Taranaki	New Zealand	-39.0333	174.2
4383	Tikorangi	Taranaki	New Zealand	-39.0333	174.2833
4386	Kaimiro	Taranaki	New Zealand	-39.2	174.15
4387	Tarata	Taranaki	New Zealand	-39.15	174.3667
4388	Te Tawa	Taranaki	New Zealand	-39.1833	174.2167
4389	Waiongona	Taranaki	New Zealand	-39.1	174.2167
4390	Ratapiko	Taranaki	New Zealand	-39.2	174.3167
4391	Dawson Falls	Taranaki	New Zealand	-39.3238	174.1046
4392	Puniwhakau	Taranaki	New Zealand	-39.3282	174.6165
4393	Huinga	Taranaki	New Zealand	-39.357	174.4335
4394	Tuna	Taranaki	New Zealand	-39.2679	174.2981
4395	Matau	Taranaki	New Zealand	-39.1612	174.5635
4396	Tahora	Taranaki	New Zealand	-39.0309	174.8026
4397	Tahora	Taranaki	New Zealand	-39.0309	174.8026
4398	Eltham	Taranaki	New Zealand	-39.4292	174.3
4399	Moeroa	Taranaki	New Zealand	-39.4333	174.6333
4410	Summerhill		New Zealand	-40.3525	175.6145
4412	Awapuni	Manawatu-Wanganui	New Zealand	-40.3762	175.5838
4414	Kelvin Grove	Manawatu-Wanganui	New Zealand	-40.3287	175.6451
4440	Hokowhitu	Manawatu-Wanganui	New Zealand	-40.3626	175.6338
4441	Terrace End	Manawatu-Wanganui	New Zealand	-40.3483	175.6302
4442	Takaro	Manawatu-Wanganui	New Zealand	-40.3579	175.5897
4443	West End	Manawatu-Wanganui	New Zealand	-40.3659	175.5984
4444	Terrace End	Manawatu-Wanganui	New Zealand	-40.3483	175.6302
4445	Awapuni	Manawatu-Wanganui	New Zealand	-40.3762	175.5838
4446	Hokowhitu	Manawatu-Wanganui	New Zealand	-40.3626	175.6338
4448	Summerhill		New Zealand	-40.3603	175.6143
4470	Ashhurst	Manawatu-Wanganui	New Zealand	-40.2911	175.7547
4471	Aokautere	Manawatu-Wanganui	New Zealand	-40.3667	175.6667
4473	Carnarvon	Manawatu-Wanganui	New Zealand	-40.2833	175.3167
4474	Tokomaru	Manawatu-Wanganui	New Zealand	-40.473	175.5093
4475	Kairanga	Manawatu-Wanganui	New Zealand	-40.35	175.5333
4476	Rongotea	Manawatu-Wanganui	New Zealand	-40.2926	175.4251
4477	Mangawhata	Manawatu-Wanganui	New Zealand	-40.4	175.4333
4478	Milson	Manawatu-Wanganui	New Zealand	-40.3283	175.6102
4479	Sanson	Manawatu-Wanganui	New Zealand	-40.2201	175.4245
4481	Bunnythorpe	Manawatu-Wanganui	New Zealand	-40.2833	175.6333
4500	Aramoho	Manawatu-Wanganui	New Zealand	-39.9019	175.0647
4501	Gonville	Manawatu-Wanganui	New Zealand	-39.9388	175.0457
4510	Waverley	Taranaki	New Zealand	-39.7667	174.6333
4520	White Tank	Taranaki	New Zealand	-39.7583	174.4667
4540	Wanganui	Manawatu-Wanganui	New Zealand	-39.9333	175.05
4541	Wanganui	Manawatu-Wanganui	New Zealand	-39.9333	175.05
4542	Wanganui East	Manawatu-Wanganui	New Zealand	-39.9171	175.0616
4543	Gonville	Manawatu-Wanganui	New Zealand	-39.9388	175.0457
4544	Waverley	Taranaki	New Zealand	-39.7667	174.6333
4545	White Tank	Taranaki	New Zealand	-39.7583	174.4667
4547	Turakina South	Manawatu-Wanganui	New Zealand	-40.0515	175.2188
4548	Ratana	Manawatu-Wanganui	New Zealand	-40.0412	175.1771
4549	Waitotara	Taranaki	New Zealand	-39.8	174.7333
4571	Brunswick	Manawatu-Wanganui	New Zealand	-39.85	175.0167
4572	Wiritoa	Manawatu-Wanganui	New Zealand	-39.9667	175.1
4573	Kakatahi	Manawatu-Wanganui	New Zealand	-39.6833	175.3333
4574	Mowhanau	Manawatu-Wanganui	New Zealand	-39.8667	174.9
4575	Upokonui	Manawatu-Wanganui	New Zealand	-39.7833	175.2167
4576	Matahiwi	Manawatu-Wanganui	New Zealand	-39.6	175.15
4577	Kauangaroa	Manawatu-Wanganui	New Zealand	-39.9244	175.2829
4578	Ahuiti	Manawatu-Wanganui	New Zealand	-39.6333	175
4581	Turakina	Manawatu-Wanganui	New Zealand	-40.047	175.2147
4582	Okoia	Manawatu-Wanganui	New Zealand	-39.9333	175.1333
4584	Whakaihuwaka	Manawatu-Wanganui	New Zealand	-39.7667	175.15
4585	Kakatahi	Manawatu-Wanganui	New Zealand	-39.6833	175.3333
4586	Kakatahi	Manawatu-Wanganui	New Zealand	-39.6833	175.3333
4587	Nukumaru	Manawatu-Wanganui	New Zealand	-39.8333	174.8
4588	Tawhiwhi	Taranaki	New Zealand	-39.6333	174.8
4591	Nukuhau	Taranaki	New Zealand	-39.6	174.6667
4592	Mangawhio	Taranaki	New Zealand	-39.7167	174.7167
4597	Matukuroa	Taranaki	New Zealand	-39.6833	174.5333
4598	Hurleyville	Taranaki	New Zealand	-39.6333	174.5
4610	Hawera	Taranaki	New Zealand	-39.5917	174.2833
4612	Manaia	Taranaki	New Zealand	-39.55	174.1333
4614	Normanby	Taranaki	New Zealand	-39.5333	174.2833
4616	Opunake	Taranaki	New Zealand	-39.4556	173.8583
4625	Ohakune	Manawatu-Wanganui	New Zealand	-39.4082	175.4002
4632	Raetihi	Manawatu-Wanganui	New Zealand	-39.4288	175.2773
4640	Hawera	Taranaki	New Zealand	-39.5917	174.2833
4641	Manaia	Taranaki	New Zealand	-39.55	174.1333
4642	Kaponga	Taranaki	New Zealand	-39.4333	174.15
4645	Opunake	Taranaki	New Zealand	-39.4556	173.8583
4646	Raetihi	Manawatu-Wanganui	New Zealand	-39.4288	175.2773
4660	Ohakune	Manawatu-Wanganui	New Zealand	-39.4082	175.4002
4671	Okaiawa	Taranaki	New Zealand	-39.5333	174.2
4672	Meremere	Taranaki	New Zealand	-39.5833	174.3833
4673	Te Roti	Taranaki	New Zealand	-39.4833	174.2667
4674	Ararata	Taranaki	New Zealand	-39.5167	174.3667
4675	Matapu	Taranaki	New Zealand	-39.4833	174.2333
4678	Kaupokonui	Taranaki	New Zealand	-39.55	174.0667
4679	Riverlea	Taranaki	New Zealand	-39.4333	174.0833
4681	Oaonui	Taranaki	New Zealand	-39.4	173.8167
4682	Waiteika	Taranaki	New Zealand	-39.4833	173.9
4684	Upper Kahui	Taranaki	New Zealand	-39.3167	173.8833
4685	Parihaka Pa	Taranaki	New Zealand	-39.3	173.8333
4691	Rangataua	Manawatu-Wanganui	New Zealand	-39.4333	175.4667
4694	Raetihi	Manawatu-Wanganui	New Zealand	-39.4288	175.2773
4696	Te Ranga	Manawatu-Wanganui	New Zealand	-39.3	175.2
4702	FEILDING	Manawatu-Wanganui	New Zealand	-40.2183	175.5402
4710	Marton	Manawatu-Wanganui	New Zealand	-40.0692	175.3782
4720	Taihape	Manawatu-Wanganui	New Zealand	-39.6782	175.798
4730	Hunterville	Manawatu-Wanganui	New Zealand	-39.9366	175.5684
4740	FEILDING	Manawatu-Wanganui	New Zealand	-40.2183	175.5402
4741	Marton	Manawatu-Wanganui	New Zealand	-40.0692	175.3782
4742	Taihape	Manawatu-Wanganui	New Zealand	-39.6782	175.798
4744	Kimbolton	Manawatu-Wanganui	New Zealand	-40.0555	175.7794
4745	Hunterville	Manawatu-Wanganui	New Zealand	-39.9366	175.5684
4746	Mangaweka	Manawatu-Wanganui	New Zealand	-39.8094	175.7888
4771	Umutoi	Manawatu-Wanganui	New Zealand	-40	175.9667
4774	Apiti	Manawatu-Wanganui	New Zealand	-39.9667	175.8833
4775	Colyton	Manawatu-Wanganui	New Zealand	-40.2333	175.65
4777	Kiwitea	Manawatu-Wanganui	New Zealand	-40.1167	175.7333
4779	Waituna West	Manawatu-Wanganui	New Zealand	-40.05	175.6167
4780	Rewa	Manawatu-Wanganui	New Zealand	-39.9833	175.6333
4781	Silverhope	Manawatu-Wanganui	New Zealand	-39.9659	175.5283
4782	Pukeroa	Manawatu-Wanganui	New Zealand	-39.7841	175.4972
4783	Pakihikura	Manawatu-Wanganui	New Zealand	-39.9333	175.7167
4784	Silverhope	Manawatu-Wanganui	New Zealand	-39.9659	175.5283
4785	Poukiore	Manawatu-Wanganui	New Zealand	-39.8694	175.621
4786	Rewa	Manawatu-Wanganui	New Zealand	-39.9833	175.6333
4787	Cliff Road		New Zealand	-39.9582	175.5461
4788	Marton	Manawatu-Wanganui	New Zealand	-40.0692	175.3782
4789	Marton	Manawatu-Wanganui	New Zealand	-40.0692	175.3782
4791	Raketapauma	Manawatu-Wanganui	New Zealand	-39.5513	175.65
4792	Erehwon	Manawatu-Wanganui	New Zealand	-39.5165	175.9651
4793	Ohotu	Manawatu-Wanganui	New Zealand	-39.7119	175.8389
4794	Utiku	Manawatu-Wanganui	New Zealand	-39.7334	175.8438
4795	Waiouru Military Camp	Manawatu-Wanganui	New Zealand	-39.4706	175.6817
4796	Taihape	Manawatu-Wanganui	New Zealand	-39.6782	175.798
4797	Ruahine	Manawatu-Wanganui	New Zealand	-39.8333	175.9
4810	Ashhurst	Manawatu-Wanganui	New Zealand	-40.2911	175.7547
4814	Foxton	Manawatu-Wanganui	New Zealand	-40.4667	175.3
4815	Foxton Beach	Manawatu-Wanganui	New Zealand	-40.4667	175.2167
4816	Ohakea	Manawatu-Wanganui	New Zealand	-40.2	175.4
4817	Sanson	Manawatu-Wanganui	New Zealand	-40.2201	175.4245
4818	Bulls	Manawatu-Wanganui	New Zealand	-40.1749	175.3846
4820	Longburn	Manawatu-Wanganui	New Zealand	-40.384	175.5429
4821	Shannon	Manawatu-Wanganui	New Zealand	-40.5483	175.4202
4822	Tangimoana	Manawatu-Wanganui	New Zealand	-40.3	175.25
4825	Waiouru Military Camp		New Zealand	-40.4107	175.4044
4826	Waiouru Military Camp		New Zealand	-40.4107	175.4044
4847	Ashhurst	Manawatu-Wanganui	New Zealand	-40.2911	175.7547
4848	Foxton	Manawatu-Wanganui	New Zealand	-40.4667	175.3
4849	Foxton Beach	Manawatu-Wanganui	New Zealand	-40.4667	175.2167
4860	Shannon	Manawatu-Wanganui	New Zealand	-40.5483	175.4202
4861	Waiouru		New Zealand	-40.3394	175.4771
4862	Sanson	Manawatu-Wanganui	New Zealand	-40.2201	175.4245
4863	Bulls	Manawatu-Wanganui	New Zealand	-40.1749	175.3846
4864	Tokomaru	Manawatu-Wanganui	New Zealand	-40.473	175.5093
4865	Rongotea	Manawatu-Wanganui	New Zealand	-40.2926	175.4251
4866	Longburn	Manawatu-Wanganui	New Zealand	-40.384	175.5429
4867	Bunnythorpe	Manawatu-Wanganui	New Zealand	-40.2833	175.6333
4884	Pohangina	Manawatu-Wanganui	New Zealand	-40.1734	175.7943
4891	Himatangi	Manawatu-Wanganui	New Zealand	-40.4	175.3167
4893	Marotiri	Manawatu-Wanganui	New Zealand	-40.4833	175.35
4894	Bulls	Manawatu-Wanganui	New Zealand	-40.1749	175.3846
4900	Eketahuna	Manawatu-Wanganui	New Zealand	-40.6462	175.7037
4910	Pahiatua	Manawatu-Wanganui	New Zealand	-40.4534	175.8406
4920	Woodville	Manawatu-Wanganui	New Zealand	-40.3372	175.8668
4930	Dannevirke	Manawatu-Wanganui	New Zealand	-40.2055	176.1008
4940	Eketahuna	Manawatu-Wanganui	New Zealand	-40.6462	175.7037
4941	Pahiatua	Manawatu-Wanganui	New Zealand	-40.4534	175.8406
4942	Dannevirke	Manawatu-Wanganui	New Zealand	-40.2055	176.1008
4943	Norsewood	Manawatu-Wanganui	New Zealand	-40.0705	176.2183
4944	Pongaroa	Manawatu-Wanganui	New Zealand	-40.5421	176.1937
4945	Woodville	Manawatu-Wanganui	New Zealand	-40.3372	175.8668
4970	Ti-tree Point	Manawatu-Wanganui	New Zealand	-40.437	176.4054
4971	Waipatiki	Manawatu-Wanganui	New Zealand	-40.373	176.2833
4972	Kiritaki	Manawatu-Wanganui	New Zealand	-40.2392	175.9827
4973	Waipatiki	Manawatu-Wanganui	New Zealand	-40.373	176.2833
4974	Ngamoko	Manawatu-Wanganui	New Zealand	-40.0545	176.1632
4975	Tahoraiti	Manawatu-Wanganui	New Zealand	-40.2335	176.0597
4976	Raumati	Manawatu-Wanganui	New Zealand	-40.1908	176.1463
4977	Makotuku	Manawatu-Wanganui	New Zealand	-40.1206	176.2319
4978	Piripiri	Manawatu-Wanganui	New Zealand	-40.1736	176.1347
4979	Waione	Manawatu-Wanganui	New Zealand	-40.4695	176.2797
4981	Kaitawa	Manawatu-Wanganui	New Zealand	-40.4966	175.89
4982	Ngaturi	Manawatu-Wanganui	New Zealand	-40.4682	175.9227
4983	Ballance	Manawatu-Wanganui	New Zealand	-40.4022	175.8017
4984	Konini	Manawatu-Wanganui	New Zealand	-40.5046	175.7916
4985	Makuri	Manawatu-Wanganui	New Zealand	-40.5333	176.0167
4986	Haunui	Manawatu-Wanganui	New Zealand	-40.6085	176.0463
4987	Konini	Manawatu-Wanganui	New Zealand	-40.5046	175.7916
4988	Mangamaire	Manawatu-Wanganui	New Zealand	-40.5172	175.7526
4989	Makuri	Manawatu-Wanganui	New Zealand	-40.5333	176.0167
4990	Waimiro	Manawatu-Wanganui	New Zealand	-40.45	176.2333
4991	Aohanga		New Zealand	-40.4885	175.9457
4992	Waione	Manawatu-Wanganui	New Zealand	-40.4695	176.2797
4993	Tane	Manawatu-Wanganui	New Zealand	-40.5758	175.8478
4994	Eketahuna	Manawatu-Wanganui	New Zealand	-40.6462	175.7037
4995	Nireaha	Manawatu-Wanganui	New Zealand	-40.615	175.6529
4996	Tiraumea	Manawatu-Wanganui	New Zealand	-40.6333	176.0456
4997	Hopelands	Manawatu-Wanganui	New Zealand	-40.3522	175.9528
4998	Papatawa	Manawatu-Wanganui	New Zealand	-40.3174	175.9286
4999	Woodville	Manawatu-Wanganui	New Zealand	-40.3372	175.8668
5010	Avalon	Wellington	New Zealand	-41.1983	174.9202
5011	Taita	Wellington	New Zealand	-41.2	174.95
5012	Petone	Wellington	New Zealand	-41.2283	174.8702
5013	Muritai	Wellington	New Zealand	-41.3025	174.892
5014	Wainuiomata	Wellington	New Zealand	-41.2667	174.95
5016	Korokoro	Wellington	New Zealand	-41.2167	174.8667
5018	Maoribank	Wellington	New Zealand	-41.1083	175.0902
5019	Pinehaven	Wellington	New Zealand	-41.1583	175.0002
5022	Elsdon	Wellington	New Zealand	-41.1283	174.8202
5024	Waitangirua	Wellington	New Zealand	-41.1183	174.8802
5026	Karehana Bay	Wellington	New Zealand	-41.0719	174.8575
5028	Grenada North	Wellington	New Zealand	-41.1897	174.8412
5032	Paraparaumu Beach	Wellington	New Zealand	-40.9	174.9833
5034	Paekakariki	Wellington	New Zealand	-40.9854	174.9545
5036	Waikanae	Wellington	New Zealand	-40.8833	175.0667
5040	Alicetown	Wellington	New Zealand	-41.2083	174.8902
5041	Taita	Wellington	New Zealand	-41.2	174.95
5042	Lower Hutt	Wellington	New Zealand	-41.2167	174.9167
5043	Gracefield	Wellington	New Zealand	-41.2333	174.9167
5044	Naenae	Wellington	New Zealand	-41.1983	174.9402
5045	Petone	Wellington	New Zealand	-41.2283	174.8702
5046	Petone	Wellington	New Zealand	-41.2283	174.8702
5047	Eastbourne	Wellington	New Zealand	-41.3	174.9
5048	Wainuiomata	Wellington	New Zealand	-41.2667	174.95
5049	Homedale	Wellington	New Zealand	-41.2667	174.95
5050	Maungaraki	Wellington	New Zealand	-41.2083	174.8702
5140	Kingsley Heights	Wellington	New Zealand	-41.1183	175.0702
5141	Stokes Valley	Wellington	New Zealand	-41.1783	174.9802
5142	Silverstream	Wellington	New Zealand	-41.15	175
5143	Trentham	Wellington	New Zealand	-41.1333	175.0333
5240	Ranui Heights	Wellington	New Zealand	-41.1383	174.8402
5242	Onepoto	Wellington	New Zealand	-41.1083	174.8402
5243	Cannons Creek	Wellington	New Zealand	-41.1399	174.8665
5245	Whitby	Wellington	New Zealand	-41.1083	174.8902
5247	Paremata	Wellington	New Zealand	-41.1167	174.8667
5249	Linden	Wellington	New Zealand	-41.1483	174.8302
5250	Waikanae	Wellington	New Zealand	-40.8833	175.0667
5252	Paraparaumu Beach	Wellington	New Zealand	-40.9	174.9833
5254	Paraparaumu	Wellington	New Zealand	-40.9167	175.0167
5255	Raumati Beach	Wellington	New Zealand	-40.9167	174.9833
5258	Paekakariki	Wellington	New Zealand	-40.9854	174.9545
5371	Upper Hutt	Wellington	New Zealand	-41.1383	175.0502
5372	Kaitoke	Wellington	New Zealand	-41.0833	175.1667
5373	Homedale	Wellington	New Zealand	-41.2667	174.95
5381	Pukerua Bay	Wellington	New Zealand	-41.0333	174.9
5391	Reikorangi	Wellington	New Zealand	-40.9	175.0833
5510	Levin	Manawatu-Wanganui	New Zealand	-40.6333	175.275
5512	Otaki	Wellington	New Zealand	-40.7583	175.15
5540	Levin	Manawatu-Wanganui	New Zealand	-40.6333	175.275
5541	Manakau	Manawatu-Wanganui	New Zealand	-40.7167	175.2167
5542	Otaki	Wellington	New Zealand	-40.7583	175.15
5543	Otaki	Wellington	New Zealand	-40.7583	175.15
5544	Te Horo	Wellington	New Zealand	-40.8	175.1
5570	Ohau	Manawatu-Wanganui	New Zealand	-40.6667	175.25
5571	Levin	Manawatu-Wanganui	New Zealand	-40.6333	175.275
5572	Waitarere	Manawatu-Wanganui	New Zealand	-40.55	175.2
5573	Manakau	Manawatu-Wanganui	New Zealand	-40.7167	175.2167
5574	Waitarere	Manawatu-Wanganui	New Zealand	-40.55	175.2
5575	Koputaroa	Manawatu-Wanganui	New Zealand	-40.5778	175.3384
5581	Manakau	Manawatu-Wanganui	New Zealand	-40.7167	175.2167
5710	Featherston	Wellington	New Zealand	-41.1083	175.3202
5711	Martinborough	Wellington	New Zealand	-41.2083	175.4302
5712	Greytown	Wellington	New Zealand	-41.0783	175.4602
5713	Carterton	Wellington	New Zealand	-41.0183	175.5302
5740	Featherston	Wellington	New Zealand	-41.1083	175.3202
5741	Martinborough	Wellington	New Zealand	-41.2083	175.4302
5742	Greytown	Wellington	New Zealand	-41.0783	175.4602
5743	Carterton	Wellington	New Zealand	-41.0183	175.5302
5771	Kahutara	Wellington	New Zealand	-41.2333	175.3333
5772	Pirinoa	Wellington	New Zealand	-41.35	175.2
5773	Cross Creek	Wellington	New Zealand	-41.1667	175.2167
5781	Pahautea	Wellington	New Zealand	-41.2333	175.3833
5782	Waipawa	Wellington	New Zealand	-41.4122	175.5153
5783	Martinborough	Wellington	New Zealand	-41.2083	175.4302
5784	Hinakura	Wellington	New Zealand	-41.3	175.6333
5791	Carterton	Wellington	New Zealand	-41.0183	175.5302
5792	Parkvale	Wellington	New Zealand	-41.05	175.55
5794	Greytown	Wellington	New Zealand	-41.0783	175.4602
5810	Masterton	Wellington	New Zealand	-40.9597	175.6575
5840	Masterton	Wellington	New Zealand	-40.9597	175.6575
5842	Masterton	Wellington	New Zealand	-40.9597	175.6575
5871	Bideford	Wellington	New Zealand	-40.8667	175.8667
5872	Riversdale Beach	Wellington	New Zealand	-41.0883	176.0702
5881	Kopuaranga	Wellington	New Zealand	-40.8333	175.6667
5882	Mauriceville	Wellington	New Zealand	-40.7833	175.7
5883	Homewood	Wellington	New Zealand	-41.1836	175.9581
5884	Gladstone	Wellington	New Zealand	-41.0833	175.65
5885	Masterton	Wellington	New Zealand	-40.9597	175.6575
5886	Upper Tauheru	Wellington	New Zealand	-40.9069	175.8111
5887	Clareville	Wellington	New Zealand	-41.0167	175.55
5888	Solway	Wellington	New Zealand	-40.9583	175.6102
5889	Tinui	Wellington	New Zealand	-40.8833	176.0667
5890	Tauweru	Wellington	New Zealand	-40.9667	175.8
5894	Tinui	Wellington	New Zealand	-40.8833	176.0667
6011	Mount Victoria	Wellington	New Zealand	-41.297	174.7936
6012	Karori	Wellington	New Zealand	-41.2837	174.7414
6021	Wellington	Wellington	New Zealand	-41.2866	174.7756
6022	Miramar	Wellington	New Zealand	-41.316	174.8154
6023	Owhiro Bay	Wellington	New Zealand	-41.3383	174.7502
6035	Khandallah	Wellington	New Zealand	-41.2443	174.7885
6037	Ohariu	Wellington	New Zealand	-41.2	174.7667
6140	Mount Victoria	Wellington	New Zealand	-41.297	174.7936
6141	Mount Victoria	Wellington	New Zealand	-41.297	174.7936
6142	Mount Victoria	Wellington	New Zealand	-41.297	174.7936
6143	Kelburn	Wellington	New Zealand	-41.2833	174.7667
6144	Kaiwharawhara	Wellington	New Zealand	-41.2667	174.7833
6145	Kelburn	Wellington	New Zealand	-41.2833	174.7667
6146	Mount Victoria	Wellington	New Zealand	-41.297	174.7936
6147	Karori	Wellington	New Zealand	-41.2837	174.7414
6148	Mount Victoria	Wellington	New Zealand	-41.297	174.7936
6149	Wellington	Wellington	New Zealand	-41.2866	174.7756
6150	Kelburn	Wellington	New Zealand	-41.2833	174.7667
6160	Kelburn	Wellington	New Zealand	-41.2833	174.7667
6241	Rongotai	Wellington	New Zealand	-41.3212	174.8016
6242	Berhampore	Wellington	New Zealand	-41.3215	174.7754
6243	Miramar	Wellington	New Zealand	-41.316	174.8154
6244	Strathmore Park	Wellington	New Zealand	-41.3289	174.8199
6440	Newlands	Wellington	New Zealand	-41.2244	174.8219
6441	Ngaio	Wellington	New Zealand	-41.2504	174.7739
6442	Newlands	Wellington	New Zealand	-41.2244	174.8219
6443	Ngaio	Wellington	New Zealand	-41.2504	174.7739
6972	Karori West	Wellington	New Zealand	-41.2883	174.7102
7005	Mapua	Tasman	New Zealand	-41.25	173.1
7007	Murchison		New Zealand	-41.25	173.1
7010	Nelson East	Nelson	New Zealand	-41.2766	173.2998
7011	Stoke	Nelson	New Zealand	-41.3167	173.2333
7020	Richmond	Tasman	New Zealand	-41.3333	173.1833
7022	Brightwater	Tasman	New Zealand	-41.3833	173.1167
7025	Wakefield	Tasman	New Zealand	-41.4	173.05
7040	Nelson East	Nelson	New Zealand	-41.2766	173.2998
7041	Stoke	Nelson	New Zealand	-41.3167	173.2333
7042	Nelson South	Nelson	New Zealand	-41.285	173.2749
7043	Port Nelson	Nelson	New Zealand	-41.264	173.2763
7044	Wakatu	Nelson	New Zealand	-41.2967	173.244
7045	Nelson	Nelson	New Zealand	-41.2708	173.284
7046	Nelson South	Nelson	New Zealand	-41.285	173.2749
7047	Nelson East	Nelson	New Zealand	-41.2766	173.2998
7048	Mapua	Tasman	New Zealand	-41.25	173.1
7049	Murchison		New Zealand	-41.2801	173.2541
7050	Richmond	Tasman	New Zealand	-41.3333	173.1833
7051	Brightwater	Tasman	New Zealand	-41.3833	173.1167
7052	Wakefield	Tasman	New Zealand	-41.4	173.05
7053	Saint Arnaud	Tasman	New Zealand	-41.8	172.8333
7054	Collingwood	Tasman	New Zealand	-40.6772	172.6807
7055	Tapawera	Tasman	New Zealand	-41.4	172.8167
7071	Hira	Nelson	New Zealand	-41.2153	173.3961
7072	Lake Rotoroa	Tasman	New Zealand	-41.8	172.6
7073	Baton	Tasman	New Zealand	-41.3167	172.7167
7077	Matakitaki	Tasman	New Zealand	-41.9667	172.3333
7081	Richmond	Tasman	New Zealand	-41.3333	173.1833
7091	Brightwater	Tasman	New Zealand	-41.3833	173.1167
7095	Hiwipango	Tasman	New Zealand	-41.5167	172.9333
7096	Motupiko	Tasman	New Zealand	-41.45	172.8
7100	Havelock	Marlborough	New Zealand	-41.2833	173.7667
7110	Takaka	Tasman	New Zealand	-40.85	172.8
7120	Port Motueka		New Zealand	-41.1053	173.2456
7142	Takaka	Tasman	New Zealand	-40.85	172.8
7143	Port Motueka		New Zealand	-41.1083	173.0958
7144	Upper Moutere	Tasman	New Zealand	-41.2667	173
7145	Rai Valley	Marlborough	New Zealand	-41.2333	173.5833
7146	Riwaka	Tasman	New Zealand	-41.0833	173
7150	Havelock	Marlborough	New Zealand	-41.2833	173.7667
7173	Mahana	Tasman	New Zealand	-41.2667	173.05
7175	Braeburn	Tasman	New Zealand	-41.1833	173
7178	Havelock	Marlborough	New Zealand	-41.2833	173.7667
7182	Onekaka	Tasman	New Zealand	-40.75	172.7
7183	East Takaka	Tasman	New Zealand	-40.9167	172.8333
7192	Tinline	Marlborough	New Zealand	-41.2667	173.5
7193	Kapowai	Marlborough	New Zealand	-40.9	173.8333
7194	Rai Valley	Marlborough	New Zealand	-41.2333	173.5833
7195	Tira-ora	Marlborough	New Zealand	-41.0833	173.8667
7196	Ngatimoti	Tasman	New Zealand	-41.2167	172.9
7197	Sandy Bay	Tasman	New Zealand	-41.0167	172.9833
7198	Kairuru	Tasman	New Zealand	-41.0333	172.9333
7201	Witherlea	Marlborough	New Zealand	-41.5283	173.9502
7202	Grovetown	Marlborough	New Zealand	-41.4833	173.9667
7204	Renwick	Marlborough	New Zealand	-41.5	173.8333
7206	Renwick	Marlborough	New Zealand	-41.5	173.8333
7210	Seddon	Marlborough	New Zealand	-41.6667	174.0833
7220	Picton	Marlborough	New Zealand	-41.2907	174.008
7240	Witherlea	Marlborough	New Zealand	-41.5283	173.9502
7241	Blenheim	Marlborough	New Zealand	-41.516	173.9528
7242	Witherlea	Marlborough	New Zealand	-41.5283	173.9502
7243	Renwick	Marlborough	New Zealand	-41.5	173.8333
7244	Spring Creek	Marlborough	New Zealand	-41.4667	173.9667
7246	Tuamarina	Marlborough	New Zealand	-41.4333	173.95
7247	Seddon	Marlborough	New Zealand	-41.6667	174.0833
7248	Ward	Marlborough	New Zealand	-41.8333	174.1333
7250	Picton	Marlborough	New Zealand	-41.2907	174.008
7251	Waikawa	Marlborough	New Zealand	-41.2667	174.05
7260	Kekerengu	Canterbury	New Zealand	-42.0012	174.0077
7271	Hillersden	Marlborough	New Zealand	-41.6	173.4333
7272	Renwick	Marlborough	New Zealand	-41.5	173.8333
7273	Tuamarina	Marlborough	New Zealand	-41.4333	173.95
7274	Upcot	Marlborough	New Zealand	-41.9	173.5833
7275	Te Rou	Marlborough	New Zealand	-41.5667	173.4667
7276	Avondale	Marlborough	New Zealand	-41.6833	173.6333
7281	Waikawa	Marlborough	New Zealand	-41.2667	174.05
7282	Manaroa	Marlborough	New Zealand	-41.1167	174.0333
7284	Whakatahuri	Marlborough	New Zealand	-41.0167	174.0333
7285	Taimate	Marlborough	New Zealand	-41.7833	174.15
7300	Waioruarangi		New Zealand	-42.6475	173.0876
7310	Cheviot	Canterbury	New Zealand	-42.8167	173.2667
7332	Waiau	Canterbury	New Zealand	-42.65	173.05
7334	Hanmer Springs	Canterbury	New Zealand	-42.5167	172.8167
7340	Kaikoura Suburban	Canterbury	New Zealand	-42.3833	173.65
7341	Cheviot	Canterbury	New Zealand	-42.8167	173.2667
7343	Waiau	Canterbury	New Zealand	-42.65	173.05
7345	Culverden	Canterbury	New Zealand	-42.7667	172.85
7348	Hawarden	Canterbury	New Zealand	-42.9333	172.6333
7360	Hanmer Springs	Canterbury	New Zealand	-42.5167	172.8167
7371	Langridge	Marlborough	New Zealand	-41.9833	173.4167
7373	Charwell Forks	Canterbury	New Zealand	-42.4167	173.3667
7374	Goose Bay	Canterbury	New Zealand	-42.479	173.5278
7379	Waiau	Canterbury	New Zealand	-42.65	173.05
7381	Spotswood	Canterbury	New Zealand	-42.75	173.2667
7382	Ethelton	Canterbury	New Zealand	-42.8833	173.0833
7383	Domett	Canterbury	New Zealand	-42.85	173.2167
7384	Hawkeswood	Canterbury	New Zealand	-42.65	173.3333
7385	Masons Flat	Canterbury	New Zealand	-42.9	172.55
7387	Tormore	Canterbury	New Zealand	-42.9	173.1333
7391	Rotherham	Canterbury	New Zealand	-42.7	172.95
7392	Hanmer Springs	Canterbury	New Zealand	-42.5167	172.8167
7395	Hanmer Springs	Canterbury	New Zealand	-42.5167	172.8167
7400	Bells	Canterbury	New Zealand	-43.3	172.5833
7402	Waikuku Beach	Canterbury	New Zealand	-43.2833	172.7167
7410	Amberley	Canterbury	New Zealand	-43.1559	172.7297
7420	Waikari	Canterbury	New Zealand	-42.9667	172.6833
7430	Oxford	Canterbury	New Zealand	-43.3	172.1833
7440	Bells	Canterbury	New Zealand	-43.3	172.5833
7441	Amberley	Canterbury	New Zealand	-43.1559	172.7297
7442	Waikari	Canterbury	New Zealand	-42.9667	172.6833
7443	Oxford	Canterbury	New Zealand	-43.3	172.1833
7444	Cust	Canterbury	New Zealand	-43.3167	172.3667
7445	Sefton	Canterbury	New Zealand	-43.25	172.6667
7446	Leithfield	Canterbury	New Zealand	-43.2	172.7333
7447	Waipara	Canterbury	New Zealand	-43.0667	172.75
7448	Waikuku Beach	Canterbury	New Zealand	-43.2833	172.7167
7471	West Eyreton	Canterbury	New Zealand	-43.35	172.3833
7472	North Loburn	Canterbury	New Zealand	-43.2167	172.5
7473	Waikuku	Canterbury	New Zealand	-43.3	172.6833
7474	North Loburn	Canterbury	New Zealand	-43.2167	172.5
7481	Amberley	Canterbury	New Zealand	-43.1559	172.7297
7482	Waipara	Canterbury	New Zealand	-43.0667	172.75
7483	Omihi	Canterbury	New Zealand	-43.0167	172.85
7491	Waikari	Canterbury	New Zealand	-42.9667	172.6833
7495	Oxford	Canterbury	New Zealand	-43.3	172.1833
7500	Sheffield	Canterbury	New Zealand	-43.3833	172.0167
7510	Darfield	Canterbury	New Zealand	-43.4833	172.1167
7520	Akaroa	Canterbury	New Zealand	-43.8038	172.9682
7540	Sheffield	Canterbury	New Zealand	-43.3833	172.0167
7541	Darfield	Canterbury	New Zealand	-43.4833	172.1167
7542	Akaroa	Canterbury	New Zealand	-43.8038	172.9682
7543	Kirwee	Canterbury	New Zealand	-43.5	172.2167
7544	Hororata	Canterbury	New Zealand	-43.5333	171.95
7545	Duvauchelle	Canterbury	New Zealand	-43.75	172.9333
7546	Little River	Canterbury	New Zealand	-43.7667	172.7833
7548	Doyleston	Canterbury	New Zealand	-43.75	172.3
7571	Hawkins	Canterbury	New Zealand	-43.4833	172.0333
7572	Lake Coleridge	Canterbury	New Zealand	-43.3667	171.5333
7580	Craigieburn	Canterbury	New Zealand	-43.1	171.8667
7581	Akaroa	Canterbury	New Zealand	-43.8038	172.9682
7582	Wainui	Canterbury	New Zealand	-43.8167	172.9
7583	Robinsons Bay	Canterbury	New Zealand	-43.7667	172.9667
7591	Ataahua	Canterbury	New Zealand	-43.7833	172.65
7600	Burnham	Canterbury	New Zealand	-43.6167	172.3167
7602	Southbridge	Canterbury	New Zealand	-43.8167	172.25
7604	Prebbleton	Canterbury	New Zealand	-43.5833	172.5167
7608	Lincoln	Canterbury	New Zealand	-43.65	172.4833
7610	Woodend	Canterbury	New Zealand	-43.3167	172.6667
7614	Rolleston	Canterbury	New Zealand	-43.5833	172.3833
7616	Springston	Canterbury	New Zealand	-43.65	172.4167
7630	Kaiapoi	Canterbury	New Zealand	-43.3783	172.6401
7632	Leeston	Canterbury	New Zealand	-43.7667	172.3
7640	Lincoln	Canterbury	New Zealand	-43.65	172.4833
7641	Woodend	Canterbury	New Zealand	-43.3167	172.6667
7642	Southbridge	Canterbury	New Zealand	-43.8167	172.25
7643	Rolleston	Canterbury	New Zealand	-43.5833	172.3833
7644	Kaiapoi	Canterbury	New Zealand	-43.3783	172.6401
7645	Tai Tapu	Canterbury	New Zealand	-43.6667	172.55
7646	Coalgate	Canterbury	New Zealand	-43.4833	171.9667
7647	Lincoln	Canterbury	New Zealand	-43.65	172.4833
7649	Springfield	Canterbury	New Zealand	-43.3333	171.9167
7656	Leeston	Canterbury	New Zealand	-43.7667	172.3
7657	Dunsandel	Canterbury	New Zealand	-43.6667	172.1833
7670	Coutts Island	Canterbury	New Zealand	-43.4333	172.6167
7671	Aylesbury	Canterbury	New Zealand	-43.5333	172.2667
7672	Motukarara	Canterbury	New Zealand	-43.7333	172.5833
7673	Whitecliffs	Canterbury	New Zealand	-43.4667	171.9
7674	Springston South	Canterbury	New Zealand	-43.6833	172.4333
7675	Rolleston	Canterbury	New Zealand	-43.5833	172.3833
7676	Templeton	Canterbury	New Zealand	-43.55	172.4667
7681	Springfield	Canterbury	New Zealand	-43.3333	171.9167
7682	Dunsandel	Canterbury	New Zealand	-43.6667	172.1833
7683	Southbridge	Canterbury	New Zealand	-43.8167	172.25
7691	Flaxton	Canterbury	New Zealand	-43.35	172.6333
7692	Wetheral	Canterbury	New Zealand	-43.3667	172.5833
7700	Allenton	Canterbury	New Zealand	-43.8883	171.7401
7710	Rakaia	Canterbury	New Zealand	-43.75	172.0167
7730	Methven	Canterbury	New Zealand	-43.6333	171.65
7740	Hampstead	Canterbury	New Zealand	-43.9083	171.7501
7741	Tinwald	Canterbury	New Zealand	-43.9167	171.7167
7742	Allenton	Canterbury	New Zealand	-43.8883	171.7401
7743	Rakaia	Canterbury	New Zealand	-43.75	172.0167
7745	Methven	Canterbury	New Zealand	-43.6333	171.65
7746	Mount Somers	Canterbury	New Zealand	-43.7167	171.4
7747	Hinds	Canterbury	New Zealand	-44	171.5667
7748	Mayfield	Canterbury	New Zealand	-43.8167	171.4167
7771	Staveley	Canterbury	New Zealand	-43.65	171.4333
7772	Mitcham	Canterbury	New Zealand	-43.75	171.85
7773	Hinds	Canterbury	New Zealand	-44	171.5667
7774	Flemington	Canterbury	New Zealand	-44.0167	171.7333
7775	Lismore	Canterbury	New Zealand	-43.9	171.4833
7776	Lyndhurst	Canterbury	New Zealand	-43.7	171.7167
7777	Seafield	Canterbury	New Zealand	-43.9167	171.9
7778	Mayfield	Canterbury	New Zealand	-43.8167	171.4167
7781	Dorie	Canterbury	New Zealand	-43.8833	172.15
7782	Highbank	Canterbury	New Zealand	-43.6167	171.75
7783	Te Pirita	Canterbury	New Zealand	-43.6667	171.95
7784	Somerton	Canterbury	New Zealand	-43.75	171.9167
7791	Lake Coleridge	Canterbury	New Zealand	-43.3667	171.5333
7802	Runanga	West Coast	New Zealand	-42.3983	171.2501
7803	Rewanui	West Coast	New Zealand	-42.3833	171.3167
7804	Roa	West Coast	New Zealand	-42.35	171.3833
7805	Marsden	West Coast	New Zealand	-42.5667	171.2167
7810	Hokitika	West Coast	New Zealand	-42.7167	170.9667
7811	Kaniere	West Coast	New Zealand	-42.75	171
7812	Ross	West Coast	New Zealand	-42.8883	170.8101
7822	Hector	West Coast	New Zealand	-41.6	171.8833
7823	Granity	West Coast	New Zealand	-41.6333	171.85
7825	Carters Beach	West Coast	New Zealand	-41.75	171.5667
7830	Reefton	West Coast	New Zealand	-42.1167	171.8667
7832	Kumara	West Coast	New Zealand	-42.6283	171.1801
7840	Cobden	West Coast	New Zealand	-42.4436	171.2129
7841	Runanga	West Coast	New Zealand	-42.3983	171.2501
7842	Hokitika	West Coast	New Zealand	-42.7167	170.9667
7843	Ahaura	West Coast	New Zealand	-42.3492	171.5393
7844	Haast		New Zealand	-42.3489	171.5086
7845	Moana	West Coast	New Zealand	-42.5833	171.4667
7846	Ikamatua	West Coast	New Zealand	-42.2667	171.6833
7847	Springs Junction	West Coast	New Zealand	-42.3167	172.1833
7848	Waimangaroa	West Coast	New Zealand	-41.7167	171.7667
7851	Reefton	West Coast	New Zealand	-42.1167	171.8667
7856	Franz Josef/Waiau	West Coast	New Zealand	-43.3891	170.1819
7857	Whataroa	West Coast	New Zealand	-43.2833	170.4167
7859	Weheka	West Coast	New Zealand	-43.4648	170.0168
7860	Ross	West Coast	New Zealand	-42.8883	170.8101
7861	Kumara	West Coast	New Zealand	-42.6283	171.1801
7862	Maruia		New Zealand	-42.1545	171.3757
7863	Harihari		New Zealand	-42.1545	171.3757
7864	Market Cross		New Zealand	-42.1545	171.3757
7865	Charleston	West Coast	New Zealand	-41.9059	171.4383
7866	Carters Beach	West Coast	New Zealand	-41.75	171.5667
7867	Hector	West Coast	New Zealand	-41.6	171.8833
7871	Ikamatua	West Coast	New Zealand	-42.2667	171.6833
7872	Bell Hill	West Coast	New Zealand	-42.55	171.6
7873	Barrytown	West Coast	New Zealand	-42.25	171.3333
7875	Aickens	West Coast	New Zealand	-42.7833	171.6167
7881	Kowhitirangi	West Coast	New Zealand	-42.8667	171.0167
7882	Goldsborough	West Coast	New Zealand	-42.6667	171.1167
7883	Kowhitirangi	West Coast	New Zealand	-42.8667	171.0167
7884	Harihari	West Coast	New Zealand	-43.15	170.55
7885	Fergusons	West Coast	New Zealand	-42.9667	170.7333
7886	Mahitahi		New Zealand	-42.9033	170.8867
7891	Mokihinui Mine	West Coast	New Zealand	-41.5833	172.0167
7892	Te Kuha	West Coast	New Zealand	-41.8333	171.65
7893	Oparara	West Coast	New Zealand	-41.2167	172.1167
7895	Crushington	West Coast	New Zealand	-42.15	171.9
7901	Twizel	Canterbury	New Zealand	-44.2584	170.1006
7903	Pleasant Point	Canterbury	New Zealand	-44.2667	171.1333
7910	Seaview	Canterbury	New Zealand	-44.3966	171.2415
7912	Pareora	Canterbury	New Zealand	-44.5	171.2
7920	Temuka	Canterbury	New Zealand	-44.2283	171.2801
7924	Waimate	Canterbury	New Zealand	-44.7284	171.0501
7925	Fairlie	Canterbury	New Zealand	-44.1	170.8333
7930	Geraldine	Canterbury	New Zealand	-44.0906	171.2446
7940	Timaru	Canterbury	New Zealand	-44.3967	171.2536
7941	Puhuka	Canterbury	New Zealand	-44.3583	171.2301
7942	Parkside	Canterbury	New Zealand	-44.4029	171.2546
7943	Kensington	Canterbury	New Zealand	-44.412	171.247
7944	Twizel	Canterbury	New Zealand	-44.2584	170.1006
7945	Lake Tekapo	Canterbury	New Zealand	-44.0064	170.4803
7946	Glentanner	Canterbury	New Zealand	-43.9073	170.1234
7947	Pleasant Point	Canterbury	New Zealand	-44.2667	171.1333
7948	Temuka	Canterbury	New Zealand	-44.2283	171.2801
7949	Fairlie	Canterbury	New Zealand	-44.1	170.8333
7956	Geraldine	Canterbury	New Zealand	-44.0906	171.2446
7957	Cave	Canterbury	New Zealand	-44.3167	170.95
7958	Winchester	Canterbury	New Zealand	-44.2	171.2833
7960	Waimate	Canterbury	New Zealand	-44.7284	171.0501
7971	Esk Valley	Canterbury	New Zealand	-44.5333	171.0833
7972	Southburn	Canterbury	New Zealand	-44.45	171.1
7973	Seadown	Canterbury	New Zealand	-44.3	171.2667
7974	Claremont	Canterbury	New Zealand	-44.4	171.0833
7977	Waihaorunga	Canterbury	New Zealand	-44.75	170.8167
7978	Waimate	Canterbury	New Zealand	-44.7284	171.0501
7979	Waihao Forks	Canterbury	New Zealand	-44.8	170.9333
7980	Morven	Canterbury	New Zealand	-44.8333	171.1167
7982	Hazelburn	Canterbury	New Zealand	-44.2	170.9833
7983	Sutherlands	Canterbury	New Zealand	-44.2833	171.05
7984	Mawaro	Canterbury	New Zealand	-44.3	170.8833
7985	Waitohi Flat	Canterbury	New Zealand	-44.2167	171.1833
7986	Orton	Canterbury	New Zealand	-44.1667	171.4333
7987	Waikarua	Canterbury	New Zealand	-44.0333	170.8833
7988	Esk Valley	Canterbury	New Zealand	-44.5333	171.0833
7990	Sherwood Downs	Canterbury	New Zealand	-43.9667	170.8667
7991	Te Moana	Canterbury	New Zealand	-44.0667	171.1333
7992	Arundel	Canterbury	New Zealand	-43.9833	171.2833
7999	Glentanner	Canterbury	New Zealand	-43.9073	170.1234
8011	Christchurch	Canterbury	New Zealand	-43.5333	172.6333
8013	Christchurch	Canterbury	New Zealand	-43.5333	172.6333
8014	Saint Albans	Canterbury	New Zealand	-43.5167	172.6167
8022	Cashmere Hills	Canterbury	New Zealand	-43.5833	172.6333
8023	Hillsborough	Canterbury	New Zealand	-43.5626	172.6737
8024	Spreydon	Canterbury	New Zealand	-43.5567	172.6169
8025	Halswell	Canterbury	New Zealand	-43.5833	172.5667
8041	Fendalton	Canterbury	New Zealand	-43.5167	172.6
8042	Hei Hei	Canterbury	New Zealand	-43.5283	172.5201
8051	Harewood	Canterbury	New Zealand	-43.4833	172.5833
8052	Papanui	Canterbury	New Zealand	-43.5	172.6167
8053	Burnside	Canterbury	New Zealand	-43.4983	172.5601
8061	Aranui	Canterbury	New Zealand	-43.5167	172.7
8062	Bromley	Canterbury	New Zealand	-43.5283	172.6801
8081	Sumner	Canterbury	New Zealand	-43.5683	172.7601
8082	Lyttelton	Canterbury	New Zealand	-43.6031	172.7176
8083	Ouruhia	Canterbury	New Zealand	-43.45	172.65
8140	Christchurch	Canterbury	New Zealand	-43.5333	172.6333
8141	Christchurch	Canterbury	New Zealand	-43.5333	172.6333
8142	Christchurch	Canterbury	New Zealand	-43.5333	172.6333
8143	Saint Albans	Canterbury	New Zealand	-43.5167	172.6167
8144	Christchurch	Canterbury	New Zealand	-43.5333	172.6333
8145	Opawa	Canterbury	New Zealand	-43.555	172.6614
8146	Saint Albans	Canterbury	New Zealand	-43.5167	172.6167
8147	Linwood	Canterbury	New Zealand	-43.5333	172.65
8148	Avonside	Canterbury	New Zealand	-43.5183	172.6601
8149	Spreydon	Canterbury	New Zealand	-43.5567	172.6169
8240	Sydenham	Canterbury	New Zealand	-43.547	172.6359
8241	Woolston	Canterbury	New Zealand	-43.5473	172.6774
8242	Beckenham	Canterbury	New Zealand	-43.565	172.6411
8243	Spreydon	Canterbury	New Zealand	-43.5567	172.6169
8244	Somerfield	Canterbury	New Zealand	-43.5593	172.6313
8245	Halswell	Canterbury	New Zealand	-43.5833	172.5667
8246	Hillsborough	Canterbury	New Zealand	-43.5626	172.6737
8247	Mount Pleasant	Canterbury	New Zealand	-43.5628	172.7152
8440	Riccarton	Canterbury	New Zealand	-43.5283	172.5901
8441	Hornby	Canterbury	New Zealand	-43.55	172.5333
8442	Upper Riccarton	Canterbury	New Zealand	-43.5283	172.5701
8443	Wigram	Canterbury	New Zealand	-43.55	172.55
8444	Ilam	Canterbury	New Zealand	-43.5183	172.5701
8445	Templeton	Canterbury	New Zealand	-43.55	172.4667
8540	Fendalton	Canterbury	New Zealand	-43.5167	172.6
8542	Papanui	Canterbury	New Zealand	-43.5	172.6167
8543	Harewood	Canterbury	New Zealand	-43.4833	172.5833
8544	Harewood	Canterbury	New Zealand	-43.4833	172.5833
8545	Burnside	Canterbury	New Zealand	-43.4983	172.5601
8546	Belfast	Canterbury	New Zealand	-43.45	172.6333
8640	Dallington	Canterbury	New Zealand	-43.5083	172.6701
8641	New Brighton	Canterbury	New Zealand	-43.5167	172.7333
8642	Bromley	Canterbury	New Zealand	-43.5283	172.6801
8643	Aranui	Canterbury	New Zealand	-43.5167	172.7
8840	Sumner	Canterbury	New Zealand	-43.5683	172.7601
8841	Lyttelton	Canterbury	New Zealand	-43.6031	172.7176
8842	North New Brighton	Canterbury	New Zealand	-43.4918	172.7202
8941	Diamond Harbour	Canterbury	New Zealand	-43.6289	172.7254
8942	Diamond Harbour	Canterbury	New Zealand	-43.6289	172.7254
8971	Allandale	Canterbury	New Zealand	-43.65	172.65
8972	Pigeon Bay	Canterbury	New Zealand	-43.688	172.8929
9010	Liberton	Otago	New Zealand	-45.8384	170.5101
9011	Mornington	Otago	New Zealand	-45.8833	170.4667
9012	Saint Kilda	Otago	New Zealand	-45.8984	170.4901
9013	Ocean Grove	Otago	New Zealand	-45.9	170.55
9014	Broad Bay	Otago	New Zealand	-45.85	170.6167
9016	Waverley	Otago	New Zealand	-45.8784	170.5201
9018	Sunnyvale	Otago	New Zealand	-45.8984	170.4101
9019	Outram	Otago	New Zealand	-45.8667	170.2333
9022	Maia	Otago	New Zealand	-45.8584	170.5501
9023	Sawyers Bay	Otago	New Zealand	-45.8333	170.6
9024	Mosgiel	Otago	New Zealand	-45.875	170.3472
9035	Brighton	Otago	New Zealand	-45.95	170.3333
9040	Maryhill	Otago	New Zealand	-45.8784	170.4801
9041	Opoho	Otago	New Zealand	-45.8484	170.5201
9042	Kaikorai	Otago	New Zealand	-45.8584	170.4701
9043	North Dunedin	Otago	New Zealand	-45.8584	170.5101
9044	Saint Kilda	Otago	New Zealand	-45.9	170.5194
9045	Caversham	Otago	New Zealand	-45.9	170.4833
9046	Tainui	Otago	New Zealand	-45.8984	170.5101
9047	Saint Clair	Otago	New Zealand	-45.9167	170.4833
9048	Portobello	Otago	New Zealand	-45.85	170.65
9049	Saint Kilda	Otago	New Zealand	-45.9	170.5194
9050	Port Chalmers	Otago	New Zealand	-45.8159	170.621
9052	Green Island	Otago	New Zealand	-45.8884	170.4301
9053	Mosgiel	Otago	New Zealand	-45.875	170.3472
9054	Dunedin	Otago	New Zealand	-45.8742	170.5036
9058	Dunedin	Otago	New Zealand	-45.8742	170.5036
9059	Dunedin	Otago	New Zealand	-45.8742	170.5036
9062	Outram	Otago	New Zealand	-45.8667	170.2333
9067	Middlemarch	Otago	New Zealand	-45.5167	170.1167
9069	Waitati	Otago	New Zealand	-45.75	170.5667
9073	Berwick	Otago	New Zealand	-45.95	170.1
9074	Clarks	Otago	New Zealand	-45.7333	170.05
9076	Wingatui	Otago	New Zealand	-45.8833	170.3833
9077	Portobello	Otago	New Zealand	-45.85	170.65
9081	Mihiwaka	Otago	New Zealand	-45.8	170.6333
9082	Aramoana	Otago	New Zealand	-45.7833	170.7
9085	Mount Cargill	Otago	New Zealand	-45.8	170.5667
9091	Kuri Bush	Otago	New Zealand	-46.0247	170.2297
9092	Mosgiel	Otago	New Zealand	-45.875	170.3472
9210	Kaitangata	Otago	New Zealand	-46.275	169.85
9220	Milton	Otago	New Zealand	-46.1208	169.9694
9230	Balclutha	Otago	New Zealand	-46.2339	169.75
9231	Stirling	Otago	New Zealand	-46.25	169.7833
9240	Balclutha	Otago	New Zealand	-46.2339	169.75
9241	Milton	Otago	New Zealand	-46.1208	169.9694
9242	Clydevale	Otago	New Zealand	-46.1	169.5333
9271	Glenomaru	Otago	New Zealand	-46.3833	169.6833
9272	Hillend	Otago	New Zealand	-46.1333	169.75
9273	Warepa	Otago	New Zealand	-46.25	169.5833
9274	Greenfield	Otago	New Zealand	-46.1	169.5833
9281	Kaitangata	Otago	New Zealand	-46.275	169.85
9282	Wangaloa	Otago	New Zealand	-46.2833	169.9167
9291	Milburn	Otago	New Zealand	-46.0833	170
9292	Tokoiti	Otago	New Zealand	-46.1333	170
9300	Frankton	Otago	New Zealand	-45.0212	168.7336
9302	Arrowtown	Otago	New Zealand	-44.9384	168.8101
9304	Lower Shotover	Otago	New Zealand	-44.9833	168.7667
9305	Wanaka	Otago	New Zealand	-44.7	169.15
9310	Cromwell	Otago	New Zealand	-45.0384	169.2001
9320	Bridge Hill	Otago	New Zealand	-45.2584	169.3801
9330	Clyde	Otago	New Zealand	-45.1865	169.3154
9332	Ranfurly	Otago	New Zealand	-45.1333	170.1
9340	Bridge Hill	Otago	New Zealand	-45.2584	169.3801
9341	Clyde	Otago	New Zealand	-45.1865	169.3154
9342	Cromwell	Otago	New Zealand	-45.0384	169.2001
9343	Wanaka	Otago	New Zealand	-44.7	169.15
9344	Albert Town	Otago	New Zealand	-44.6833	169.2
9345	Lake Hawea	Otago	New Zealand	-44.6084	169.2601
9346	Makarora	Otago	New Zealand	-44.2333	169.2333
9347	Tarras	Otago	New Zealand	-44.8333	169.4167
9348	Queenstown	Otago	New Zealand	-45.0302	168.6627
9349	Frankton	Otago	New Zealand	-45.0212	168.7336
9350	Glenorchy	Otago	New Zealand	-44.8504	168.3866
9351	Arrowtown	Otago	New Zealand	-44.9384	168.8101
9352	Omakau	Otago	New Zealand	-45.0833	169.6
9353	Ranfurly	Otago	New Zealand	-45.1333	170.1
9354	Naseby	Otago	New Zealand	-45.0184	170.1301
9355	Wedderburn	Otago	New Zealand	-45.0333	170.0167
9356	Mataura		New Zealand	-45.0095	169.5072
9371	Upper Shotover	Otago	New Zealand	-44.8333	168.7167
9372	Glenorchy	Otago	New Zealand	-44.8504	168.3866
9376	Matakanui	Otago	New Zealand	-45.0167	169.5667
9377	Becks	Otago	New Zealand	-45	169.7333
9381	Glendhu	Otago	New Zealand	-44.6667	169.0167
9382	Makarora Wharf	Otago	New Zealand	-44.3167	169.1833
9383	Lindis Crossing	Otago	New Zealand	-44.8833	169.3833
9384	Gibbston	Otago	New Zealand	-45.0333	168.9667
9386	Saint Bathans	Otago	New Zealand	-44.8667	169.8167
9387	Moa Creek	Otago	New Zealand	-45.2	169.65
9391	Clyde	Otago	New Zealand	-45.1865	169.3154
9392	Fruitlands	Otago	New Zealand	-45.35	169.3
9393	Chatto Creek	Otago	New Zealand	-45.1333	169.5167
9395	Gimmerburn	Otago	New Zealand	-45.1667	170
9396	Naseby	Otago	New Zealand	-45.0184	170.1301
9397	Kokonga	Otago	New Zealand	-45.2167	170.25
9398	Paerau	Otago	New Zealand	-45.4167	169.95
9400	Oamaru	Otago	New Zealand	-45.0976	170.9709
9401	Waiareka Junction	Otago	New Zealand	-45.1	170.9333
9410	Hampden	Otago	New Zealand	-45.3184	170.8101
9412	Berwen		New Zealand	-45.3184	170.8101
9430	Palmerston		New Zealand	-45.1143	170.6719
9435	Wharekuri		New Zealand	-45.1143	170.6719
9441	Roxburgh		New Zealand	-44.9399	170.5447
9442	Hampden	Otago	New Zealand	-45.3184	170.8101
9443	Palmerston	Otago	New Zealand	-45.4784	170.7201
9444	Oamaru	Otago	New Zealand	-45.0976	170.9709
9445	Duntroon	Canterbury	New Zealand	-44.8554	170.6848
9446	Kurow	Canterbury	New Zealand	-44.7334	170.4696
9447	Otematata	Otago	New Zealand	-44.6078	170.191
9448	Omarama	Canterbury	New Zealand	-44.4885	169.9663
9471	Seacliff	Otago	New Zealand	-45.6833	170.6167
9472	Waikouaiti	Otago	New Zealand	-45.5884	170.6501
9481	Stoneburn	Otago	New Zealand	-45.4333	170.5667
9482	Katiki	Otago	New Zealand	-45.4	170.8333
9483	Macraes Flat	Otago	New Zealand	-45.3833	170.4333
9491	Tokarahi	Otago	New Zealand	-44.95	170.65
9492	Kauru Hill	Otago	New Zealand	-45.1	170.75
9493	Hilderthorpe	Otago	New Zealand	-44.9833	171.0667
9494	Island Cliff	Otago	New Zealand	-44.95	170.6667
9495	Herbert	Otago	New Zealand	-45.2333	170.7833
9498	Kaingapai	Canterbury	New Zealand	-44.6	170.5667
9500	Roxburgh	Otago	New Zealand	-45.5406	169.3147
9510	Waikouaiti		New Zealand	-45.9419	169.5499
9522	Tapanui	Otago	New Zealand	-45.9384	169.2601
9532	Lawrence	Otago	New Zealand	-45.9084	169.6901
9534	Clinton	Otago	New Zealand	-46.2	169.3667
9535	Owaka	Otago	New Zealand	-46.45	169.6667
9541	Waikouaiti		New Zealand	-46.032	169.479
9542	Tapanui	Otago	New Zealand	-45.9384	169.2601
9543	Lawrence	Otago	New Zealand	-45.9084	169.6901
9544	Millers Flat	Otago	New Zealand	-45.6631	169.4117
9546	Owaka	Otago	New Zealand	-46.45	169.6667
9548	Clinton	Otago	New Zealand	-46.2	169.3667
9571	Roxburgh Hydro	Otago	New Zealand	-45.4803	169.3128
9572	Millers Flat	Otago	New Zealand	-45.6631	169.4117
9583	Clinton	Otago	New Zealand	-46.2	169.3667
9584	Clinton	Otago	New Zealand	-46.2	169.3667
9585	New Haven	Otago	New Zealand	-46.4667	169.7167
9586	Puketiro	Otago	New Zealand	-46.4833	169.4833
9587	Park Hill	Otago	New Zealand	-45.8167	169.2167
9588	Raes Junction	Otago	New Zealand	-45.7833	169.4667
9591	Beaumont	Otago	New Zealand	-45.8225	169.5301
9593	Waitahuna	Otago	New Zealand	-45.9833	169.7667
9596	Ngapuna	Otago	New Zealand	-45.45	170.1667
9597	Rocklands	Otago	New Zealand	-45.6667	169.9833
9598	Ngapuna	Otago	New Zealand	-45.45	170.1667
9600	Te Anau	Southland	New Zealand	-45.4167	167.7167
9610	Otautau	Southland	New Zealand	-46.15	168
9620	Tuatapere	Southland	New Zealand	-46.1333	167.6833
9630	Nightcaps	Southland	New Zealand	-45.9667	168.0333
9635	Ohai	Southland	New Zealand	-45.9167	167.95
9640	Te Anau	Southland	New Zealand	-45.4167	167.7167
9641	Otautau	Southland	New Zealand	-46.15	168
9642	Tuatapere	Southland	New Zealand	-46.1333	167.6833
9643	Manapouri	Southland	New Zealand	-45.5669	167.6115
9644	Nightcaps	Southland	New Zealand	-45.9667	168.0333
9645	Ohai	Southland	New Zealand	-45.9167	167.95
9672	The Key	Southland	New Zealand	-45.55	167.9
9679	Te Anau	Southland	New Zealand	-45.4167	167.7167
9682	Eastern Bush	Southland	New Zealand	-45.9833	167.7667
9683	Fairfax	Southland	New Zealand	-46.2	168.05
9689	Ngaro	Southland	New Zealand	-45.9	167.9833
9691	Wairoto	Southland	New Zealand	-45.9833	167.6
9710	East Gore	Southland	New Zealand	-46.0884	168.9501
9712	Mataura	Southland	New Zealand	-46.1784	168.8501
9720	Winton	Southland	New Zealand	-46.15	168.3333
9730	Lumsden	Southland	New Zealand	-45.7333	168.45
9740	East Gore	Southland	New Zealand	-46.0884	168.9501
9741	Winton	Southland	New Zealand	-46.15	168.3333
9742	Lumsden	Southland	New Zealand	-45.7333	168.45
9743	Waikaka	Southland	New Zealand	-45.9167	169.0167
9744	Riversdale	Southland	New Zealand	-45.9	168.75
9745	Waikaia	Southland	New Zealand	-45.7333	168.85
9746	Balfour	Southland	New Zealand	-45.8333	168.5833
9747	Mossburn	Southland	New Zealand	-45.6667	168.25
9748	Kingston	Otago	New Zealand	-45.3333	168.7
9749	Athol	Southland	New Zealand	-45.5167	168.5833
9750	Garston	Southland	New Zealand	-45.4667	168.6833
9752	Dipton	Southland	New Zealand	-45.9	168.3667
9771	Conical Hills	Otago	New Zealand	-46.0667	169.2333
9772	Pukerau	Southland	New Zealand	-46.1	169.1
9773	Wendon Valley	Southland	New Zealand	-45.8833	168.9667
9774	Mataura	Southland	New Zealand	-46.1784	168.8501
9775	Waikoikoi	Otago	New Zealand	-46.0167	169.15
9776	Riversdale	Southland	New Zealand	-45.9	168.75
9777	Waipounamu	Southland	New Zealand	-45.85	168.7667
9778	Garston	Southland	New Zealand	-45.4667	168.6833
9779	Balfour	Southland	New Zealand	-45.8333	168.5833
9781	Lochiel	Southland	New Zealand	-46.2	168.3333
9782	Otapiri Gorge	Southland	New Zealand	-46.05	168.45
9783	South Hillend	Southland	New Zealand	-46.05	168.25
9791	Dipton	Southland	New Zealand	-45.9	168.3667
9792	Mossburn	Southland	New Zealand	-45.6667	168.25
9793	Kingston	Otago	New Zealand	-45.3333	168.7
9794	Lumsden	Southland	New Zealand	-45.7333	168.45
9810	Waverley	Southland	New Zealand	-46.3884	168.3801
9812	Tisbury	Southland	New Zealand	-46.45	168.4
9814	Bluff	Southland	New Zealand	-46.6	168.3333
9816	Wallacetown	Southland	New Zealand	-46.3333	168.2833
9818	Halfmoon Bay (Oban)	Southland	New Zealand	-46.8989	168.129
9822	Riverton	Southland	New Zealand	-46.35	168.0167
9825	Edendale	Southland	New Zealand	-46.3167	168.7833
9831	Wyndham	Southland	New Zealand	-46.3333	168.85
9840	Richmond	Southland	New Zealand	-46.4084	168.3601
9841	Glengarry	Southland	New Zealand	-46.3984	168.3701
9842	East End	Southland	New Zealand	-46.6042	168.3472
9843	Waikiwi	Southland	New Zealand	-46.3833	168.3333
9844	Strathern	Southland	New Zealand	-46.4284	168.3601
9845	Hawthorndale	Southland	New Zealand	-46.3984	168.3801
9846	Half-moon Bay		New Zealand	-46.4024	168.4223
9847	Riverton	Southland	New Zealand	-46.35	168.0167
9848	Edendale	Southland	New Zealand	-46.3167	168.7833
9849	Wyndham	Southland	New Zealand	-46.3333	168.85
9871	Woodlands	Southland	New Zealand	-46.3667	168.55
9872	Mabel Bush	Southland	New Zealand	-46.2833	168.5333
9874	Waianiwa	Southland	New Zealand	-46.3	168.2667
9875	Fortrose	Southland	New Zealand	-46.5667	168.8
9876	Makarewa	Southland	New Zealand	-46.3333	168.35
9877	Awarua Plains	Southland	New Zealand	-46.4833	168.3833
9879	Otatara	Southland	New Zealand	-46.4333	168.3
9881	Round Hill	Southland	New Zealand	-46.3167	167.8167
9883	Gummies Bush	Southland	New Zealand	-46.2833	168.0167
9884	Niagara	Southland	New Zealand	-46.6	169.1333
9891	Glenham	Southland	New Zealand	-46.4	168.85
9892	Mokoreta	Southland	New Zealand	-46.4333	169.0667
9893	Kamahi	Southland	New Zealand	-46.3333	168.7167
A41	Ballyboughal	Leinster	Ireland	53.5195	-6.2667
A42	Garristown	Leinster	Ireland	53.5661	-6.3856
A45	Oldtown	Leinster	Ireland	53.5253	-6.3156
A63	Greystones	Leinster	Ireland	53.1408	-6.0631
A67	Wicklow	Leinster	Ireland	52.975	-6.0494
A75	Castleblayney	Ulster	Ireland	54.1167	-6.7333
A81	Carrickmacross	Ulster	Ireland	53.9728	-6.7189
A82	Kells	Leinster	Ireland	53.7264	-6.8792
A83	Enfield	Leinster	Ireland	53.4142	-6.8323
A84	Ashbourne	Leinster	Ireland	53.5116	-6.3982
A85	Dunshaughlin	Leinster	Ireland	53.5125	-6.54
A86	Dunboyne	Leinster	Ireland	53.4	-6.4667
A91	Dundalk	Leinster	Ireland	54	-6.4167
A92	Drogheda	Leinster	Ireland	53.7189	-6.3478
A94	Blackrock	Leinster	Ireland	53.3015	-6.1778
A96	Dun Laoghaire	Leinster	Ireland	53.294	-6.1359
A98	Bray	Leinster	Ireland	53.2028	-6.0983
C15	Trim	Leinster	Ireland	53.555	-6.7917
D01	Dublin 1	Leinster	Ireland	53.354	-6.2545
D02	Dublin 2	Leinster	Ireland	53.34	-6.2543
D03	Dublin 3	Leinster	Ireland	53.3645	-6.2378
D04	Dublin 4	Leinster	Ireland	53.3334	-6.2335
D05	Dublin 5	Leinster	Ireland	53.3842	-6.1921
D06	Dublin 6	Leinster	Ireland	53.3088	-6.2631
D07	Dublin 7	Leinster	Ireland	53.3615	-6.2918
D08	Dublin 8	Leinster	Ireland	53.3346	-6.2733
D09	Dublin 9	Leinster	Ireland	53.3818	-6.2465
D10	Dublin 10	Leinster	Ireland	53.3409	-6.3545
D11	Dublin 11	Leinster	Ireland	53.3899	-6.293
D12	Dublin 12	Leinster	Ireland	53.322	-6.3165
D13	Dublin 13	Leinster	Ireland	53.3946	-6.1495
D14	Dublin 14	Leinster	Ireland	53.296	-6.2593
D15	Dublin 15	Leinster	Ireland	53.3832	-6.4165
D16	Dublin 16	Leinster	Ireland	53.3419	-6.279
D17	Dublin 17	Leinster	Ireland	53.4006	-6.2058
D18	Dublin 18	Leinster	Ireland	53.2469	-6.1774
D20	Dublin 20	Leinster	Ireland	53.3518	-6.3693
D22	Dublin 22	Leinster	Ireland	53.3275	-6.4006
D24	Dublin 24	Leinster	Ireland	53.2851	-6.3713
D6W	Dublin 6W	Leinster	Ireland	53.3087	-6.3012
E21	Cahir	Munster	Ireland	52.3769	-7.9217
E25	Cashel	Munster	Ireland	52.5158	-7.8856
E32	Carrick on Suir	Munster	Ireland	52.3492	-7.4131
E34	Tipperary	Munster	Ireland	52.4733	-8.1558
E41	Thurles	Munster	Ireland	52.6819	-7.8022
E45	Nenagh	Munster	Ireland	52.8619	-8.1967
E53	Roscrea	Munster	Ireland	52.9511	-7.8017
E91	Clonmel	Munster	Ireland	52.355	-7.7039
F12	Knock	Connacht	Ireland	53.7939	-8.9196
F23	Castlebar	Connacht	Ireland	53.85	-9.3
F26	Ballina	Connacht	Ireland	54.1167	-9.1667
F28	Westport	Connacht	Ireland	53.8	-9.5167
F31	Ballinrobe	Connacht	Ireland	53.6333	-9.2333
F35	Ballyhaunis	Connacht	Ireland	53.7667	-8.7667
F42	Roscommon	Connacht	Ireland	53.6333	-8.1833
F45	Castlerea	Connacht	Ireland	53.7667	-8.5
F52	Boyle	Connacht	Ireland	53.9667	-8.3
F56	Ballymote	Connacht	Ireland	54.0833	-8.5167
F91	Sligo	Connacht	Ireland	54.2697	-8.4694
F92	Letterkenny	Ulster	Ireland	54.95	-7.7333
F93	Lifford	Ulster	Ireland	54.8319	-7.4836
F94	Bundoran	Ulster	Ireland	54.4778	-8.2809
H12	Cavan	Ulster	Ireland	53.9908	-7.3606
H14	Belturbet	Ulster	Ireland	54.1	-7.45
H16	Cootehill	Ulster	Ireland	54.0725	-7.0819
H18	Monaghan	Ulster	Ireland	54.25	-6.9667
H23	Clones	Ulster	Ireland	54.1833	-7.2333
H53	Ballinasloe	Connacht	Ireland	53.3275	-8.2194
H54	Tuam	Connacht	Ireland	53.5167	-8.85
H62	Loughrea	Connacht	Ireland	53.1969	-8.5669
H65	Athenry	Connacht	Ireland	53.2964	-8.7431
H71	Clifden	Connacht	Ireland	53.4891	-10.0191
H91	Galway	Connacht	Ireland	53.2719	-9.0489
K32	Balbriggan	Leinster	Ireland	53.6128	-6.1819
K34	Skerries	Leinster	Ireland	53.5828	-6.1083
K36	Malahide	Leinster	Ireland	53.4508	-6.1544
K45	Lusk	Leinster	Ireland	53.5274	-6.1642
K56	Rush	Leinster	Ireland	53.5242	-6.105
K67	Swords	Leinster	Ireland	53.4597	-6.2181
K78	Lucan	Leinster	Ireland	53.3574	-6.4486
N37	Athlone	Leinster	Ireland	53.4228	-7.9372
N39	Longford	Leinster	Ireland	53.7254	-7.7982
N41	Carrick On Shannon	Connacht	Ireland	53.9469	-8.09
N91	Mullingar	Leinster	Ireland	53.5333	-7.35
P12	Macroom	Munster	Ireland	51.9	-8.95
P14	Crookstown	Leinster	Ireland	53.0153	-6.8106
P17	Kinsale	Munster	Ireland	51.7075	-8.5306
P24	Cobh	Munster	Ireland	51.8572	-8.2992
P25	Midleton	Munster	Ireland	51.9153	-8.1805
P31	Ballincollig	Munster	Ireland	51.8833	-8.5833
P32	Rylane	Munster	Ireland	51.9833	-8.8333
P36	Youghal	Munster	Ireland	51.95	-7.8506
P43	Carrigaline	Munster	Ireland	51.8117	-8.3986
P47	Dunmanway	Munster	Ireland	51.7167	-9.1167
P51	Mallow	Munster	Ireland	52.1333	-8.6333
P56	Charleville	Munster	Ireland	52.35	-8.6833
P61	Fermoy	Munster	Ireland	52.1358	-8.2758
P67	Mitchelstown	Munster	Ireland	52.2658	-8.2681
P72	Bandon	Munster	Ireland	51.7469	-8.7425
P75	Bantry	Munster	Ireland	51.6833	-9.45
P81	Skibbereen	Munster	Ireland	51.55	-9.2667
P85	Clonakilty	Munster	Ireland	51.6231	-8.8706
R14	Athy	Leinster	Ireland	52.9914	-6.9803
R21	Bagenalstown	Leinster	Ireland	52.7003	-6.9618
R32	Portlaoise	Leinster	Ireland	53.0344	-7.2998
R35	Tullamore	Leinster	Ireland	53.2739	-7.4889
R42	Birr	Leinster	Ireland	53.0914	-7.9133
R45	Edenderry	Leinster	Ireland	53.3453	-7.0497
R51	Kildare	Leinster	Ireland	53.1561	-6.9144
R56	Curragh	Leinster	Ireland	53.1469	-6.8304
R93	Carlow	Leinster	Ireland	52.8408	-6.9261
R95	Kilkenny	Leinster	Ireland	52.6542	-7.2522
T12	Cork city southside	Munster	Ireland	51.8728	-8.4902
T23	Cork city northside	Munster	Ireland	51.8972	-8.4702
T34	Carrignavar	Munster	Ireland	51.9886	-8.4797
T45	Glanmire	Munster	Ireland	51.9158	-8.3997
T56	Watergrasshill	Munster	Ireland	52.0114	-8.3442
V14	Shannon	Munster	Ireland	52.7039	-8.8642
V15	Kilrush	Munster	Ireland	52.6397	-9.4833
V23	Caherciveen	Munster	Ireland	51.9486	-10.2222
V31	Listowel	Munster	Ireland	52.4464	-9.485
V35	Kilmallock	Munster	Ireland	52.4	-8.5772
V42	Newcastle West	Munster	Ireland	52.4492	-9.0611
V92	Tralee	Munster	Ireland	52.2704	-9.7026
V93	Kenmare	Munster	Ireland	51.8833	-9.5833
V94	Limerick	Munster	Ireland	52.6647	-8.6231
V95	Miltown Malbay	Munster	Ireland	52.8553	-9.3983
W12	Newbridge	Leinster	Ireland	53.1819	-6.7967
W23	Maynooth	Leinster	Ireland	53.385	-6.5936
W34	Monasterevin	Leinster	Ireland	53.1406	-7.0664
W91	Naas	Leinster	Ireland	53.2158	-6.6669
X35	Dungarvan	Munster	Ireland	52.0881	-7.6253
X42	Kilmacthomas	Munster	Ireland	52.2097	-7.4258
X91	Waterford	Munster	Ireland	52.2583	-7.1119
Y14	Arklow	Leinster	Ireland	52.7931	-6.1414
Y21	Enniscorthy	Leinster	Ireland	52.5008	-6.5578
Y25	Gorey	Leinster	Ireland	52.6747	-6.2925
Y34	New Ross	Leinster	Ireland	52.3967	-6.9367
Y35	Wexford	Leinster	Ireland	52.3342	-6.4575
